{"type":"FeatureCollection","features":[{"type":"Feature","properties":{"kind":"network","id":"pv_0001","name":"Bosley's Abbotsford Village Shopping Centre","banner_or_chain":"Bosley's","competitor_type":null,"city":"Abbotsford","province":"BC","address":"303-2050 Sumas Way"},"geometry":{"type":"Point","coordinates":[-122.2689671,49.0392401]}},{"type":"Feature","properties":{"kind":"network","id":"pv_0002","name":"Bosley's Admirals Walk","banner_or_chain":"Bosley's","competitor_type":null,"city":"Victoria","province":"BC","address":"106-1497 Admirals Rd"},"geometry":{"type":"Point","coordinates":[-123.4282612,48.4479886]}},{"type":"Feature","properties":{"kind":"network","id":"pv_0003","name":"Bosley's Aldergrove","banner_or_chain":"Bosley's","competitor_type":null,"city":"Aldergrove","province":"BC","address":"250-26310 Fraser Hwy"},"geometry":{"type":"Point","coordinates":[-122.4942985,49.0586676]}},{"type":"Feature","properties":{"kind":"network","id":"pv_0004","name":"Bosley's Armstrong","banner_or_chain":"Bosley's","competitor_type":null,"city":"Armstrong","province":"BC","address":"9-3305 Smith Dr"},"geometry":{"type":"Point","coordinates":[-119.1850058,50.4467055]}},{"type":"Feature","properties":{"kind":"network","id":"pv_0005","name":"Bosley's Boundary Park","banner_or_chain":"Bosley's","competitor_type":null,"city":"Surrey","province":"BC","address":"139-6350 120 St"},"geometry":{"type":"Point","coordinates":[-122.8889507,49.1189063]}},{"type":"Feature","properties":{"kind":"network","id":"pv_0006","name":"Bosley's Bowen Road","banner_or_chain":"Bosley's","competitor_type":null,"city":"Nanaimo","province":"BC","address":"5-1708 Bowen Rd"},"geometry":{"type":"Point","coordinates":[-123.9787294,49.1815785]}},{"type":"Feature","properties":{"kind":"network","id":"pv_0007","name":"Bosley's Brandts Creek","banner_or_chain":"Bosley's","competitor_type":null,"city":"Kelowna","province":"BC","address":"505-1982 Kane Rd"},"geometry":{"type":"Point","coordinates":[-119.4395467,49.916002]}},{"type":"Feature","properties":{"kind":"network","id":"pv_0008","name":"Bosley's Brewery District","banner_or_chain":"Bosley's","competitor_type":null,"city":"New Westminster","province":"BC","address":"102-274 Nelson's Ct"},"geometry":{"type":"Point","coordinates":[-122.8907,49.2248533]}},{"type":"Feature","properties":{"kind":"network","id":"pv_0009","name":"Bosley's Brookswood","banner_or_chain":"Bosley's","competitor_type":null,"city":"Langley","province":"BC","address":"4070 200th St"},"geometry":{"type":"Point","coordinates":[-122.6689596,49.0763154]}},{"type":"Feature","properties":{"kind":"network","id":"pv_0010","name":"Bosley's Burnside","banner_or_chain":"Bosley's","competitor_type":null,"city":"Victoria","province":"BC","address":"491 East Burnside Rd"},"geometry":{"type":"Point","coordinates":[-123.3759539,48.4446773]}},{"type":"Feature","properties":{"kind":"network","id":"pv_0011","name":"Bosley's Campbell River","banner_or_chain":"Bosley's","competitor_type":null,"city":"Campbell River","province":"BC","address":"1400 Dogwood St"},"geometry":{"type":"Point","coordinates":[-125.2504387,50.0294555]}},{"type":"Feature","properties":{"kind":"network","id":"pv_0012","name":"Bosley's Chilliwack","banner_or_chain":"Bosley's","competitor_type":null,"city":"Chilliwack","province":"BC","address":"18-6014 Vedder Rd"},"geometry":{"type":"Point","coordinates":[-121.956185,49.111941]}},{"type":"Feature","properties":{"kind":"network","id":"pv_0013","name":"Bosley's Clarke Road","banner_or_chain":"Bosley's","competitor_type":null,"city":"Coquitlam","province":"BC","address":"504-552 Clarke Rd"},"geometry":{"type":"Point","coordinates":[-122.8890156,49.2610811]}},{"type":"Feature","properties":{"kind":"network","id":"pv_0014","name":"Bosley's Clearwater Shopping Centre","banner_or_chain":"Bosley's","competitor_type":null,"city":"Clearwater","province":"BC","address":"365 Murtle Cres"},"geometry":{"type":"Point","coordinates":[-120.0406945,51.6500866]}},{"type":"Feature","properties":{"kind":"network","id":"pv_0015","name":"Bosley's Cloverdale","banner_or_chain":"Bosley's","competitor_type":null,"city":"Surrey","province":"BC","address":"400-6466 176 St"},"geometry":{"type":"Point","coordinates":[-122.7337967,49.1196769]}},{"type":"Feature","properties":{"kind":"network","id":"pv_0016","name":"Bosley's Columbia Square","banner_or_chain":"Bosley's","competitor_type":null,"city":"New Westminster","province":"BC","address":"114-1015 Columbia St"},"geometry":{"type":"Point","coordinates":[-122.9177111,49.2003656]}},{"type":"Feature","properties":{"kind":"network","id":"pv_0017","name":"Bosley's Colwood","banner_or_chain":"Bosley's","competitor_type":null,"city":"Colwood","province":"BC","address":"3-1905 Sooke Rd"},"geometry":{"type":"Point","coordinates":[-123.4683426,48.4416644]}},{"type":"Feature","properties":{"kind":"network","id":"pv_0018","name":"Bosley's Comox","banner_or_chain":"Bosley's","competitor_type":null,"city":"Comox","province":"BC","address":"2-2225 Guthrie Rd"},"geometry":{"type":"Point","coordinates":[-124.9447705,49.6882321]}},{"type":"Feature","properties":{"kind":"network","id":"pv_0019","name":"Bosley's Coquitlam Lougheed","banner_or_chain":"Bosley's","competitor_type":null,"city":"Coquitlam","province":"BC","address":"D-1301 Lougheed Hwy"},"geometry":{"type":"Point","coordinates":[-122.8568299,49.234806]}},{"type":"Feature","properties":{"kind":"network","id":"pv_0020","name":"Bosley's Courtenay","banner_or_chain":"Bosley's","competitor_type":null,"city":"Courtenay","province":"BC","address":"9-3185 Cliffe Ave"},"geometry":{"type":"Point","coordinates":[-124.9790091,49.6678872]}},{"type":"Feature","properties":{"kind":"network","id":"pv_0021","name":"Bosley's Delta","banner_or_chain":"Bosley's","competitor_type":null,"city":"Delta","province":"BC","address":"100-8067 120th St"},"geometry":{"type":"Point","coordinates":[-122.8911467,49.150262]}},{"type":"Feature","properties":{"kind":"network","id":"pv_0022","name":"Bosley's Denman St","banner_or_chain":"Bosley's","competitor_type":null,"city":"Vancouver","province":"BC","address":"1005 Denman St"},"geometry":{"type":"Point","coordinates":[-123.1391364,49.2893209]}},{"type":"Feature","properties":{"kind":"network","id":"pv_0023","name":"Bosley's Dollarton Village","banner_or_chain":"Bosley's","competitor_type":null,"city":"North Vancouver","province":"BC","address":"489 Dollarton Hwy N"},"geometry":{"type":"Point","coordinates":[-122.9535867,49.3076181]}},{"type":"Feature","properties":{"kind":"network","id":"pv_0024","name":"Bosley's Duncan","banner_or_chain":"Bosley's","competitor_type":null,"city":"Duncan","province":"BC","address":"105-3000 Drinkwater Rd"},"geometry":{"type":"Point","coordinates":[-123.7196121,48.8019692]}},{"type":"Feature","properties":{"kind":"network","id":"pv_0025","name":"Bosley's Eagle Creek Village","banner_or_chain":"Bosley's","competitor_type":null,"city":"View Royal","province":"BC","address":"120-19 Helmcken Rd"},"geometry":{"type":"Point","coordinates":[-123.4263207,48.4686275]}},{"type":"Feature","properties":{"kind":"network","id":"pv_0026","name":"Bosley's Eagle Ridge","banner_or_chain":"Bosley's","competitor_type":null,"city":"Coquitlam","province":"BC","address":"2-2565 Barnet Hwy"},"geometry":{"type":"Point","coordinates":[-122.8194726,49.2784166]}},{"type":"Feature","properties":{"kind":"network","id":"pv_0027","name":"Bosley's Edwards Crossing Chilliwack","banner_or_chain":"Bosley's","competitor_type":null,"city":"Chilliwack","province":"BC","address":"7-45955 Yale Rd"},"geometry":{"type":"Point","coordinates":[-121.9586437,49.168163]}},{"type":"Feature","properties":{"kind":"network","id":"pv_0028","name":"Bosley's Esplanade","banner_or_chain":"Bosley's","competitor_type":null,"city":"North Vancouver","province":"BC","address":"206 & 208 Esplanade W"},"geometry":{"type":"Point","coordinates":[-123.0828462,49.3127972]}},{"type":"Feature","properties":{"kind":"network","id":"pv_0029","name":"Bosley's Esquimalt","banner_or_chain":"Bosley's","competitor_type":null,"city":"Victoria","province":"BC","address":"15-1153 Esquimalt Rd"},"geometry":{"type":"Point","coordinates":[-123.4105698,48.4292728]}},{"type":"Feature","properties":{"kind":"network","id":"pv_0030","name":"Bosley's Exhibition Place","banner_or_chain":"Bosley's","competitor_type":null,"city":"Vancouver","province":"BC","address":"101-2828 Hastings St E"},"geometry":{"type":"Point","coordinates":[-123.0459757,49.2808268]}},{"type":"Feature","properties":{"kind":"network","id":"pv_0031","name":"Bosley's Fraser Highway","banner_or_chain":"Bosley's","competitor_type":null,"city":"Surrey","province":"BC","address":"106-15428 Fraser Hwy"},"geometry":{"type":"Point","coordinates":[-122.7947222,49.1630556]}},{"type":"Feature","properties":{"kind":"network","id":"pv_0032","name":"Bosley's Gladstone Living","banner_or_chain":"Bosley's","competitor_type":null,"city":"Vancouver","province":"BC","address":"2185 Kingsway"},"geometry":{"type":"Point","coordinates":[-123.0620218,49.2438791]}},{"type":"Feature","properties":{"kind":"network","id":"pv_0033","name":"Bosley's Guildford Village","banner_or_chain":"Bosley's","competitor_type":null,"city":"Surrey","province":"BC","address":"108-15679 104 Ave"},"geometry":{"type":"Point","coordinates":[-122.7875519,49.19263129]}},{"type":"Feature","properties":{"kind":"network","id":"pv_0034","name":"Bosley's Harris Green","banner_or_chain":"Bosley's","competitor_type":null,"city":"Victoria","province":"BC","address":"110-911 Yates St"},"geometry":{"type":"Point","coordinates":[-123.3581099,48.425585]}},{"type":"Feature","properties":{"kind":"network","id":"pv_0035","name":"Bosley's Homer Street","banner_or_chain":"Bosley's","competitor_type":null,"city":"Vancouver","province":"BC","address":"839 Homer St"},"geometry":{"type":"Point","coordinates":[-123.1177575,49.2791466]}},{"type":"Feature","properties":{"kind":"network","id":"pv_0036","name":"Bosley's Invermere","banner_or_chain":"Bosley's","competitor_type":null,"city":"Invermere","province":"BC","address":"514 13th St"},"geometry":{"type":"Point","coordinates":[-116.0255834,50.5038567]}},{"type":"Feature","properties":{"kind":"network","id":"pv_0037","name":"Bosley's Ironwood","banner_or_chain":"Bosley's","competitor_type":null,"city":"Richmond","province":"BC","address":"2030-11662 Steveston Hwy"},"geometry":{"type":"Point","coordinates":[-123.0950675,49.1330655]}},{"type":"Feature","properties":{"kind":"network","id":"pv_0038","name":"Bosley's Island Highway","banner_or_chain":"Bosley's","competitor_type":null,"city":"Nanaimo","province":"BC","address":"1-6894 Island Hwy"},"geometry":{"type":"Point","coordinates":[-124.0506289,49.2402589]}},{"type":"Feature","properties":{"kind":"network","id":"pv_0039","name":"Bosley's Kamloops","banner_or_chain":"Bosley's","competitor_type":null,"city":"Kamloops","province":"BC","address":"405-1801 Princeton Kamloops Hwy"},"geometry":{"type":"Point","coordinates":[-120.3671692,50.6529995]}},{"type":"Feature","properties":{"kind":"network","id":"pv_0040","name":"Bosley's Kelowna","banner_or_chain":"Bosley's","competitor_type":null,"city":"Kelowna","province":"BC","address":"17-3155 Lakeshore Rd"},"geometry":{"type":"Point","coordinates":[-119.4901752,49.8597864]}},{"type":"Feature","properties":{"kind":"network","id":"pv_0041","name":"Bosley's Kitsilano","banner_or_chain":"Bosley's","competitor_type":null,"city":"Vancouver","province":"BC","address":"3045 Broadway W"},"geometry":{"type":"Point","coordinates":[-123.1728514,49.2643598]}},{"type":"Feature","properties":{"kind":"network","id":"pv_0042","name":"Bosley's Ladner","banner_or_chain":"Bosley's","competitor_type":null,"city":"Ladner","province":"BC","address":"D-5263 Ladner Trunk Rd"},"geometry":{"type":"Point","coordinates":[-123.0780691,49.0904741]}},{"type":"Feature","properties":{"kind":"network","id":"pv_0043","name":"Bosley's Ladysmith","banner_or_chain":"Bosley's","competitor_type":null,"city":"Ladysmith","province":"BC","address":"370 Davis Rd"},"geometry":{"type":"Point","coordinates":[-123.8038861,48.9777324999999]}},{"type":"Feature","properties":{"kind":"network","id":"pv_0044","name":"Bosley's Lake Country","banner_or_chain":"Bosley's","competitor_type":null,"city":"Winfield","province":"BC","address":"200-9950 Main St"},"geometry":{"type":"Point","coordinates":[-119.404727,50.0262965]}},{"type":"Feature","properties":{"kind":"network","id":"pv_0045","name":"Bosley's Langley","banner_or_chain":"Bosley's","competitor_type":null,"city":"Langley","province":"BC","address":"G13-20202 66th Ave"},"geometry":{"type":"Point","coordinates":[-122.6641801,49.1201736]}},{"type":"Feature","properties":{"kind":"network","id":"pv_0046","name":"Bosley's Lougheed Hwy","banner_or_chain":"Bosley's","competitor_type":null,"city":"Burnaby","province":"BC","address":"5757 Lougheed Hwy"},"geometry":{"type":"Point","coordinates":[-122.9807152,49.2651616]}},{"type":"Feature","properties":{"kind":"network","id":"pv_0047","name":"Bosley's Lynn Valley Village","banner_or_chain":"Bosley's","competitor_type":null,"city":"North Vancouver","province":"BC","address":"101-1233 Lynn Valley Rd"},"geometry":{"type":"Point","coordinates":[-123.0386411,49.335926]}},{"type":"Feature","properties":{"kind":"network","id":"pv_0048","name":"Bosley's Maple Ridge","banner_or_chain":"Bosley's","competitor_type":null,"city":"Maple Ridge","province":"BC","address":"22745 Dewdney Trunk Rd"},"geometry":{"type":"Point","coordinates":[-122.5916814,49.2208139]}},{"type":"Feature","properties":{"kind":"network","id":"pv_0049","name":"Bosley's Metrotown Moneytree","banner_or_chain":"Bosley's","competitor_type":null,"city":"Burnaby","province":"BC","address":"5057 Kingsway"},"geometry":{"type":"Point","coordinates":[-122.9912781,49.22606411]}},{"type":"Feature","properties":{"kind":"network","id":"pv_0050","name":"Bosley's Mill Bay","banner_or_chain":"Bosley's","competitor_type":null,"city":"Mill Bay","province":"BC","address":"220-2720 Mill Bay Rd"},"geometry":{"type":"Point","coordinates":[-123.5589055,48.6506301]}},{"type":"Feature","properties":{"kind":"network","id":"pv_0051","name":"Bosley's Mission","banner_or_chain":"Bosley's","competitor_type":null,"city":"Mission","province":"BC","address":"255-32530 Lougheed Hwy"},"geometry":{"type":"Point","coordinates":[-122.3236933,49.1319158]}},{"type":"Feature","properties":{"kind":"network","id":"pv_0052","name":"Bosley's Mission Stave Lake St","banner_or_chain":"Bosley's","competitor_type":null,"city":"Mission","province":"BC","address":"F-7871 Stave Lake St"},"geometry":{"type":"Point","coordinates":[-122.2920491,49.1450109]}},{"type":"Feature","properties":{"kind":"network","id":"pv_0053","name":"Bosley's Mission Village","banner_or_chain":"Bosley's","competitor_type":null,"city":"Kelowna","province":"BC","address":"1080 Frost Rd"},"geometry":{"type":"Point","coordinates":[-119.472616,49.8039709]}},{"type":"Feature","properties":{"kind":"network","id":"pv_0054","name":"Bosley's Murrayville","banner_or_chain":"Bosley's","competitor_type":null,"city":"Langley","province":"BC","address":"200-22196 50th Ave"},"geometry":{"type":"Point","coordinates":[-122.6078462,49.0927073]}},{"type":"Feature","properties":{"kind":"network","id":"pv_0055","name":"Bosley's Nolo","banner_or_chain":"Bosley's","competitor_type":null,"city":"Vancouver","province":"BC","address":"2886 Commercial Dr"},"geometry":{"type":"Point","coordinates":[-123.0694946,49.2588383]}},{"type":"Feature","properties":{"kind":"network","id":"pv_0056","name":"Bosley's Nordel Way","banner_or_chain":"Bosley's","competitor_type":null,"city":"Surrey","province":"BC","address":"C115-12477 88 Ave"},"geometry":{"type":"Point","coordinates":[-122.8770489,49.1641454]}},{"type":"Feature","properties":{"kind":"network","id":"pv_0057","name":"Bosley's Norgate Ctr North Vancouver","banner_or_chain":"Bosley's","competitor_type":null,"city":"North Vancouver","province":"BC","address":"1493 Marine Dr"},"geometry":{"type":"Point","coordinates":[-123.1143516,49.3237615]}},{"type":"Feature","properties":{"kind":"network","id":"pv_0058","name":"Bosley's North Vancouver","banner_or_chain":"Bosley's","competitor_type":null,"city":"North Vancouver","province":"BC","address":"1905 Lonsdale Ave"},"geometry":{"type":"Point","coordinates":[-123.0725259,49.3264774]}},{"type":"Feature","properties":{"kind":"network","id":"pv_0059","name":"Bosley's Northwoods Village","banner_or_chain":"Bosley's","competitor_type":null,"city":"North Vancouver","province":"BC","address":"102-2180 Dollarton Hwy"},"geometry":{"type":"Point","coordinates":[-123.0150352,49.3061518]}},{"type":"Feature","properties":{"kind":"network","id":"pv_0060","name":"Bosley's Oak Bay","banner_or_chain":"Bosley's","competitor_type":null,"city":"Victoria","province":"BC","address":"2154 Oak Bay Ave"},"geometry":{"type":"Point","coordinates":[-123.31723,48.426511]}},{"type":"Feature","properties":{"kind":"network","id":"pv_0061","name":"Bosley's Okanagan Lake Mall","banner_or_chain":"Bosley's","competitor_type":null,"city":"West Kelowna","province":"BC","address":"406-525 Hwy 97"},"geometry":{"type":"Point","coordinates":[-119.53499,49.88027]}},{"type":"Feature","properties":{"kind":"network","id":"pv_0062","name":"Bosley's Oliver","banner_or_chain":"Bosley's","competitor_type":null,"city":"Oliver","province":"BC","address":"112-5717 Main St"},"geometry":{"type":"Point","coordinates":[-119.555162979762,49.1718352166225]}},{"type":"Feature","properties":{"kind":"network","id":"pv_0063","name":"Bosley's Parkland Mall","banner_or_chain":"Bosley's","competitor_type":null,"city":"Sicamous","province":"BC","address":"2-1133 Eagle Pass Way"},"geometry":{"type":"Point","coordinates":[-118.978352,50.83481]}},{"type":"Feature","properties":{"kind":"network","id":"pv_0064","name":"Bosley's Parksville","banner_or_chain":"Bosley's","competitor_type":null,"city":"Parksville","province":"BC","address":"280 East Island Hwy"},"geometry":{"type":"Point","coordinates":[-124.3051133,49.3192306]}},{"type":"Feature","properties":{"kind":"network","id":"pv_0065","name":"Bosley's Peachland","banner_or_chain":"Bosley's","competitor_type":null,"city":"Peachland","province":"BC","address":"50-5500 Clement Ave"},"geometry":{"type":"Point","coordinates":[-119.7175668,49.7843524]}},{"type":"Feature","properties":{"kind":"network","id":"pv_0066","name":"Bosley's Penticton","banner_or_chain":"Bosley's","competitor_type":null,"city":"Penticton","province":"BC","address":"106-251 Green Ave W"},"geometry":{"type":"Point","coordinates":[-119.5892794,49.4633596]}},{"type":"Feature","properties":{"kind":"network","id":"pv_0067","name":"Bosley's Pitt Meadows","banner_or_chain":"Bosley's","competitor_type":null,"city":"Pitt Meadows","province":"BC","address":"920-19800 Lougheed Hwy"},"geometry":{"type":"Point","coordinates":[-122.670874,49.221792]}},{"type":"Feature","properties":{"kind":"network","id":"pv_0068","name":"Bosley's Port Alberni","banner_or_chain":"Bosley's","competitor_type":null,"city":"Port Alberni","province":"BC","address":"203-3555 Johnston Rd"},"geometry":{"type":"Point","coordinates":[-124.7858397,49.2664561]}},{"type":"Feature","properties":{"kind":"network","id":"pv_0069","name":"Bosley's Port Coquitlam","banner_or_chain":"Bosley's","competitor_type":null,"city":"Port Coquitlam","province":"BC","address":"3130-2850 Shaughnessy St"},"geometry":{"type":"Point","coordinates":[-122.778275,49.265077]}},{"type":"Feature","properties":{"kind":"network","id":"pv_0070","name":"Bosley's Prince George","banner_or_chain":"Bosley's","competitor_type":null,"city":"Prince George","province":"BC","address":"102-2482 Ferry Ave"},"geometry":{"type":"Point","coordinates":[-122.7703708,53.889853]}},{"type":"Feature","properties":{"kind":"network","id":"pv_0071","name":"Bosley's Queensborough Landing","banner_or_chain":"Bosley's","competitor_type":null,"city":"New Westminster","province":"BC","address":"N200-805 Boyd St"},"geometry":{"type":"Point","coordinates":[-122.9486211,49.191795]}},{"type":"Feature","properties":{"kind":"network","id":"pv_0072","name":"Bosley's Quesnel","banner_or_chain":"Bosley's","competitor_type":null,"city":"Quesnel","province":"BC","address":"102-155 Malcolm Dr"},"geometry":{"type":"Point","coordinates":[-122.50624,52.9737014]}},{"type":"Feature","properties":{"kind":"network","id":"pv_0073","name":"Bosley's Richmond Garden City","banner_or_chain":"Bosley's","competitor_type":null,"city":"Richmond","province":"BC","address":"1120-4731 McClelland Rd"},"geometry":{"type":"Point","coordinates":[-123.1226288,49.1784859]}},{"type":"Feature","properties":{"kind":"network","id":"pv_0074","name":"Bosley's Royal Oak","banner_or_chain":"Bosley's","competitor_type":null,"city":"Victoria","province":"BC","address":"104-4478 West Saanich Rd"},"geometry":{"type":"Point","coordinates":[-123.3881366,48.4929742]}},{"type":"Feature","properties":{"kind":"network","id":"pv_0075","name":"Bosley's Shelbourne","banner_or_chain":"Bosley's","competitor_type":null,"city":"Victoria","province":"BC","address":"215-3749 Shelbourne St"},"geometry":{"type":"Point","coordinates":[-123.3317987,48.4617584]}},{"type":"Feature","properties":{"kind":"network","id":"pv_0076","name":"Bosley's Sidney","banner_or_chain":"Bosley's","competitor_type":null,"city":"Sidney","province":"BC","address":"4-2353 Bevan Ave"},"geometry":{"type":"Point","coordinates":[-123.402309,48.6473421]}},{"type":"Feature","properties":{"kind":"network","id":"pv_0077","name":"Bosley's Soho Kelowna","banner_or_chain":"Bosley's","competitor_type":null,"city":"Kelowna","province":"BC","address":"191 Hollywood Rd S"},"geometry":{"type":"Point","coordinates":[-119.3987407,49.8879961]}},{"type":"Feature","properties":{"kind":"network","id":"pv_0078","name":"Bosley's Sooke","banner_or_chain":"Bosley's","competitor_type":null,"city":"Sooke","province":"BC","address":"1350-6660 Sooke Rd"},"geometry":{"type":"Point","coordinates":[-123.7217051,48.3789768]}},{"type":"Feature","properties":{"kind":"network","id":"pv_0079","name":"Bosley's South Fraser Way","banner_or_chain":"Bosley's","competitor_type":null,"city":"Abbotsford","province":"BC","address":"D20-32500 South Fraser Way"},"geometry":{"type":"Point","coordinates":[-122.324581,49.0504968]}},{"type":"Feature","properties":{"kind":"network","id":"pv_0080","name":"Bosley's Southgate","banner_or_chain":"Bosley's","competitor_type":null,"city":"Nanaimo","province":"BC","address":"115A-50 Tenth St"},"geometry":{"type":"Point","coordinates":[-123.9227993,49.1318733]}},{"type":"Feature","properties":{"kind":"network","id":"pv_0081","name":"Bosley's Squamish","banner_or_chain":"Bosley's","competitor_type":null,"city":"Squamish","province":"BC","address":"170-1200 Hunter Place"},"geometry":{"type":"Point","coordinates":[-123.1468286,49.7034126]}},{"type":"Feature","properties":{"kind":"network","id":"pv_0082","name":"Bosley's Steveston Village","banner_or_chain":"Bosley's","competitor_type":null,"city":"Richmond","province":"BC","address":"4180 Bayview St"},"geometry":{"type":"Point","coordinates":[-123.1782774,49.1231434]}},{"type":"Feature","properties":{"kind":"network","id":"pv_0083","name":"Bosley's Sumas Mountain","banner_or_chain":"Bosley's","competitor_type":null,"city":"Abbotsford","province":"BC","address":"2362 Whatcom Rd"},"geometry":{"type":"Point","coordinates":[-122.2225585,49.0445576]}},{"type":"Feature","properties":{"kind":"network","id":"pv_0084","name":"Bosley's Summerfair Shopping Centre","banner_or_chain":"Bosley's","competitor_type":null,"city":"Summerland","province":"BC","address":"10-7519 Prairie Valley Rd"},"geometry":{"type":"Point","coordinates":[-119.66633,49.6026]}},{"type":"Feature","properties":{"kind":"network","id":"pv_0085","name":"Bosley's Tabor Plaza","banner_or_chain":"Bosley's","competitor_type":null,"city":"Prince George","province":"BC","address":"100 Tabor Blvd"},"geometry":{"type":"Point","coordinates":[-122.8022629,53.9264458]}},{"type":"Feature","properties":{"kind":"network","id":"pv_0086","name":"Bosley's Terra Nova","banner_or_chain":"Bosley's","competitor_type":null,"city":"Richmond","province":"BC","address":"130-3675 Westminster Hwy"},"geometry":{"type":"Point","coordinates":[-123.1821451,49.1710783]}},{"type":"Feature","properties":{"kind":"network","id":"pv_0087","name":"Bosley's The Comma","banner_or_chain":"Bosley's","competitor_type":null,"city":"Vancouver","province":"BC","address":"3425 Fraser St"},"geometry":{"type":"Point","coordinates":[-123.0904084,49.2544163]}},{"type":"Feature","properties":{"kind":"network","id":"pv_0088","name":"Bosley's Thunderbird Village","banner_or_chain":"Bosley's","competitor_type":null,"city":"Langley","province":"BC","address":"D107-20159 88 Ave"},"geometry":{"type":"Point","coordinates":[-122.6647159,49.1657277]}},{"type":"Feature","properties":{"kind":"network","id":"pv_0089","name":"Bosley's Tsawwassen","banner_or_chain":"Bosley's","competitor_type":null,"city":"Tsawwassen","province":"BC","address":"B-1215 56th St"},"geometry":{"type":"Point","coordinates":[-123.0695356,49.0252078]}},{"type":"Feature","properties":{"kind":"network","id":"pv_0090","name":"Bosley's University Village","banner_or_chain":"Bosley's","competitor_type":null,"city":"Nanaimo","province":"BC","address":"505-530 Fifth St"},"geometry":{"type":"Point","coordinates":[-123.9507356,49.1565647]}},{"type":"Feature","properties":{"kind":"network","id":"pv_0091","name":"Bosley's Valleyview Square","banner_or_chain":"Bosley's","competitor_type":null,"city":"Kamloops","province":"BC","address":"2121 Trans Canada Hwy E"},"geometry":{"type":"Point","coordinates":[-119.289722,50.6984013]}},{"type":"Feature","properties":{"kind":"network","id":"pv_0092","name":"Bosley's Vancouver River District","banner_or_chain":"Bosley's","competitor_type":null,"city":"Vancouver","province":"BC","address":"1-8515 River District Cross"},"geometry":{"type":"Point","coordinates":[-123.0309379,49.2065136]}},{"type":"Feature","properties":{"kind":"network","id":"pv_0093","name":"Bosley's Vernon","banner_or_chain":"Bosley's","competitor_type":null,"city":"Vernon","province":"BC","address":"210-2306 Hwy 6"},"geometry":{"type":"Point","coordinates":[-119.2652199,50.2561699]}},{"type":"Feature","properties":{"kind":"network","id":"pv_0094","name":"Bosley's Victoria Drive","banner_or_chain":"Bosley's","competitor_type":null,"city":"Vancouver","province":"BC","address":"6914 Victoria Dr"},"geometry":{"type":"Point","coordinates":[-123.0653057,49.221042]}},{"type":"Feature","properties":{"kind":"network","id":"pv_0095","name":"Bosley's West 41st","banner_or_chain":"Bosley's","competitor_type":null,"city":"Vancouver","province":"BC","address":"3502 41st Ave W"},"geometry":{"type":"Point","coordinates":[-123.182402,49.2346047]}},{"type":"Feature","properties":{"kind":"network","id":"pv_0096","name":"Bosley's West 6th","banner_or_chain":"Bosley's","competitor_type":null,"city":"Vancouver","province":"BC","address":"814 6th Ave W"},"geometry":{"type":"Point","coordinates":[-123.1220802,49.265613]}},{"type":"Feature","properties":{"kind":"network","id":"pv_0097","name":"Bosley's West Vancouver Marine Dr","banner_or_chain":"Bosley's","competitor_type":null,"city":"West Vancouver","province":"BC","address":"2403 Marine Dr"},"geometry":{"type":"Point","coordinates":[-123.17956,49.3344609]}},{"type":"Feature","properties":{"kind":"network","id":"pv_0098","name":"Bosley's Westbank","banner_or_chain":"Bosley's","competitor_type":null,"city":"Westbank","province":"BC","address":"109-3610 Carrington Rd"},"geometry":{"type":"Point","coordinates":[-119.6156991,49.834676]}},{"type":"Feature","properties":{"kind":"network","id":"pv_0099","name":"Bosley's Westshore Village","banner_or_chain":"Bosley's","competitor_type":null,"city":"Victoria","province":"BC","address":"147-2955 Phipps Rd"},"geometry":{"type":"Point","coordinates":[-123.5063009,48.4389401]}},{"type":"Feature","properties":{"kind":"network","id":"pv_0100","name":"Bosley's Westwood Mall","banner_or_chain":"Bosley's","competitor_type":null,"city":"Coquitlam","province":"BC","address":"3000 Lougheed Hwy"},"geometry":{"type":"Point","coordinates":[-122.7948322,49.2741882]}},{"type":"Feature","properties":{"kind":"network","id":"pv_0101","name":"Bosley's Whistler Marketplace","banner_or_chain":"Bosley's","competitor_type":null,"city":"Whistler","province":"BC","address":"137-4370 Lorimer Rd"},"geometry":{"type":"Point","coordinates":[-122.957624,50.1200457]}},{"type":"Feature","properties":{"kind":"network","id":"pv_0102","name":"Bosley's White Rock-Central Plaza","banner_or_chain":"Bosley's","competitor_type":null,"city":"White Rock","province":"BC","address":"15182 North Bluff Rd"},"geometry":{"type":"Point","coordinates":[-122.8016849,49.030435]}},{"type":"Feature","properties":{"kind":"network","id":"pv_0103","name":"Bosley's Williams Lake","banner_or_chain":"Bosley's","competitor_type":null,"city":"Williams Lake","province":"BC","address":"705-1185 Prosperity Way"},"geometry":{"type":"Point","coordinates":[-122.1254175,52.1134173]}},{"type":"Feature","properties":{"kind":"network","id":"pv_0104","name":"Bosley's Yaletown","banner_or_chain":"Bosley's","competitor_type":null,"city":"Vancouver","province":"BC","address":"1087 Marinaside Crescent"},"geometry":{"type":"Point","coordinates":[-123.1183076,49.2736207]}},{"type":"Feature","properties":{"kind":"network","id":"pv_0105","name":"Chico Alma","banner_or_chain":"Chico","competitor_type":null,"city":"Alma","province":"QC","address":"705 Avenue du Pont Nord local 101"},"geometry":{"type":"Point","coordinates":[-71.6390256,48.5621728]}},{"type":"Feature","properties":{"kind":"network","id":"pv_0106","name":"Chico Amos","banner_or_chain":"Chico","competitor_type":null,"city":"Amos","province":"QC","address":"22 Rue Principale Sud suite 1"},"geometry":{"type":"Point","coordinates":[-78.115139624606,48.570413321838]}},{"type":"Feature","properties":{"kind":"network","id":"pv_0107","name":"Chico Avenue Cartier","banner_or_chain":"Chico","competitor_type":null,"city":"Qu\u00e9bec","province":"QC","address":"1194 Avenue Cartier"},"geometry":{"type":"Point","coordinates":[-71.2245913,46.8024094]}},{"type":"Feature","properties":{"kind":"network","id":"pv_0108","name":"Chico Aylmer","banner_or_chain":"Chico","competitor_type":null,"city":"Gatineau","province":"QC","address":"505 Chemin Vanier"},"geometry":{"type":"Point","coordinates":[-75.8090436,45.4167922]}},{"type":"Feature","properties":{"kind":"network","id":"pv_0109","name":"Chico Baie-d\u2019Urf\u00e9","banner_or_chain":"Chico","competitor_type":null,"city":"Baie-d'Urf\u00e9","province":"QC","address":"90 Rue Morgan"},"geometry":{"type":"Point","coordinates":[-73.9175283,45.4174736]}},{"type":"Feature","properties":{"kind":"network","id":"pv_0110","name":"Chico Beauharnois","banner_or_chain":"Chico","competitor_type":null,"city":"Beauharnois","province":"QC","address":"534 Boulevard Cadieux local 103"},"geometry":{"type":"Point","coordinates":[-73.864073,45.305601]}},{"type":"Feature","properties":{"kind":"network","id":"pv_0111","name":"Chico Beauport","banner_or_chain":"Chico","competitor_type":null,"city":"Qu\u00e9bec","province":"QC","address":"2414 Boulevard Louis-XIV"},"geometry":{"type":"Point","coordinates":[-71.014110621289,46.996634922668]}},{"type":"Feature","properties":{"kind":"network","id":"pv_0112","name":"Chico Bellefeuille (Saint-J\u00e9r\u00f4me)","banner_or_chain":"Chico","competitor_type":null,"city":"Saint-J\u00e9r\u00f4me","province":"QC","address":"9 Boulevard de la Salette"},"geometry":{"type":"Point","coordinates":[-74.0299961,45.7949828]}},{"type":"Feature","properties":{"kind":"network","id":"pv_0113","name":"Chico Beloeil","banner_or_chain":"Chico","competitor_type":null,"city":"Beloeil","province":"QC","address":"841 Boulevard Yvon l\u2019Heureux Nord"},"geometry":{"type":"Point","coordinates":[-73.2150681,45.5781265]}},{"type":"Feature","properties":{"kind":"network","id":"pv_0114","name":"Chico Berthierville","banner_or_chain":"Chico","competitor_type":null,"city":"Berthierville","province":"QC","address":"846 Boulevard Gilles Villeneuve"},"geometry":{"type":"Point","coordinates":[-73.1890025,46.085998]}},{"type":"Feature","properties":{"kind":"network","id":"pv_0115","name":"Chico Blainville","banner_or_chain":"Chico","competitor_type":null,"city":"Blainville","province":"QC","address":"1375 Boulevard Mich\u00e8le-Bohec local 104"},"geometry":{"type":"Point","coordinates":[-73.912863600923,45.679162935269]}},{"type":"Feature","properties":{"kind":"network","id":"pv_0116","name":"Chico Bois-des-Filion","banner_or_chain":"Chico","competitor_type":null,"city":"Bois-des-Filion","province":"QC","address":"365 Boulevard Adolphe-Chapleau"},"geometry":{"type":"Point","coordinates":[-73.7548043,45.6705966]}},{"type":"Feature","properties":{"kind":"network","id":"pv_0117","name":"Chico Boisbriand","banner_or_chain":"Chico","competitor_type":null,"city":"Boisbriand","province":"QC","address":"39 Chemin de la Grande-C\u00f4te"},"geometry":{"type":"Point","coordinates":[-73.8128351,45.6189823]}},{"type":"Feature","properties":{"kind":"network","id":"pv_0118","name":"Chico Boucherville","banner_or_chain":"Chico","competitor_type":null,"city":"Boucherville","province":"QC","address":"540 Rue D'Avaugour local 1100"},"geometry":{"type":"Point","coordinates":[-73.4291214,45.5879946]}},{"type":"Feature","properties":{"kind":"network","id":"pv_0119","name":"Chico Boulevard Gr\u00e9ber","banner_or_chain":"Chico","competitor_type":null,"city":"Gatineau","province":"QC","address":"200 Boulevard Gr\u00e9ber local M1-A"},"geometry":{"type":"Point","coordinates":[-75.7024392,45.4732319]}},{"type":"Feature","properties":{"kind":"network","id":"pv_0120","name":"Chico Boulevard Saint-Laurent (Montr\u00e9al)","banner_or_chain":"Chico","competitor_type":null,"city":"Petite-Italie","province":"QC","address":"7001 Boulevard Saint-Laurent"},"geometry":{"type":"Point","coordinates":[-73.6159086,45.5338337]}},{"type":"Feature","properties":{"kind":"network","id":"pv_0121","name":"Chico Boulevard la V\u00e9rendrye","banner_or_chain":"Chico","competitor_type":null,"city":"Gatineau","province":"QC","address":"1320 Boulevard la V\u00e9rendrye Est local 110"},"geometry":{"type":"Point","coordinates":[-75.610074,45.5051739]}},{"type":"Feature","properties":{"kind":"network","id":"pv_0122","name":"Chico Bromont","banner_or_chain":"Chico","competitor_type":null,"city":"Bromont","province":"QC","address":"82 Boulevard de Bromont local H101"},"geometry":{"type":"Point","coordinates":[-72.6475982,45.3226547]}},{"type":"Feature","properties":{"kind":"network","id":"pv_0123","name":"Chico Brossard","banner_or_chain":"Chico","competitor_type":null,"city":"Brossard","province":"QC","address":"7405 Boulevard Grande-All\u00e9e local 20"},"geometry":{"type":"Point","coordinates":[-73.4192526,45.4580528]}},{"type":"Feature","properties":{"kind":"network","id":"pv_0124","name":"Chico Buckingham","banner_or_chain":"Chico","competitor_type":null,"city":"Gatineau","province":"QC","address":"746 Avenue du Buckingham local 1A"},"geometry":{"type":"Point","coordinates":[-75.4122824,45.5787247]}},{"type":"Feature","properties":{"kind":"network","id":"pv_0125","name":"Chico Cap-de-la-Madeleine","banner_or_chain":"Chico","competitor_type":null,"city":"Trois-Rivi\u00e8res","province":"QC","address":"310 Boulevard Thibeau"},"geometry":{"type":"Point","coordinates":[-72.5357228,46.3742071]}},{"type":"Feature","properties":{"kind":"network","id":"pv_0126","name":"Chico Chambly","banner_or_chain":"Chico","competitor_type":null,"city":"Chambly","province":"QC","address":"3701 Boulevard Fr\u00e9chette local 104"},"geometry":{"type":"Point","coordinates":[-73.3111855,45.4271778]}},{"type":"Feature","properties":{"kind":"network","id":"pv_0127","name":"Chico Charlesbourg","banner_or_chain":"Chico","competitor_type":null,"city":"Qu\u00e9bec","province":"QC","address":"14008 boulevard Henri-Bourassa"},"geometry":{"type":"Point","coordinates":[-71.2847205,46.8791197]}},{"type":"Feature","properties":{"kind":"network","id":"pv_0128","name":"Chico Chelsea","banner_or_chain":"Chico","competitor_type":null,"city":"Chelsea","province":"QC","address":"1707 Route 105 suite 103"},"geometry":{"type":"Point","coordinates":[-75.8995512,45.5980892]}},{"type":"Feature","properties":{"kind":"network","id":"pv_0129","name":"Chico Chicoutimi","banner_or_chain":"Chico","competitor_type":null,"city":"Chicoutimi","province":"QC","address":"1408 Boulevard Talbot"},"geometry":{"type":"Point","coordinates":[-71.0595157,48.4049962]}},{"type":"Feature","properties":{"kind":"network","id":"pv_0130","name":"Chico Contrec\u0153ur","banner_or_chain":"Chico","competitor_type":null,"city":"Contrecoeur","province":"QC","address":"4945 rue des Patriotes local 130"},"geometry":{"type":"Point","coordinates":[-73.2278709,45.8522973]}},{"type":"Feature","properties":{"kind":"network","id":"pv_0131","name":"Chico Delson","banner_or_chain":"Chico","competitor_type":null,"city":"Delson","province":"QC","address":"35 boulevard Georges-Gagn\u00e9 Sud local 14"},"geometry":{"type":"Point","coordinates":[-73.5511107,45.3822801]}},{"type":"Feature","properties":{"kind":"network","id":"pv_0132","name":"Chico Drummondville","banner_or_chain":"Chico","competitor_type":null,"city":"Drummondville","province":"QC","address":"1125 Boulevard Ren\u00e9-L\u00e9vesque"},"geometry":{"type":"Point","coordinates":[-72.522217143137,45.893453929373]}},{"type":"Feature","properties":{"kind":"network","id":"pv_0133","name":"Chico Fabreville","banner_or_chain":"Chico","competitor_type":null,"city":"Laval","province":"QC","address":"3467 Boulevard Dagenais Ouest"},"geometry":{"type":"Point","coordinates":[-73.809008,45.5784314]}},{"type":"Feature","properties":{"kind":"network","id":"pv_0134","name":"Chico Farnham","banner_or_chain":"Chico","competitor_type":null,"city":"Farnham","province":"QC","address":"622 Rue Jacques-Cartier Sud"},"geometry":{"type":"Point","coordinates":[-72.9844387,45.2727973]}},{"type":"Feature","properties":{"kind":"network","id":"pv_0135","name":"Chico Granby","banner_or_chain":"Chico","competitor_type":null,"city":"Granby","province":"QC","address":"94 Rue Saint-Jude Nord"},"geometry":{"type":"Point","coordinates":[-72.7518094,45.4187931]}},{"type":"Feature","properties":{"kind":"network","id":"pv_0136","name":"Chico Greenfield Park","banner_or_chain":"Chico","competitor_type":null,"city":"Greenfield Park","province":"QC","address":"3852 Boulevard Taschereau"},"geometry":{"type":"Point","coordinates":[-73.4697155,45.4861056]}},{"type":"Feature","properties":{"kind":"network","id":"pv_0137","name":"Chico Hull (Gatineau)","banner_or_chain":"Chico","competitor_type":null,"city":"Gatineau","province":"QC","address":"79 Rue Wellington suite RC002"},"geometry":{"type":"Point","coordinates":[-75.7207183,45.4263914]}},{"type":"Feature","properties":{"kind":"network","id":"pv_0138","name":"Chico Huntingdon","banner_or_chain":"Chico","competitor_type":null,"city":"Huntingdon","province":"QC","address":"71B Rue F. Cleyn"},"geometry":{"type":"Point","coordinates":[-74.1778122,45.0960915]}},{"type":"Feature","properties":{"kind":"network","id":"pv_0139","name":"Chico Joliette (Notre-Dame-des-Prairies)","banner_or_chain":"Chico","competitor_type":null,"city":"Notre-Dame-des-Prairies","province":"QC","address":"364 Boulevard Antonio-Barrette"},"geometry":{"type":"Point","coordinates":[-73.4224233,46.0483752]}},{"type":"Feature","properties":{"kind":"network","id":"pv_0140","name":"Chico Jonqui\u00e8re","banner_or_chain":"Chico","competitor_type":null,"city":"Jonqui\u00e8re","province":"QC","address":"3460 Rue Saint-Fran\u00e7ois"},"geometry":{"type":"Point","coordinates":[-71.2250288,48.4139494]}},{"type":"Feature","properties":{"kind":"network","id":"pv_0141","name":"Chico Kirkland","banner_or_chain":"Chico","competitor_type":null,"city":"Kirkland","province":"QC","address":"100 Rue du Barry"},"geometry":{"type":"Point","coordinates":[-73.8632077,45.457675]}},{"type":"Feature","properties":{"kind":"network","id":"pv_0142","name":"Chico La Pocati\u00e8re","banner_or_chain":"Chico","competitor_type":null,"city":"La Pocati\u00e8re","province":"QC","address":"161 route 230 Ouest"},"geometry":{"type":"Point","coordinates":[-70.272235725977,47.564566942731]}},{"type":"Feature","properties":{"kind":"network","id":"pv_0143","name":"Chico La Prairie","banner_or_chain":"Chico","competitor_type":null,"city":"La Prairie","province":"QC","address":"950 Boulevard des Pr\u00e9s-Verts local 150"},"geometry":{"type":"Point","coordinates":[-73.462462,45.4062658]}},{"type":"Feature","properties":{"kind":"network","id":"pv_0144","name":"Chico La Sarre","banner_or_chain":"Chico","competitor_type":null,"city":"La Sarre","province":"QC","address":"255 3e Rue Est"},"geometry":{"type":"Point","coordinates":[-79.197546,48.8055811]}},{"type":"Feature","properties":{"kind":"network","id":"pv_0145","name":"Chico Lachine","banner_or_chain":"Chico","competitor_type":null,"city":"Lachine","province":"QC","address":"2400 Rue Victoria suite 300"},"geometry":{"type":"Point","coordinates":[-73.6857641,45.4360249]}},{"type":"Feature","properties":{"kind":"network","id":"pv_0146","name":"Chico Lachute","banner_or_chain":"Chico","competitor_type":null,"city":"Lachute","province":"QC","address":"425D Avenue Bethany"},"geometry":{"type":"Point","coordinates":[-74.3271925,45.6407439]}},{"type":"Feature","properties":{"kind":"network","id":"pv_0147","name":"Chico Laval-Est","banner_or_chain":"Chico","competitor_type":null,"city":"Laval","province":"QC","address":"5405 Boulevard Robert-Bourassa"},"geometry":{"type":"Point","coordinates":[-73.6998275,45.6113246]}},{"type":"Feature","properties":{"kind":"network","id":"pv_0148","name":"Chico Laval-Ouest","banner_or_chain":"Chico","competitor_type":null,"city":"Laval-Ouest","province":"QC","address":"4511 Boulevard Arthur-Sauv\u00e9"},"geometry":{"type":"Point","coordinates":[-73.869066,45.553154]}},{"type":"Feature","properties":{"kind":"network","id":"pv_0149","name":"Chico Lavaltrie","banner_or_chain":"Chico","competitor_type":null,"city":"Lavaltrie","province":"QC","address":"210 Rue Saint-Antoine-Nord"},"geometry":{"type":"Point","coordinates":[-73.2821,45.8876]}},{"type":"Feature","properties":{"kind":"network","id":"pv_0150","name":"Chico Le Gardeur","banner_or_chain":"Chico","competitor_type":null,"city":"Repentigny","province":"QC","address":"515 Boulevard Lacombe local D-H"},"geometry":{"type":"Point","coordinates":[-73.4659798,45.7560065]}},{"type":"Feature","properties":{"kind":"network","id":"pv_0151","name":"Chico Longueuil","banner_or_chain":"Chico","competitor_type":null,"city":"Longueuil","province":"QC","address":"2255 Boulevard Roland-Therrien"},"geometry":{"type":"Point","coordinates":[-73.469514,45.5381817]}},{"type":"Feature","properties":{"kind":"network","id":"pv_0152","name":"Chico Louiseville","banner_or_chain":"Chico","competitor_type":null,"city":"Louiseville","province":"QC","address":"45 9e Avenue"},"geometry":{"type":"Point","coordinates":[-72.9278325,46.2562693]}},{"type":"Feature","properties":{"kind":"network","id":"pv_0153","name":"Chico Maniwaki","banner_or_chain":"Chico","competitor_type":null,"city":"Maniwaki","province":"QC","address":"45 Kichi Mikan"},"geometry":{"type":"Point","coordinates":[-75.9821436,46.3628013]}},{"type":"Feature","properties":{"kind":"network","id":"pv_0154","name":"Chico Mascouche","banner_or_chain":"Chico","competitor_type":null,"city":"Mascouche","province":"QC","address":"285 Mont\u00e9e Masson"},"geometry":{"type":"Point","coordinates":[-73.616563,45.7280825]}},{"type":"Feature","properties":{"kind":"network","id":"pv_0155","name":"Chico Mercier","banner_or_chain":"Chico","competitor_type":null,"city":"Mercier","province":"QC","address":"665 Boulevard Saint-Jean-Baptiste"},"geometry":{"type":"Point","coordinates":[-73.7394015,45.3202539]}},{"type":"Feature","properties":{"kind":"network","id":"pv_0156","name":"Chico Mont-Laurier","banner_or_chain":"Chico","competitor_type":null,"city":"Mont-Laurier","province":"QC","address":"515 Rue Carillon"},"geometry":{"type":"Point","coordinates":[-75.4979828,46.5518435]}},{"type":"Feature","properties":{"kind":"network","id":"pv_0157","name":"Chico Mont-Saint-Hilaire","banner_or_chain":"Chico","competitor_type":null,"city":"Mont-Saint-Hilaire","province":"QC","address":"313 Boulevard Sir-Wilfrid-Laurier"},"geometry":{"type":"Point","coordinates":[-73.1899095,45.5629207]}},{"type":"Feature","properties":{"kind":"network","id":"pv_0158","name":"Chico Mont-Tremblant","banner_or_chain":"Chico","competitor_type":null,"city":"Mont-Tremblant","province":"QC","address":"655 Rue de Saint-Jovite"},"geometry":{"type":"Point","coordinates":[-74.5845269,46.1188703]}},{"type":"Feature","properties":{"kind":"network","id":"pv_0159","name":"Chico Montr\u00e9al Nord","banner_or_chain":"Chico","competitor_type":null,"city":"Montr\u00e9al-Nord","province":"QC","address":"6184 Boulevard Henri-Bourassa Est"},"geometry":{"type":"Point","coordinates":[-73.6128168,45.6085764]}},{"type":"Feature","properties":{"kind":"network","id":"pv_0160","name":"Chico Neufch\u00e2tel","banner_or_chain":"Chico","competitor_type":null,"city":"Qu\u00e9bec","province":"QC","address":"2285 Avenue Chauveau local 140"},"geometry":{"type":"Point","coordinates":[-71.3246286,46.8412636]}},{"type":"Feature","properties":{"kind":"network","id":"pv_0161","name":"Chico Nicolet","banner_or_chain":"Chico","competitor_type":null,"city":"Nicolet","province":"QC","address":"1391 Boulevardd Louis Fr\u00e9chette"},"geometry":{"type":"Point","coordinates":[-72.6061434,46.2363606]}},{"type":"Feature","properties":{"kind":"network","id":"pv_0162","name":"Chico Pierrefonds","banner_or_chain":"Chico","competitor_type":null,"city":"Montr\u00e9al","province":"QC","address":"11797 Boulevard Pierrefonds"},"geometry":{"type":"Point","coordinates":[-73.8224468,45.5073999]}},{"type":"Feature","properties":{"kind":"network","id":"pv_0163","name":"Chico Plateau Mont-Royal (Montr\u00e9al)","banner_or_chain":"Chico","competitor_type":null,"city":"Montr\u00e9al","province":"QC","address":"2016 Avenue du Mont-Royal Est"},"geometry":{"type":"Point","coordinates":[-73.5727575,45.5347053]}},{"type":"Feature","properties":{"kind":"network","id":"pv_0164","name":"Chico Plessisville","banner_or_chain":"Chico","competitor_type":null,"city":"Plessisville","province":"QC","address":"1971 Rue Bilodeau suite 180"},"geometry":{"type":"Point","coordinates":[-71.764812712164,46.21897075353]}},{"type":"Feature","properties":{"kind":"network","id":"pv_0165","name":"Chico Pointe-aux-Trembles","banner_or_chain":"Chico","competitor_type":null,"city":"Pointe-aux-Trembles","province":"QC","address":"1400 Boulevard Saint-Jean-Baptiste local 108"},"geometry":{"type":"Point","coordinates":[-73.5026806,45.6414221]}},{"type":"Feature","properties":{"kind":"network","id":"pv_0166","name":"Chico Pont-Rouge","banner_or_chain":"Chico","competitor_type":null,"city":"Pont-Rouge","province":"QC","address":"22 Route de la Pini\u00e8re local 102"},"geometry":{"type":"Point","coordinates":[-71.6833953,46.7409314]}},{"type":"Feature","properties":{"kind":"network","id":"pv_0167","name":"Chico Pr\u00e9vost","banner_or_chain":"Chico","competitor_type":null,"city":"Pr\u00e9vost","province":"QC","address":"2631 Boulevard Cur\u00e9-Labelle local 201"},"geometry":{"type":"Point","coordinates":[-74.0608414,45.840333]}},{"type":"Feature","properties":{"kind":"network","id":"pv_0168","name":"Chico Repentigny","banner_or_chain":"Chico","competitor_type":null,"city":"Repentigny","province":"QC","address":"125 Rue de Lafayette local 5"},"geometry":{"type":"Point","coordinates":[-73.4526997,45.7471541]}},{"type":"Feature","properties":{"kind":"network","id":"pv_0169","name":"Chico Roberval","banner_or_chain":"Chico","competitor_type":null,"city":"Roberval","province":"QC","address":"1221 Boulevard Marcotte local 10"},"geometry":{"type":"Point","coordinates":[-72.2336802,48.5241235]}},{"type":"Feature","properties":{"kind":"network","id":"pv_0170","name":"Chico Rouyn-Noranda","banner_or_chain":"Chico","competitor_type":null,"city":"Rouyn-Noranda","province":"QC","address":"223 Boulevard Rideau"},"geometry":{"type":"Point","coordinates":[-79.0390405,48.2419765]}},{"type":"Feature","properties":{"kind":"network","id":"pv_0171","name":"Chico Rue B\u00e9langer (Rosemont)","banner_or_chain":"Chico","competitor_type":null,"city":"Montr\u00e9al","province":"QC","address":"2637 Rue B\u00e9langer"},"geometry":{"type":"Point","coordinates":[-73.5971171,45.5542438]}},{"type":"Feature","properties":{"kind":"network","id":"pv_0172","name":"Chico Rue Hochelaga (Montr\u00e9al)","banner_or_chain":"Chico","competitor_type":null,"city":"Montr\u00e9al","province":"QC","address":"8646 Rue Hochelaga"},"geometry":{"type":"Point","coordinates":[-73.5200891,45.6007291]}},{"type":"Feature","properties":{"kind":"network","id":"pv_0173","name":"Chico Rue Masson (Rosemont)","banner_or_chain":"Chico","competitor_type":null,"city":"Montr\u00e9al","province":"QC","address":"3126 Rue Masson"},"geometry":{"type":"Point","coordinates":[-73.5738925,45.5494907]}},{"type":"Feature","properties":{"kind":"network","id":"pv_0174","name":"Chico Rue Ontario (Montr\u00e9al)","banner_or_chain":"Chico","competitor_type":null,"city":"Montr\u00e9al","province":"QC","address":"3911 Rue Ontario Est"},"geometry":{"type":"Point","coordinates":[-73.5427767,45.5484445]}},{"type":"Feature","properties":{"kind":"network","id":"pv_0175","name":"Chico Rue Sainte-Catherine (Montr\u00e9al)","banner_or_chain":"Chico","competitor_type":null,"city":"Montr\u00e9al","province":"QC","address":"1846 Rue Sainte-Catherine Est"},"geometry":{"type":"Point","coordinates":[-73.5517329,45.5231247]}},{"type":"Feature","properties":{"kind":"network","id":"pv_0176","name":"Chico Rue Sauv\u00e9 Ouest (Montr\u00e9al)","banner_or_chain":"Chico","competitor_type":null,"city":"Montr\u00e9al","province":"QC","address":"2020 Sauv\u00e9 Ouest"},"geometry":{"type":"Point","coordinates":[-73.6654082,45.5338786]}},{"type":"Feature","properties":{"kind":"network","id":"pv_0177","name":"Chico Rue Wellington (Verdun)","banner_or_chain":"Chico","competitor_type":null,"city":"Montr\u00e9al","province":"QC","address":"3929 Rue Wellington"},"geometry":{"type":"Point","coordinates":[-73.567102,45.4644173]}},{"type":"Feature","properties":{"kind":"network","id":"pv_0178","name":"Chico Saint-Amable","banner_or_chain":"Chico","competitor_type":null,"city":"Saint-Amable","province":"QC","address":"549 Rue Principale"},"geometry":{"type":"Point","coordinates":[-73.3071185,45.6433452]}},{"type":"Feature","properties":{"kind":"network","id":"pv_0179","name":"Chico Saint-Basile-le-Grand","banner_or_chain":"Chico","competitor_type":null,"city":"Saint-Basile-le-Grand","province":"QC","address":"183 Boulevard Sir-Wilfrid-Laurier suite 103"},"geometry":{"type":"Point","coordinates":[-73.2899711,45.5298042]}},{"type":"Feature","properties":{"kind":"network","id":"pv_0180","name":"Chico Saint-Bruno-de-Montarville","banner_or_chain":"Chico","competitor_type":null,"city":"Saint-Bruno-de-Montarville","province":"QC","address":"1319 Rue Roberval"},"geometry":{"type":"Point","coordinates":[-73.198041231689,45.702330413754]}},{"type":"Feature","properties":{"kind":"network","id":"pv_0181","name":"Chico Saint-Canut","banner_or_chain":"Chico","competitor_type":null,"city":"Mirabel","province":"QC","address":"13845 Chemin Saint-Simon"},"geometry":{"type":"Point","coordinates":[-74.0938923,45.7044907]}},{"type":"Feature","properties":{"kind":"network","id":"pv_0182","name":"Chico Saint-C\u00e9saire","banner_or_chain":"Chico","competitor_type":null,"city":"Saint-C\u00e9saire","province":"QC","address":"2064 QC-112"},"geometry":{"type":"Point","coordinates":[-73.0158147,45.41476]}},{"type":"Feature","properties":{"kind":"network","id":"pv_0183","name":"Chico Saint-Eustache","banner_or_chain":"Chico","competitor_type":null,"city":"Saint-Eustache","province":"QC","address":"215 Rue Saint-Laurent"},"geometry":{"type":"Point","coordinates":[-73.8778833,45.5749209]}},{"type":"Feature","properties":{"kind":"network","id":"pv_0184","name":"Chico Saint-Eustache (Nord)","banner_or_chain":"Chico","competitor_type":null,"city":"Saint-Eustache","province":"QC","address":"610 Boulevard Arthur-Sauv\u00e9"},"geometry":{"type":"Point","coordinates":[-73.9181789,45.5769861]}},{"type":"Feature","properties":{"kind":"network","id":"pv_0185","name":"Chico Saint-Fran\u00e7ois","banner_or_chain":"Chico","competitor_type":null,"city":"Laval","province":"QC","address":"600 Mont\u00e9e du Moulin local 11"},"geometry":{"type":"Point","coordinates":[-73.5764422,45.6691328]}},{"type":"Feature","properties":{"kind":"network","id":"pv_0186","name":"Chico Saint-Gabriel","banner_or_chain":"Chico","competitor_type":null,"city":"Saint Gabriel","province":"QC","address":"75 Rue Saint Gabriel"},"geometry":{"type":"Point","coordinates":[-73.3827988,46.2923765]}},{"type":"Feature","properties":{"kind":"network","id":"pv_0187","name":"Chico Saint-Hubert","banner_or_chain":"Chico","competitor_type":null,"city":"Saint-Hubert","province":"QC","address":"6250 Boulevard Cousineau suite 402"},"geometry":{"type":"Point","coordinates":[-73.4058475,45.4941968]}},{"type":"Feature","properties":{"kind":"network","id":"pv_0188","name":"Chico Saint-Hyacinthe","banner_or_chain":"Chico","competitor_type":null,"city":"Saint-Hyacinthe","province":"QC","address":"3320 boulevard Laframboise"},"geometry":{"type":"Point","coordinates":[-72.967411,45.637473]}},{"type":"Feature","properties":{"kind":"network","id":"pv_0189","name":"Chico Saint-Jean-sur-Richelieu","banner_or_chain":"Chico","competitor_type":null,"city":"Saint-Jean-sur-Richelieu","province":"QC","address":"247 Boulevard Saint-Luc suite 104"},"geometry":{"type":"Point","coordinates":[-73.2939714,45.3533659]}},{"type":"Feature","properties":{"kind":"network","id":"pv_0190","name":"Chico Saint-J\u00e9r\u00f4me","banner_or_chain":"Chico","competitor_type":null,"city":"Saint-J\u00e9r\u00f4me","province":"QC","address":"169 Rue B\u00e9langer"},"geometry":{"type":"Point","coordinates":[-74.0067455,45.7946727]}},{"type":"Feature","properties":{"kind":"network","id":"pv_0191","name":"Chico Saint-Lambert-de-Lauzon","banner_or_chain":"Chico","competitor_type":null,"city":"St-Lambert-de-Lauzon","province":"QC","address":"165 rue Jogue, Local 3"},"geometry":{"type":"Point","coordinates":[-71.2009117,46.5931588]}},{"type":"Feature","properties":{"kind":"network","id":"pv_0192","name":"Chico Saint-Lin-Laurentides","banner_or_chain":"Chico","competitor_type":null,"city":"Saint-Lin-Laurentides","province":"QC","address":"2153 Avenue du March\u00e9"},"geometry":{"type":"Point","coordinates":[-73.717503704834,45.850071695086]}},{"type":"Feature","properties":{"kind":"network","id":"pv_0193","name":"Chico Saint-L\u00e9onard (Rue Jean-Talon Est / Anjou)","banner_or_chain":"Chico","competitor_type":null,"city":"Montr\u00e9al","province":"QC","address":"6864 Rue Jean-Talon Est"},"geometry":{"type":"Point","coordinates":[-73.5698504,45.595386]}},{"type":"Feature","properties":{"kind":"network","id":"pv_0194","name":"Chico Saint-Raymond","banner_or_chain":"Chico","competitor_type":null,"city":"Saint-Raymond","province":"QC","address":"333 C\u00f4te Joyeuse unit 345"},"geometry":{"type":"Point","coordinates":[-71.8322177,46.8827138]}},{"type":"Feature","properties":{"kind":"network","id":"pv_0195","name":"Chico Saint-Romuald","banner_or_chain":"Chico","competitor_type":null,"city":"Saint-Romuald","province":"QC","address":"1040 boulevard Guillaume-Couture, local 110"},"geometry":{"type":"Point","coordinates":[-71.269251,46.7313922]}},{"type":"Feature","properties":{"kind":"network","id":"pv_0196","name":"Chico Saint-R\u00e9mi","banner_or_chain":"Chico","competitor_type":null,"city":"Saint-R\u00e9mi","province":"QC","address":"55 Boulevard Saint-R\u00e9mi"},"geometry":{"type":"Point","coordinates":[-73.6126609,45.2664578]}},{"type":"Feature","properties":{"kind":"network","id":"pv_0197","name":"Chico Sainte-Ad\u00e8le","banner_or_chain":"Chico","competitor_type":null,"city":"Sainte-Ad\u00e8le","province":"QC","address":"914 Boulevard Sainte-Ad\u00e8le"},"geometry":{"type":"Point","coordinates":[-74.1321704,45.9499689]}},{"type":"Feature","properties":{"kind":"network","id":"pv_0198","name":"Chico Sainte-Agathe-des-Monts","banner_or_chain":"Chico","competitor_type":null,"city":"Sainte-Agathe-des-Monts","province":"QC","address":"30 Boulevard Norbert Morin"},"geometry":{"type":"Point","coordinates":[-74.2784374,46.0463281]}},{"type":"Feature","properties":{"kind":"network","id":"pv_0199","name":"Chico Sainte-Anne-des-Plaines","banner_or_chain":"Chico","competitor_type":null,"city":"Sainte-Anne-des-Plaines","province":"QC","address":"434 Boulevard Sainte-Anne"},"geometry":{"type":"Point","coordinates":[-73.8127324,45.7657854]}},{"type":"Feature","properties":{"kind":"network","id":"pv_0200","name":"Chico Sainte-Catherine-de-la-Jacques-Cartier","banner_or_chain":"Chico","competitor_type":null,"city":"Sainte-Catherine-de-la-Jacques-Cartier","province":"QC","address":"4526 Route de Fossambault"},"geometry":{"type":"Point","coordinates":[-71.6088431,46.8403159]}},{"type":"Feature","properties":{"kind":"network","id":"pv_0201","name":"Chico Sainte-Foy","banner_or_chain":"Chico","competitor_type":null,"city":"Sainte-Foy","province":"QC","address":"2669 Chemin Sainte-Foy"},"geometry":{"type":"Point","coordinates":[-71.29713050441,46.781348073298]}},{"type":"Feature","properties":{"kind":"network","id":"pv_0202","name":"Chico Sainte-Julienne","banner_or_chain":"Chico","competitor_type":null,"city":"Sainte-Julienne","province":"QC","address":"1525 Route 125"},"geometry":{"type":"Point","coordinates":[-73.7114557,45.9657831]}},{"type":"Feature","properties":{"kind":"network","id":"pv_0203","name":"Chico Sainte-Marthe-sur-le-Lac","banner_or_chain":"Chico","competitor_type":null,"city":"Sainte-Marthe-sur-le-Lac","province":"QC","address":"2860B Boulevard des Promenades"},"geometry":{"type":"Point","coordinates":[-73.9246208,45.5372628]}},{"type":"Feature","properties":{"kind":"network","id":"pv_0204","name":"Chico Sainte-Sophie","banner_or_chain":"Chico","competitor_type":null,"city":"Sainte-Sophie","province":"QC","address":"2419A Boulevard Sainte-Sophie"},"geometry":{"type":"Point","coordinates":[-73.9035813,45.8169947]}},{"type":"Feature","properties":{"kind":"network","id":"pv_0205","name":"Chico Sainte-Th\u00e9r\u00e8se","banner_or_chain":"Chico","competitor_type":null,"city":"Sainte-Th\u00e9r\u00e8se","province":"QC","address":"95 Boulevard du Cur\u00e9-Labelle suite 8"},"geometry":{"type":"Point","coordinates":[-73.8346814,45.6431268]}},{"type":"Feature","properties":{"kind":"network","id":"pv_0206","name":"Chico Shawinigan","banner_or_chain":"Chico","competitor_type":null,"city":"Shawinigan","province":"QC","address":"2913 Boulevard Royal"},"geometry":{"type":"Point","coordinates":[-72.7395195,46.5611741]}},{"type":"Feature","properties":{"kind":"network","id":"pv_0207","name":"Chico Sherbrooke","banner_or_chain":"Chico","competitor_type":null,"city":"Sherbrooke","province":"QC","address":"27 Rue Raby"},"geometry":{"type":"Point","coordinates":[-71.8412508,45.4111133]}},{"type":"Feature","properties":{"kind":"network","id":"pv_0208","name":"Chico Terrebonne","banner_or_chain":"Chico","competitor_type":null,"city":"Terrebonne","province":"QC","address":"2250 Chemin Gascon"},"geometry":{"type":"Point","coordinates":[-73.6631762,45.7219392]}},{"type":"Feature","properties":{"kind":"network","id":"pv_0209","name":"Chico Trois-Rivi\u00e8res","banner_or_chain":"Chico","competitor_type":null,"city":"Trois-Rivi\u00e8res","province":"QC","address":"5965 Boulevard Jean XXIII"},"geometry":{"type":"Point","coordinates":[-72.5940134,46.3295495]}},{"type":"Feature","properties":{"kind":"network","id":"pv_0210","name":"Chico Val-B\u00e9lair","banner_or_chain":"Chico","competitor_type":null,"city":"Val-B\u00e9lair","province":"QC","address":"1866 Avenue Industrielle"},"geometry":{"type":"Point","coordinates":[-71.4102425,46.8581989]}},{"type":"Feature","properties":{"kind":"network","id":"pv_0211","name":"Chico Val-des-Monts","banner_or_chain":"Chico","competitor_type":null,"city":"Val-des-Monts","province":"QC","address":"1797 Route du Carrefour"},"geometry":{"type":"Point","coordinates":[-75.6171415,45.5941557]}},{"type":"Feature","properties":{"kind":"network","id":"pv_0212","name":"Chico Val-d\u2019Or","banner_or_chain":"Chico","competitor_type":null,"city":"Val-d'Or","province":"QC","address":"1801 3e Avenue"},"geometry":{"type":"Point","coordinates":[-77.8267904,48.0959709]}},{"type":"Feature","properties":{"kind":"network","id":"pv_0213","name":"Chico Valleyfield","banner_or_chain":"Chico","competitor_type":null,"city":"Salaberry-de-Valleyfield","province":"QC","address":"1362 Boulevard Monseigneur Langlois"},"geometry":{"type":"Point","coordinates":[-74.1316344,45.2687751]}},{"type":"Feature","properties":{"kind":"network","id":"pv_0214","name":"Chico Vaudreuil","banner_or_chain":"Chico","competitor_type":null,"city":"Vaudreuil-Dorion","province":"QC","address":"114-51 Boulevard de la Cit\u00e9-des-Jeunes"},"geometry":{"type":"Point","coordinates":[-74.0345431,45.4059638]}},{"type":"Feature","properties":{"kind":"network","id":"pv_0215","name":"Chico Victoriaville","banner_or_chain":"Chico","competitor_type":null,"city":"Victoriaville","province":"QC","address":"5B Rue de l'Aqueduc"},"geometry":{"type":"Point","coordinates":[-71.9694292,46.0594579]}},{"type":"Feature","properties":{"kind":"network","id":"pv_0216","name":"Chico Windsor","banner_or_chain":"Chico","competitor_type":null,"city":"Windsor","province":"QC","address":"1165 Rue Maurice-Bachand bureau 500"},"geometry":{"type":"Point","coordinates":[-72.0161949,45.5608644]}},{"type":"Feature","properties":{"kind":"network","id":"pv_0217","name":"Chico de L\u2019\u00cele-Perrot","banner_or_chain":"Chico","competitor_type":null,"city":"\u00cele-Perrot","province":"QC","address":"106 Boulevard Don-Quichotte local10"},"geometry":{"type":"Point","coordinates":[-73.9627197,45.3867744]}},{"type":"Feature","properties":{"kind":"network","id":"pv_0218","name":"Chico d\u2019Estimauville","banner_or_chain":"Chico","competitor_type":null,"city":"Qu\u00e9bec","province":"QC","address":"2539K Boulevard Sainte-Anne"},"geometry":{"type":"Point","coordinates":[-71.2158955,46.8445811]}},{"type":"Feature","properties":{"kind":"network","id":"pv_0219","name":"Chico \u00cele-des-s\u0153urs (Montr\u00e9al)","banner_or_chain":"Chico","competitor_type":null,"city":"Verdun","province":"QC","address":"40 Place du Commerce local 15A"},"geometry":{"type":"Point","coordinates":[-73.542569,45.4668161]}},{"type":"Feature","properties":{"kind":"network","id":"pv_0220","name":"Paulmac's Pets Beamsville","banner_or_chain":"Paulmac's Pets","competitor_type":null,"city":"Lincoln","province":"ON","address":"4961 King St E"},"geometry":{"type":"Point","coordinates":[-79.4745909,43.1655222]}},{"type":"Feature","properties":{"kind":"network","id":"pv_0221","name":"Paulmac's Pets Brantford","banner_or_chain":"Paulmac's Pets","competitor_type":null,"city":"Brantford","province":"ON","address":"410 Fairview Dr"},"geometry":{"type":"Point","coordinates":[-80.2488161,43.1697967]}},{"type":"Feature","properties":{"kind":"network","id":"pv_0222","name":"Paulmac's Pets Bridgenorth","banner_or_chain":"Paulmac's Pets","competitor_type":null,"city":"Bridgenorth","province":"ON","address":"892 Ward St"},"geometry":{"type":"Point","coordinates":[-78.3840227,44.3842853]}},{"type":"Feature","properties":{"kind":"network","id":"pv_0223","name":"Paulmac's Pets Brockville","banner_or_chain":"Paulmac's Pets","competitor_type":null,"city":"Brockville","province":"ON","address":"28B-2399 Parkedale Rd"},"geometry":{"type":"Point","coordinates":[-75.6981637,44.6029779]}},{"type":"Feature","properties":{"kind":"network","id":"pv_0224","name":"Paulmac's Pets Campbellford","banner_or_chain":"Paulmac's Pets","competitor_type":null,"city":"Campbellford","province":"ON","address":"3-25 Doxsee Ave S"},"geometry":{"type":"Point","coordinates":[-77.7958931,44.3070997]}},{"type":"Feature","properties":{"kind":"network","id":"pv_0225","name":"Paulmac's Pets Cobourg","banner_or_chain":"Paulmac's Pets","competitor_type":null,"city":"Cobourg","province":"ON","address":"1111 Elgin St W"},"geometry":{"type":"Point","coordinates":[-78.1997536,43.9702477]}},{"type":"Feature","properties":{"kind":"network","id":"pv_0226","name":"Paulmac's Pets Hamilton","banner_or_chain":"Paulmac's Pets","competitor_type":null,"city":"Hamilton","province":"ON","address":"1565 Barton St E"},"geometry":{"type":"Point","coordinates":[-79.7951766,43.247456]}},{"type":"Feature","properties":{"kind":"network","id":"pv_0227","name":"Paulmac's Pets Minden","banner_or_chain":"Paulmac's Pets","competitor_type":null,"city":"Minden","province":"ON","address":"12311 Hwy 35"},"geometry":{"type":"Point","coordinates":[-78.7216531,44.9174301]}},{"type":"Feature","properties":{"kind":"network","id":"pv_0228","name":"Paulmac's Pets Napanee","banner_or_chain":"Paulmac's Pets","competitor_type":null,"city":"Napanee","province":"ON","address":"11B-450 Centre St"},"geometry":{"type":"Point","coordinates":[-76.9626492,44.2586876]}},{"type":"Feature","properties":{"kind":"network","id":"pv_0229","name":"Paulmac's Pets Niagara Falls","banner_or_chain":"Paulmac's Pets","competitor_type":null,"city":"Niagara Falls","province":"ON","address":"B11-4725 Dorchester Rd"},"geometry":{"type":"Point","coordinates":[-79.1125869,43.1047121]}},{"type":"Feature","properties":{"kind":"network","id":"pv_0230","name":"Paulmac's Pets Peterborough","banner_or_chain":"Paulmac's Pets","competitor_type":null,"city":"Peterborough","province":"ON","address":"1550 Lansdowne St W"},"geometry":{"type":"Point","coordinates":[-78.3644117,44.2785189]}},{"type":"Feature","properties":{"kind":"network","id":"pv_0231","name":"Paulmac's Pets Peterborough","banner_or_chain":"Paulmac's Pets","competitor_type":null,"city":"Peterborough","province":"ON","address":"753 Lansdowne St W"},"geometry":{"type":"Point","coordinates":[-78.3349533,44.2832527]}},{"type":"Feature","properties":{"kind":"network","id":"pv_0232","name":"Paulmac's Pets Port Perry","banner_or_chain":"Paulmac's Pets","competitor_type":null,"city":"Port Perry","province":"ON","address":"1894 Scugog St"},"geometry":{"type":"Point","coordinates":[-78.9369563,44.1002634]}},{"type":"Feature","properties":{"kind":"network","id":"pv_0233","name":"Paulmac's Pets Simcoe","banner_or_chain":"Paulmac's Pets","competitor_type":null,"city":"Simcoe","province":"ON","address":"95 Queensway W"},"geometry":{"type":"Point","coordinates":[-80.3115058,42.8457804]}},{"type":"Feature","properties":{"kind":"network","id":"pv_0234","name":"Paulmac's Pets Welland","banner_or_chain":"Paulmac's Pets","competitor_type":null,"city":"Welland","province":"ON","address":"2-815 Ontario Rd"},"geometry":{"type":"Point","coordinates":[-79.2398285,42.9762247]}},{"type":"Feature","properties":{"kind":"network","id":"pv_0235","name":"100 Mile House","banner_or_chain":"Pet Valu","competitor_type":null,"city":"100 Mile House","province":"BC","address":"4-95A Cariboo Hwy"},"geometry":{"type":"Point","coordinates":[-121.2950963,51.6475489]}},{"type":"Feature","properties":{"kind":"network","id":"pv_0236","name":"Abbey Lane","banner_or_chain":"Pet Valu","competitor_type":null,"city":"Scarborough","province":"ON","address":"91 Rylander Blvd"},"geometry":{"type":"Point","coordinates":[-79.1485974,43.7981668]}},{"type":"Feature","properties":{"kind":"network","id":"pv_0237","name":"Abraham Welsh","banner_or_chain":"Pet Valu","competitor_type":null,"city":"Toronto","province":"ON","address":"B1-2277 Sheppard Ave W"},"geometry":{"type":"Point","coordinates":[-79.5327255,43.7346964]}},{"type":"Feature","properties":{"kind":"network","id":"pv_0238","name":"Adelaide Street North","banner_or_chain":"Pet Valu","competitor_type":null,"city":"London","province":"ON","address":"514 Adelaide St N"},"geometry":{"type":"Point","coordinates":[-81.2327993,42.9924498]}},{"type":"Feature","properties":{"kind":"network","id":"pv_0239","name":"Agincourt","banner_or_chain":"Pet Valu","competitor_type":null,"city":"Agincourt","province":"ON","address":"2356 Kennedy Rd"},"geometry":{"type":"Point","coordinates":[-79.2895795,43.7846889]}},{"type":"Feature","properties":{"kind":"network","id":"pv_0240","name":"Airdrie","banner_or_chain":"Pet Valu","competitor_type":null,"city":"Airdrie","province":"AB","address":"308-505 Main St S"},"geometry":{"type":"Point","coordinates":[-114.0157184,51.2887298]}},{"type":"Feature","properties":{"kind":"network","id":"pv_0241","name":"Airdrie Coopers Crossing","banner_or_chain":"Pet Valu","competitor_type":null,"city":"Airdrie","province":"AB","address":"1001-401 Cooper's Blvd"},"geometry":{"type":"Point","coordinates":[-114.023659,51.257385]}},{"type":"Feature","properties":{"kind":"network","id":"pv_0242","name":"Ajax North","banner_or_chain":"Pet Valu","competitor_type":null,"city":"Ajax","province":"ON","address":"88-65 Kingston Rd E"},"geometry":{"type":"Point","coordinates":[-79.0212866999999,43.8614781]}},{"type":"Feature","properties":{"kind":"network","id":"pv_0243","name":"Albany","banner_or_chain":"Pet Valu","competitor_type":null,"city":"Edmonton","province":"AB","address":"5-12756 167 Ave"},"geometry":{"type":"Point","coordinates":[-113.5427507,53.6297789]}},{"type":"Feature","properties":{"kind":"network","id":"pv_0244","name":"Alexandria","banner_or_chain":"Pet Valu","competitor_type":null,"city":"Alexandria","province":"ON","address":"436 Main St S"},"geometry":{"type":"Point","coordinates":[-74.6276124,45.3005052]}},{"type":"Feature","properties":{"kind":"network","id":"pv_0245","name":"Alliston","banner_or_chain":"Pet Valu","competitor_type":null,"city":"Alliston","province":"ON","address":"36 Young St"},"geometry":{"type":"Point","coordinates":[-79.8829849,44.1496835]}},{"type":"Feature","properties":{"kind":"network","id":"pv_0246","name":"Almonte","banner_or_chain":"Pet Valu","competitor_type":null,"city":"Almonte","province":"ON","address":"4-430 Ottawa St"},"geometry":{"type":"Point","coordinates":[-76.1831825,45.2359175]}},{"type":"Feature","properties":{"kind":"network","id":"pv_0247","name":"Amherst","banner_or_chain":"Pet Valu","competitor_type":null,"city":"Amherst","province":"NS","address":"102-4 Robert Angus Dr"},"geometry":{"type":"Point","coordinates":[-64.2017357,45.8137016]}},{"type":"Feature","properties":{"kind":"network","id":"pv_0248","name":"Amherstburg","banner_or_chain":"Pet Valu","competitor_type":null,"city":"Amherstburg","province":"ON","address":"300-400 Sandwich St S"},"geometry":{"type":"Point","coordinates":[-83.111432,42.0968587]}},{"type":"Feature","properties":{"kind":"network","id":"pv_0249","name":"Ancaster","banner_or_chain":"Pet Valu","competitor_type":null,"city":"Ancaster","province":"ON","address":"4-1080 Wilson St W"},"geometry":{"type":"Point","coordinates":[-80.0163374,43.1990131]}},{"type":"Feature","properties":{"kind":"network","id":"pv_0250","name":"Angus","banner_or_chain":"Pet Valu","competitor_type":null,"city":"Angus","province":"ON","address":"1-7 Commerce Rd"},"geometry":{"type":"Point","coordinates":[-79.8899552,44.3295736]}},{"type":"Feature","properties":{"kind":"network","id":"pv_0251","name":"Antigonish Market Square","banner_or_chain":"Pet Valu","competitor_type":null,"city":"Antigonish","province":"NS","address":"133 Church St"},"geometry":{"type":"Point","coordinates":[-61.9833456,45.617833]}},{"type":"Feature","properties":{"kind":"network","id":"pv_0252","name":"Applewood","banner_or_chain":"Pet Valu","competitor_type":null,"city":"Mississauga","province":"ON","address":"1077 North Service Rd"},"geometry":{"type":"Point","coordinates":[-79.5764219,43.5916193]}},{"type":"Feature","properties":{"kind":"network","id":"pv_0253","name":"Arnprior","banner_or_chain":"Pet Valu","competitor_type":null,"city":"Arnprior","province":"ON","address":"3 Arthur St"},"geometry":{"type":"Point","coordinates":[-76.3647233,45.4252975]}},{"type":"Feature","properties":{"kind":"network","id":"pv_0254","name":"Aurora Bayview - Home Depot Plaza","banner_or_chain":"Pet Valu","competitor_type":null,"city":"Aurora","province":"ON","address":"2-15340 Bayview Ave"},"geometry":{"type":"Point","coordinates":[-79.4448961,44.0065668]}},{"type":"Feature","properties":{"kind":"network","id":"pv_0255","name":"Aurora Metro Plaza","banner_or_chain":"Pet Valu","competitor_type":null,"city":"Aurora","province":"ON","address":"5-1 Henderson Dr"},"geometry":{"type":"Point","coordinates":[-79.465102,43.982631]}},{"type":"Feature","properties":{"kind":"network","id":"pv_0256","name":"Aylmer","banner_or_chain":"Pet Valu","competitor_type":null,"city":"Aylmer","province":"ON","address":"150 Talbot St E"},"geometry":{"type":"Point","coordinates":[-80.9800931,42.7726051]}},{"type":"Feature","properties":{"kind":"network","id":"pv_0257","name":"Baker Drive","banner_or_chain":"Pet Valu","competitor_type":null,"city":"Dartmouth","province":"NS","address":"264 Baker Dr"},"geometry":{"type":"Point","coordinates":[-63.52976,44.6551249]}},{"type":"Feature","properties":{"kind":"network","id":"pv_0258","name":"Bancroft","banner_or_chain":"Pet Valu","competitor_type":null,"city":"Bancroft","province":"ON","address":"8 Station St"},"geometry":{"type":"Point","coordinates":[-77.8558817,45.0598738]}},{"type":"Feature","properties":{"kind":"network","id":"pv_0259","name":"Barrhaven Crossing","banner_or_chain":"Pet Valu","competitor_type":null,"city":"Nepean","province":"ON","address":"14-1581 Greenbank Rd"},"geometry":{"type":"Point","coordinates":[-75.7464031,45.2734411]}},{"type":"Feature","properties":{"kind":"network","id":"pv_0260","name":"Barrie - Essa Food Basics Plaza","banner_or_chain":"Pet Valu","competitor_type":null,"city":"Barrie","province":"ON","address":"555 Essa Rd"},"geometry":{"type":"Point","coordinates":[-79.7107575,44.3387611]}},{"type":"Feature","properties":{"kind":"network","id":"pv_0261","name":"Barrie Bayfield North","banner_or_chain":"Pet Valu","competitor_type":null,"city":"Barrie","province":"ON","address":"531 Bayfield St N"},"geometry":{"type":"Point","coordinates":[-79.7112483,44.4151689]}},{"type":"Feature","properties":{"kind":"network","id":"pv_0262","name":"Barrie Cundles Road","banner_or_chain":"Pet Valu","competitor_type":null,"city":"Barrie","province":"ON","address":"1-617 Cundles Rd E"},"geometry":{"type":"Point","coordinates":[-79.6757229153442,44.4150907497847]}},{"type":"Feature","properties":{"kind":"network","id":"pv_0263","name":"Barrie Wellington Plaza","banner_or_chain":"Pet Valu","competitor_type":null,"city":"Barrie","province":"ON","address":"165 Wellington St W"},"geometry":{"type":"Point","coordinates":[-79.7049971,44.3868441]}},{"type":"Feature","properties":{"kind":"network","id":"pv_0264","name":"Barrie Yonge Street","banner_or_chain":"Pet Valu","competitor_type":null,"city":"Barrie","province":"ON","address":"632 Yonge St"},"geometry":{"type":"Point","coordinates":[-79.6464864,44.3552747]}},{"type":"Feature","properties":{"kind":"network","id":"pv_0265","name":"Barrington Passage","banner_or_chain":"Pet Valu","competitor_type":null,"city":"Barrington Passage","province":"NS","address":"103-3695 Hwy 3"},"geometry":{"type":"Point","coordinates":[-65.6146746,43.520903]}},{"type":"Feature","properties":{"kind":"network","id":"pv_0266","name":"Bathurst","banner_or_chain":"Pet Valu","competitor_type":null,"city":"Bathurst","province":"NB","address":"700 St Peter Ave"},"geometry":{"type":"Point","coordinates":[-65.6677395999999,47.6323128]}},{"type":"Feature","properties":{"kind":"network","id":"pv_0267","name":"Bathurst & Lawrence","banner_or_chain":"Pet Valu","competitor_type":null,"city":"North York","province":"ON","address":"486 Lawrence Ave W"},"geometry":{"type":"Point","coordinates":[-79.4290105,43.7197335]}},{"type":"Feature","properties":{"kind":"network","id":"pv_0268","name":"Bathurst St - Richmond Hill","banner_or_chain":"Pet Valu","competitor_type":null,"city":"Richmond Hill","province":"ON","address":"6-9301 Bathurst St"},"geometry":{"type":"Point","coordinates":[-79.4578193,43.8487068]}},{"type":"Feature","properties":{"kind":"network","id":"pv_0269","name":"Bay Roberts Mall","banner_or_chain":"Pet Valu","competitor_type":null,"city":"Bay Roberts","province":"NL","address":"153-159 Conception Bay Hwy"},"geometry":{"type":"Point","coordinates":[-53.2782808,47.5800198]}},{"type":"Feature","properties":{"kind":"network","id":"pv_0270","name":"Bay Street - Toronto","banner_or_chain":"Pet Valu","competitor_type":null,"city":"Toronto","province":"ON","address":"105-1235 Bay St"},"geometry":{"type":"Point","coordinates":[-79.3896769999999,43.6708883]}},{"type":"Feature","properties":{"kind":"network","id":"pv_0271","name":"Bayview & Laureleaf Thornhill","banner_or_chain":"Pet Valu","competitor_type":null,"city":"Thornhill","province":"ON","address":"7355 Bayview Ave"},"geometry":{"type":"Point","coordinates":[-79.3987625,43.8135142]}},{"type":"Feature","properties":{"kind":"network","id":"pv_0272","name":"Beacon Condos","banner_or_chain":"Pet Valu","competitor_type":null,"city":"Toronto","province":"ON","address":"1-5200 Yonge St"},"geometry":{"type":"Point","coordinates":[-79.413716,43.7706307]}},{"type":"Feature","properties":{"kind":"network","id":"pv_0273","name":"Beaumont Ab","banner_or_chain":"Pet Valu","competitor_type":null,"city":"Beaumont","province":"AB","address":"115-5802 50th St NW"},"geometry":{"type":"Point","coordinates":[-113.4171112,53.3607457]}},{"type":"Feature","properties":{"kind":"network","id":"pv_0274","name":"Bedford - Larry Uteck & Hwy #102","banner_or_chain":"Pet Valu","competitor_type":null,"city":"Bedford","province":"NS","address":"0100-75 Peakview Way"},"geometry":{"type":"Point","coordinates":[-63.6860052,44.6977392]}},{"type":"Feature","properties":{"kind":"network","id":"pv_0275","name":"Bedford Mill Cove","banner_or_chain":"Pet Valu","competitor_type":null,"city":"Bedford","province":"NS","address":"0125-961 Bedford Hwy"},"geometry":{"type":"Point","coordinates":[-63.6768983,44.7159348]}},{"type":"Feature","properties":{"kind":"network","id":"pv_0276","name":"Belle River","banner_or_chain":"Pet Valu","competitor_type":null,"city":"Belle River","province":"ON","address":"341 Notre Dame St"},"geometry":{"type":"Point","coordinates":[-82.6995518,42.2931235]}},{"type":"Feature","properties":{"kind":"network","id":"pv_0277","name":"Belleville","banner_or_chain":"Pet Valu","competitor_type":null,"city":"Belleville","province":"ON","address":"365 N Front St"},"geometry":{"type":"Point","coordinates":[-77.3954465,44.187695]}},{"type":"Feature","properties":{"kind":"network","id":"pv_0278","name":"Belmont Town Centre","banner_or_chain":"Pet Valu","competitor_type":null,"city":"Edmonton","province":"AB","address":"13508 Victoria Trail"},"geometry":{"type":"Point","coordinates":[-113.3878506,53.597429]}},{"type":"Feature","properties":{"kind":"network","id":"pv_0279","name":"Berford St","banner_or_chain":"Pet Valu","competitor_type":null,"city":"Wiarton","province":"ON","address":"690 Berford St"},"geometry":{"type":"Point","coordinates":[-81.14139,44.745736]}},{"type":"Feature","properties":{"kind":"network","id":"pv_0280","name":"Binbrook","banner_or_chain":"Pet Valu","competitor_type":null,"city":"Binbrook","province":"ON","address":"B1-2537 Regional Rd 56"},"geometry":{"type":"Point","coordinates":[-79.8017384,43.1243996]}},{"type":"Feature","properties":{"kind":"network","id":"pv_0281","name":"Black Diamond","banner_or_chain":"Pet Valu","competitor_type":null,"city":"Black Diamond","province":"AB","address":"102-150 3 St NE"},"geometry":{"type":"Point","coordinates":[-114.226365884026,50.6892251566144]}},{"type":"Feature","properties":{"kind":"network","id":"pv_0282","name":"Blackfalds","banner_or_chain":"Pet Valu","competitor_type":null,"city":"Blackfalds","province":"AB","address":"400-37 Cottonwood Dr"},"geometry":{"type":"Point","coordinates":[-113.783466,52.3873677]}},{"type":"Feature","properties":{"kind":"network","id":"pv_0283","name":"Blair & Ogilvie / Gloucester Centre","banner_or_chain":"Pet Valu","competitor_type":null,"city":"Gloucester","province":"ON","address":"143-1980 Ogilvie Rd"},"geometry":{"type":"Point","coordinates":[-75.6093725,45.432439]}},{"type":"Feature","properties":{"kind":"network","id":"pv_0284","name":"Blenheim","banner_or_chain":"Pet Valu","competitor_type":null,"city":"Blenheim","province":"ON","address":"364 Chatham St N"},"geometry":{"type":"Point","coordinates":[-82.0096423,42.3403255]}},{"type":"Feature","properties":{"kind":"network","id":"pv_0285","name":"Bloor West Village","banner_or_chain":"Pet Valu","competitor_type":null,"city":"Toronto","province":"ON","address":"2383 Bloor St W"},"geometry":{"type":"Point","coordinates":[-79.4822051,43.6495464]}},{"type":"Feature","properties":{"kind":"network","id":"pv_0286","name":"Bobcaygeon","banner_or_chain":"Pet Valu","competitor_type":null,"city":"Bobcaygeon","province":"ON","address":"101 East St"},"geometry":{"type":"Point","coordinates":[-78.539472,44.5380326]}},{"type":"Feature","properties":{"kind":"network","id":"pv_0287","name":"Bolton","banner_or_chain":"Pet Valu","competitor_type":null,"city":"Bolton","province":"ON","address":"12-40 McEwan Dr"},"geometry":{"type":"Point","coordinates":[-79.7131125,43.8631732]}},{"type":"Feature","properties":{"kind":"network","id":"pv_0288","name":"Bonnyville","banner_or_chain":"Pet Valu","competitor_type":null,"city":"Bonnyville","province":"AB","address":"4905 46 St"},"geometry":{"type":"Point","coordinates":[-110.7297711,54.267366]}},{"type":"Feature","properties":{"kind":"network","id":"pv_0289","name":"Bower Pl - Red Deer","banner_or_chain":"Pet Valu","competitor_type":null,"city":"Red Deer","province":"AB","address":"112-2325 50 Ave"},"geometry":{"type":"Point","coordinates":[-113.8127285,52.2406219]}},{"type":"Feature","properties":{"kind":"network","id":"pv_0290","name":"Bowmanville Clarington & King St","banner_or_chain":"Pet Valu","competitor_type":null,"city":"Bowmanville","province":"ON","address":"2379 Hwy 2"},"geometry":{"type":"Point","coordinates":[-78.7084285,43.9094718]}},{"type":"Feature","properties":{"kind":"network","id":"pv_0291","name":"Bowmanville Mall","banner_or_chain":"Pet Valu","competitor_type":null,"city":"Bowmanville","province":"ON","address":"243 King St E"},"geometry":{"type":"Point","coordinates":[-78.672808,43.9114245]}},{"type":"Feature","properties":{"kind":"network","id":"pv_0292","name":"Bowness","banner_or_chain":"Pet Valu","competitor_type":null,"city":"Calgary","province":"AB","address":"190-3420 69th St NW"},"geometry":{"type":"Point","coordinates":[-114.1873495,51.0830814]}},{"type":"Feature","properties":{"kind":"network","id":"pv_0293","name":"Bracebridge","banner_or_chain":"Pet Valu","competitor_type":null,"city":"Bracebridge","province":"ON","address":"500 Muskoka District Rd 118 W"},"geometry":{"type":"Point","coordinates":[-79.3280947,45.0426637]}},{"type":"Feature","properties":{"kind":"network","id":"pv_0294","name":"Bracebridge Depot Dr","banner_or_chain":"Pet Valu","competitor_type":null,"city":"Bracebridge","province":"ON","address":"3-32 Depot Dr"},"geometry":{"type":"Point","coordinates":[-79.2911606,45.0482107]}},{"type":"Feature","properties":{"kind":"network","id":"pv_0295","name":"Bradford","banner_or_chain":"Pet Valu","competitor_type":null,"city":"Bradford","province":"ON","address":"442 Holland St W"},"geometry":{"type":"Point","coordinates":[-79.5851891,44.1091945]}},{"type":"Feature","properties":{"kind":"network","id":"pv_0296","name":"Brae Centre","banner_or_chain":"Pet Valu","competitor_type":null,"city":"Calgary","province":"AB","address":"43-11440 Braeside Dr SW"},"geometry":{"type":"Point","coordinates":[-114.1170502,50.9529516]}},{"type":"Feature","properties":{"kind":"network","id":"pv_0297","name":"Bramalea","banner_or_chain":"Pet Valu","competitor_type":null,"city":"Brampton","province":"ON","address":"002-150 West Dr"},"geometry":{"type":"Point","coordinates":[-79.7332511,43.707431]}},{"type":"Feature","properties":{"kind":"network","id":"pv_0298","name":"Bramalea & Mayfield","banner_or_chain":"Pet Valu","competitor_type":null,"city":"Brampton","province":"ON","address":"1-11755 Bramalea Rd"},"geometry":{"type":"Point","coordinates":[-79.778192,43.7713647]}},{"type":"Feature","properties":{"kind":"network","id":"pv_0299","name":"Brampton Springdale","banner_or_chain":"Pet Valu","competitor_type":null,"city":"Brampton","province":"ON","address":"55 Mountainash Rd"},"geometry":{"type":"Point","coordinates":[-79.7291752,43.7606601]}},{"type":"Feature","properties":{"kind":"network","id":"pv_0300","name":"Brandon","banner_or_chain":"Pet Valu","competitor_type":null,"city":"Brandon","province":"MB","address":"1300 18th St D"},"geometry":{"type":"Point","coordinates":[-99.9628143,49.8288717]}},{"type":"Feature","properties":{"kind":"network","id":"pv_0301","name":"Brandon 18th St. North","banner_or_chain":"Pet Valu","competitor_type":null,"city":"Brandon","province":"MB","address":"10-825 18th St N"},"geometry":{"type":"Point","coordinates":[-99.9603033,49.8653825]}},{"type":"Feature","properties":{"kind":"network","id":"pv_0302","name":"Brantford King George Square","banner_or_chain":"Pet Valu","competitor_type":null,"city":"Brantford","province":"ON","address":"185 King George Rd"},"geometry":{"type":"Point","coordinates":[-80.2793493,43.1739563]}},{"type":"Feature","properties":{"kind":"network","id":"pv_0303","name":"Bridgeport & Weber Waterloo","banner_or_chain":"Pet Valu","competitor_type":null,"city":"Waterloo","province":"ON","address":"94 Bridgeport Rd E"},"geometry":{"type":"Point","coordinates":[-80.5148176,43.4711983]}},{"type":"Feature","properties":{"kind":"network","id":"pv_0304","name":"Bridgewater","banner_or_chain":"Pet Valu","competitor_type":null,"city":"Bridgewater","province":"NS","address":"175-450 Lahave St"},"geometry":{"type":"Point","coordinates":[-64.5146246,44.3793074]}},{"type":"Feature","properties":{"kind":"network","id":"pv_0305","name":"Bridgewater","banner_or_chain":"Pet Valu","competitor_type":null,"city":"Bridgewater","province":"NS","address":"4 New Pine Grove Rd"},"geometry":{"type":"Point","coordinates":[-64.5361595,44.3999756]}},{"type":"Feature","properties":{"kind":"network","id":"pv_0306","name":"Bridgwater","banner_or_chain":"Pet Valu","competitor_type":null,"city":"Winnipeg","province":"MB","address":"240-400 N Town Rd"},"geometry":{"type":"Point","coordinates":[-97.1977025,49.7978881]}},{"type":"Feature","properties":{"kind":"network","id":"pv_0307","name":"Brighton","banner_or_chain":"Pet Valu","competitor_type":null,"city":"Brighton","province":"ON","address":"12 Elizabeth St"},"geometry":{"type":"Point","coordinates":[-77.7359536,44.0420431]}},{"type":"Feature","properties":{"kind":"network","id":"pv_0308","name":"Brighton","banner_or_chain":"Pet Valu","competitor_type":null,"city":"Brighton","province":"SK","address":"85-145 Gibson Bend"},"geometry":{"type":"Point","coordinates":[-106.5499432,52.1325902]}},{"type":"Feature","properties":{"kind":"network","id":"pv_0309","name":"Britannia & Glen Erin Meadowvale","banner_or_chain":"Pet Valu","competitor_type":null,"city":"Mississauga","province":"ON","address":"6040 Glen Erin Dr"},"geometry":{"type":"Point","coordinates":[-79.739549,43.57448]}},{"type":"Feature","properties":{"kind":"network","id":"pv_0310","name":"Brockville","banner_or_chain":"Pet Valu","competitor_type":null,"city":"Brockville","province":"ON","address":"A3-2539 Parkedale Ave"},"geometry":{"type":"Point","coordinates":[-75.7025625,44.6013087]}},{"type":"Feature","properties":{"kind":"network","id":"pv_0311","name":"Brooklin","banner_or_chain":"Pet Valu","competitor_type":null,"city":"Brooklin","province":"ON","address":"5969 Baldwin St S"},"geometry":{"type":"Point","coordinates":[-78.9606455,43.9521384]}},{"type":"Feature","properties":{"kind":"network","id":"pv_0312","name":"Brooks","banner_or_chain":"Pet Valu","competitor_type":null,"city":"Brooks","province":"AB","address":"2-731 Alberta St"},"geometry":{"type":"Point","coordinates":[-111.8994977,50.574762]}},{"type":"Feature","properties":{"kind":"network","id":"pv_0313","name":"Burlington Appleby Village","banner_or_chain":"Pet Valu","competitor_type":null,"city":"Burlington","province":"ON","address":"22A-5111 New St"},"geometry":{"type":"Point","coordinates":[-79.7533364,43.3689184]}},{"type":"Feature","properties":{"kind":"network","id":"pv_0314","name":"Burlington Brant","banner_or_chain":"Pet Valu","competitor_type":null,"city":"Burlington","province":"ON","address":"2201 Brant St"},"geometry":{"type":"Point","coordinates":[-79.8418901,43.3566733]}},{"type":"Feature","properties":{"kind":"network","id":"pv_0315","name":"Burlington Fairview","banner_or_chain":"Pet Valu","competitor_type":null,"city":"Burlington","province":"ON","address":"3300 Fairview St"},"geometry":{"type":"Point","coordinates":[-79.7863327,43.3531626]}},{"type":"Feature","properties":{"kind":"network","id":"pv_0316","name":"Burlington Maple","banner_or_chain":"Pet Valu","competitor_type":null,"city":"Burlington","province":"ON","address":"1235 Fairview St"},"geometry":{"type":"Point","coordinates":[-79.8191548,43.3308616]}},{"type":"Feature","properties":{"kind":"network","id":"pv_0317","name":"Burlington Walkers","banner_or_chain":"Pet Valu","competitor_type":null,"city":"Burlington","province":"ON","address":"C1-3505 Upper Middle Rd"},"geometry":{"type":"Point","coordinates":[-79.808751,43.3791564]}},{"type":"Feature","properties":{"kind":"network","id":"pv_0318","name":"Burnhamthorpe","banner_or_chain":"Pet Valu","competitor_type":null,"city":"Etobicoke","province":"ON","address":"666 Burnhamthorpe Rd"},"geometry":{"type":"Point","coordinates":[-79.5770918,43.6414395]}},{"type":"Feature","properties":{"kind":"network","id":"pv_0319","name":"Calgary - Royal Oak","banner_or_chain":"Pet Valu","competitor_type":null,"city":"Calgary","province":"AB","address":"8888 Country Hills Blvd NW"},"geometry":{"type":"Point","coordinates":[-114.2128608,51.1509464]}},{"type":"Feature","properties":{"kind":"network","id":"pv_0320","name":"Calgary-Sunridge Plaza","banner_or_chain":"Pet Valu","competitor_type":null,"city":"Calgary","province":"AB","address":"110-3561 20th Ave NE"},"geometry":{"type":"Point","coordinates":[-113.9850278,51.0706892]}},{"type":"Feature","properties":{"kind":"network","id":"pv_0321","name":"Cambridge Cedar Street","banner_or_chain":"Pet Valu","competitor_type":null,"city":"Cambridge","province":"ON","address":"130 Cedar St"},"geometry":{"type":"Point","coordinates":[-80.3296645,43.352751]}},{"type":"Feature","properties":{"kind":"network","id":"pv_0322","name":"Cambridge Galt","banner_or_chain":"Pet Valu","competitor_type":null,"city":"Cambridge","province":"ON","address":"27A-200 Franklin Boulevard"},"geometry":{"type":"Point","coordinates":[-80.2883619,43.3572691]}},{"type":"Feature","properties":{"kind":"network","id":"pv_0323","name":"Cambridge Hespeler","banner_or_chain":"Pet Valu","competitor_type":null,"city":"Cambridge","province":"ON","address":"180 Holiday Inn Dr"},"geometry":{"type":"Point","coordinates":[-80.3240246,43.4154648]}},{"type":"Feature","properties":{"kind":"network","id":"pv_0324","name":"Cambridge Hespeler Road","banner_or_chain":"Pet Valu","competitor_type":null,"city":"Cambridge","province":"ON","address":"B10-350 Hespeler Rd"},"geometry":{"type":"Point","coordinates":[-80.3245697,43.3910209]}},{"type":"Feature","properties":{"kind":"network","id":"pv_0325","name":"Campus Waterloo","banner_or_chain":"Pet Valu","competitor_type":null,"city":"Waterloo","province":"ON","address":"J2-582 Weber St N"},"geometry":{"type":"Point","coordinates":[-80.5496047,43.4969942]}},{"type":"Feature","properties":{"kind":"network","id":"pv_0326","name":"Camrose","banner_or_chain":"Pet Valu","competitor_type":null,"city":"Camrose","province":"AB","address":"122-6800 48 Ave"},"geometry":{"type":"Point","coordinates":[-112.8600148,53.0187433]}},{"type":"Feature","properties":{"kind":"network","id":"pv_0327","name":"Canmore","banner_or_chain":"Pet Valu","competitor_type":null,"city":"Canmore","province":"AB","address":"320 Cascade Dr"},"geometry":{"type":"Point","coordinates":[-115.3133813,51.0531476]}},{"type":"Feature","properties":{"kind":"network","id":"pv_0328","name":"Carbonear","banner_or_chain":"Pet Valu","competitor_type":null,"city":"Carbonear","province":"NL","address":"2-99 Powell Dr"},"geometry":{"type":"Point","coordinates":[-53.2391772999999,47.7247373]}},{"type":"Feature","properties":{"kind":"network","id":"pv_0329","name":"Carleton Place","banner_or_chain":"Pet Valu","competitor_type":null,"city":"Carleton Place","province":"ON","address":"39 Lansdowne Ave"},"geometry":{"type":"Point","coordinates":[-76.1401479,45.1359954]}},{"type":"Feature","properties":{"kind":"network","id":"pv_0330","name":"Carling Avenue","banner_or_chain":"Pet Valu","competitor_type":null,"city":"Ottawa","province":"ON","address":"2144 Carling Ave"},"geometry":{"type":"Point","coordinates":[-75.7678267,45.3698516]}},{"type":"Feature","properties":{"kind":"network","id":"pv_0331","name":"Casselman","banner_or_chain":"Pet Valu","competitor_type":null,"city":"Casselman","province":"ON","address":"B1-98 Lafleche Blvd"},"geometry":{"type":"Point","coordinates":[-75.0846453,45.3062529]}},{"type":"Feature","properties":{"kind":"network","id":"pv_0332","name":"Castlegar","banner_or_chain":"Pet Valu","competitor_type":null,"city":"Castlegar","province":"BC","address":"2317 Columbia Ave"},"geometry":{"type":"Point","coordinates":[-117.6504576,49.2866966]}},{"type":"Feature","properties":{"kind":"network","id":"pv_0333","name":"Centre Village Mall","banner_or_chain":"Pet Valu","competitor_type":null,"city":"Lethbridge","province":"AB","address":"39-1240 2A Ave N"},"geometry":{"type":"Point","coordinates":[-112.8269233,49.7001461]}},{"type":"Feature","properties":{"kind":"network","id":"pv_0334","name":"Chappelle Commons","banner_or_chain":"Pet Valu","competitor_type":null,"city":"Edmonton","province":"AB","address":"F5-14155 28 Ave SW"},"geometry":{"type":"Point","coordinates":[-113.5676201,53.4094923]}},{"type":"Feature","properties":{"kind":"network","id":"pv_0335","name":"Charleswood Centre","banner_or_chain":"Pet Valu","competitor_type":null,"city":"Winnipeg","province":"MB","address":"12-3900 Grant Ave"},"geometry":{"type":"Point","coordinates":[-97.2629889,49.8579917]}},{"type":"Feature","properties":{"kind":"network","id":"pv_0336","name":"Charlottetown","banner_or_chain":"Pet Valu","competitor_type":null,"city":"Charlottetown","province":"PE","address":"4A-449 University Ave"},"geometry":{"type":"Point","coordinates":[-63.1382195,46.2495643]}},{"type":"Feature","properties":{"kind":"network","id":"pv_0337","name":"Chatham","banner_or_chain":"Pet Valu","competitor_type":null,"city":"Chatham","province":"ON","address":"647 Grand Ave W"},"geometry":{"type":"Point","coordinates":[-82.2114642,42.398124]}},{"type":"Feature","properties":{"kind":"network","id":"pv_0338","name":"Chelmsford","banner_or_chain":"Pet Valu","competitor_type":null,"city":"Chelmsford","province":"ON","address":"4764-22 Regional Rd 15"},"geometry":{"type":"Point","coordinates":[-81.1838505,46.5706206]}},{"type":"Feature","properties":{"kind":"network","id":"pv_0339","name":"Chester Shore Mall","banner_or_chain":"Pet Valu","competitor_type":null,"city":"Chester","province":"NS","address":"140-4115 Nova Scotia Trunk 3"},"geometry":{"type":"Point","coordinates":[-64.2485713,44.551271]}},{"type":"Feature","properties":{"kind":"network","id":"pv_0340","name":"Chetwynd Plaza","banner_or_chain":"Pet Valu","competitor_type":null,"city":"Chetwynd","province":"BC","address":"5300 N Access Rd"},"geometry":{"type":"Point","coordinates":[-121.636847522823,55.6964497394378]}},{"type":"Feature","properties":{"kind":"network","id":"pv_0341","name":"Churchill Square","banner_or_chain":"Pet Valu","competitor_type":null,"city":"St. John's","province":"NL","address":"39 Rowan St"},"geometry":{"type":"Point","coordinates":[-52.723097,47.573985]}},{"type":"Feature","properties":{"kind":"network","id":"pv_0342","name":"Clarenville Shopping Centre","banner_or_chain":"Pet Valu","competitor_type":null,"city":"Clarenville","province":"NL","address":"236 Memorial Dr"},"geometry":{"type":"Point","coordinates":[-53.9696222,48.1630558]}},{"type":"Feature","properties":{"kind":"network","id":"pv_0343","name":"Clarkson","banner_or_chain":"Pet Valu","competitor_type":null,"city":"Mississauga","province":"ON","address":"B9-950 Southdown Rd"},"geometry":{"type":"Point","coordinates":[-79.6294129,43.5101069]}},{"type":"Feature","properties":{"kind":"network","id":"pv_0344","name":"Cliffside","banner_or_chain":"Pet Valu","competitor_type":null,"city":"Scarborough","province":"ON","address":"2385 Kingston Rd"},"geometry":{"type":"Point","coordinates":[-79.2494483,43.7080987]}},{"type":"Feature","properties":{"kind":"network","id":"pv_0345","name":"Cobblestone - Grande Prairie","banner_or_chain":"Pet Valu","competitor_type":null,"city":"Grande Prairie","province":"AB","address":"103-9824 92 St"},"geometry":{"type":"Point","coordinates":[-118.7682457,55.1685635]}},{"type":"Feature","properties":{"kind":"network","id":"pv_0346","name":"Cobourg","banner_or_chain":"Pet Valu","competitor_type":null,"city":"Cobourg","province":"ON","address":"B3-500 Division St"},"geometry":{"type":"Point","coordinates":[-78.1672512,43.9674221]}},{"type":"Feature","properties":{"kind":"network","id":"pv_0347","name":"Cochrane","banner_or_chain":"Pet Valu","competitor_type":null,"city":"Cochrane","province":"AB","address":"105-55 Bow St"},"geometry":{"type":"Point","coordinates":[-114.4669724,51.1869249]}},{"type":"Feature","properties":{"kind":"network","id":"pv_0348","name":"Cochrane","banner_or_chain":"Pet Valu","competitor_type":null,"city":"Cochrane","province":"ON","address":"5-51 First St"},"geometry":{"type":"Point","coordinates":[-81.033813,49.0588075]}},{"type":"Feature","properties":{"kind":"network","id":"pv_0349","name":"Cold Lake","banner_or_chain":"Pet Valu","competitor_type":null,"city":"Cold Lake","province":"AB","address":"402A-6501 51st St"},"geometry":{"type":"Point","coordinates":[-110.2061085,54.4317807]}},{"type":"Feature","properties":{"kind":"network","id":"pv_0350","name":"Cole Harbour","banner_or_chain":"Pet Valu","competitor_type":null,"city":"Dartmouth","province":"NS","address":"5-4 Forest Hills Pky"},"geometry":{"type":"Point","coordinates":[-63.4927587,44.6730852]}},{"type":"Feature","properties":{"kind":"network","id":"pv_0351","name":"College & Ossington","banner_or_chain":"Pet Valu","competitor_type":null,"city":"Toronto","province":"ON","address":"833 College St"},"geometry":{"type":"Point","coordinates":[-79.4227616,43.6541584]}},{"type":"Feature","properties":{"kind":"network","id":"pv_0352","name":"College & Spadina","banner_or_chain":"Pet Valu","competitor_type":null,"city":"Toronto","province":"ON","address":"339 College St W"},"geometry":{"type":"Point","coordinates":[-79.4027344,43.6570982]}},{"type":"Feature","properties":{"kind":"network","id":"pv_0353","name":"College Square","banner_or_chain":"Pet Valu","competitor_type":null,"city":"Nepean","province":"ON","address":"1980 Baseline Rd"},"geometry":{"type":"Point","coordinates":[-75.7595978,45.3519773]}},{"type":"Feature","properties":{"kind":"network","id":"pv_0354","name":"Collingwood","banner_or_chain":"Pet Valu","competitor_type":null,"city":"Collingwood","province":"ON","address":"1-99 Balsam St"},"geometry":{"type":"Point","coordinates":[-80.2362539,44.5054359]}},{"type":"Feature","properties":{"kind":"network","id":"pv_0355","name":"Concord Square","banner_or_chain":"Pet Valu","competitor_type":null,"city":"Thornhill","province":"ON","address":"D2-720 Center St"},"geometry":{"type":"Point","coordinates":[-79.4526266,43.8107827]}},{"type":"Feature","properties":{"kind":"network","id":"pv_0356","name":"Convent Glen Shopping Centre","banner_or_chain":"Pet Valu","competitor_type":null,"city":"Orleans","province":"ON","address":"6509 Jeanne D'Arc Blvd N"},"geometry":{"type":"Point","coordinates":[-75.5361678,45.4799955]}},{"type":"Feature","properties":{"kind":"network","id":"pv_0357","name":"Corner Brook","banner_or_chain":"Pet Valu","competitor_type":null,"city":"Corner Brook","province":"NL","address":"C1-8 Murphy Square"},"geometry":{"type":"Point","coordinates":[-57.9213071999999,48.9595156]}},{"type":"Feature","properties":{"kind":"network","id":"pv_0358","name":"Cornerstone","banner_or_chain":"Pet Valu","competitor_type":null,"city":"Calgary","province":"AB","address":"1060-1155 Cornerstone Blvd NE"},"geometry":{"type":"Point","coordinates":[-113.9405923,51.1553193]}},{"type":"Feature","properties":{"kind":"network","id":"pv_0359","name":"Cornwall & Maple Grove Oakville","banner_or_chain":"Pet Valu","competitor_type":null,"city":"Oakville","province":"ON","address":"511 Maple Grove Dr"},"geometry":{"type":"Point","coordinates":[-79.655468,43.4799163]}},{"type":"Feature","properties":{"kind":"network","id":"pv_0360","name":"Cornwall Mall","banner_or_chain":"Pet Valu","competitor_type":null,"city":"Cornwall","province":"ON","address":"18-1380 2nd St E"},"geometry":{"type":"Point","coordinates":[-74.704261,45.0273726]}},{"type":"Feature","properties":{"kind":"network","id":"pv_0361","name":"Cornwall Vincent Massey","banner_or_chain":"Pet Valu","competitor_type":null,"city":"Cornwall","province":"ON","address":"1400 Vincent Massey Dr"},"geometry":{"type":"Point","coordinates":[-74.7568404,45.0295148]}},{"type":"Feature","properties":{"kind":"network","id":"pv_0362","name":"Corunna","banner_or_chain":"Pet Valu","competitor_type":null,"city":"Corunna","province":"ON","address":"D-197 Hill St"},"geometry":{"type":"Point","coordinates":[-82.4522543,42.8881458]}},{"type":"Feature","properties":{"kind":"network","id":"pv_0363","name":"Cranbrook","banner_or_chain":"Pet Valu","competitor_type":null,"city":"Cranbrook","province":"BC","address":"C2-2100 Willowbrook Dr"},"geometry":{"type":"Point","coordinates":[-115.7497949,49.5301739]}},{"type":"Feature","properties":{"kind":"network","id":"pv_0364","name":"Credit Ridge Commons","banner_or_chain":"Pet Valu","competitor_type":null,"city":"Brampton","province":"ON","address":"F004-9445 Mississauga Rd"},"geometry":{"type":"Point","coordinates":[-79.8138402,43.6560793]}},{"type":"Feature","properties":{"kind":"network","id":"pv_0365","name":"Creekside Centre","banner_or_chain":"Pet Valu","competitor_type":null,"city":"Stirling","province":"ON","address":"9 Tuftsville Rd"},"geometry":{"type":"Point","coordinates":[-77.5430435,44.2976921]}},{"type":"Feature","properties":{"kind":"network","id":"pv_0366","name":"Crowne Pointe Centre","banner_or_chain":"Pet Valu","competitor_type":null,"city":"Orleans","province":"ON","address":"3B-900 Watters Rd"},"geometry":{"type":"Point","coordinates":[-75.4734004,45.4820643]}},{"type":"Feature","properties":{"kind":"network","id":"pv_0367","name":"Currie Rd","banner_or_chain":"Pet Valu","competitor_type":null,"city":"Dutton","province":"ON","address":"201-11158 Currie Rd"},"geometry":{"type":"Point","coordinates":[-81.5097379,42.6714478]}},{"type":"Feature","properties":{"kind":"network","id":"pv_0368","name":"Dakota Park Plaza","banner_or_chain":"Pet Valu","competitor_type":null,"city":"Winnipeg","province":"MB","address":"4-200 Meadowood Dr"},"geometry":{"type":"Point","coordinates":[-97.106313,49.8271479]}},{"type":"Feature","properties":{"kind":"network","id":"pv_0369","name":"Dalhousie Station","banner_or_chain":"Pet Valu","competitor_type":null,"city":"Calgary","province":"AB","address":"515-5005 Dalhousie Dr NW"},"geometry":{"type":"Point","coordinates":[-114.1616698,51.1054066]}},{"type":"Feature","properties":{"kind":"network","id":"pv_0370","name":"Danforth & Vic Park","banner_or_chain":"Pet Valu","competitor_type":null,"city":"Toronto","province":"ON","address":"3003 Danforth Ave"},"geometry":{"type":"Point","coordinates":[-79.2906188,43.6902941]}},{"type":"Feature","properties":{"kind":"network","id":"pv_0371","name":"Dauphin","banner_or_chain":"Pet Valu","competitor_type":null,"city":"Dauphin","province":"MB","address":"D019-1450 Main St S"},"geometry":{"type":"Point","coordinates":[-100.0599763,51.1362868]}},{"type":"Feature","properties":{"kind":"network","id":"pv_0372","name":"Dawson Creek","banner_or_chain":"Pet Valu","competitor_type":null,"city":"Dawson Creek","province":"BC","address":"C110-11000 8th St"},"geometry":{"type":"Point","coordinates":[-120.2239561,55.7505108]}},{"type":"Feature","properties":{"kind":"network","id":"pv_0373","name":"Deep River","banner_or_chain":"Pet Valu","competitor_type":null,"city":"Deep River","province":"ON","address":"2-81 Deep River Rd"},"geometry":{"type":"Point","coordinates":[-77.48632,46.1005327]}},{"type":"Feature","properties":{"kind":"network","id":"pv_0374","name":"Deer Valley","banner_or_chain":"Pet Valu","competitor_type":null,"city":"Calgary","province":"AB","address":"1221 Canyon Meadows Dr SE"},"geometry":{"type":"Point","coordinates":[-114.0298998,50.9297102]}},{"type":"Feature","properties":{"kind":"network","id":"pv_0375","name":"Delisle Court","banner_or_chain":"Pet Valu","competitor_type":null,"city":"Toronto","province":"ON","address":"1560 Yonge St"},"geometry":{"type":"Point","coordinates":[-79.3948788,43.6895235]}},{"type":"Feature","properties":{"kind":"network","id":"pv_0376","name":"Devon","banner_or_chain":"Pet Valu","competitor_type":null,"city":"Devon","province":"AB","address":"A-49A Superior St"},"geometry":{"type":"Point","coordinates":[-113.7315918,53.3626832]}},{"type":"Feature","properties":{"kind":"network","id":"pv_0377","name":"Didsbury","banner_or_chain":"Pet Valu","competitor_type":null,"city":"Didsbury","province":"AB","address":"900 Shantz Dr"},"geometry":{"type":"Point","coordinates":[-114.1425791,51.6674704]}},{"type":"Feature","properties":{"kind":"network","id":"pv_0378","name":"Digby","banner_or_chain":"Pet Valu","competitor_type":null,"city":"Digby","province":"NS","address":"87 Warwick St"},"geometry":{"type":"Point","coordinates":[-65.76299,44.615193]}},{"type":"Feature","properties":{"kind":"network","id":"pv_0379","name":"Dominion Centre","banner_or_chain":"Pet Valu","competitor_type":null,"city":"Winnipeg","province":"MB","address":"27 Marion St"},"geometry":{"type":"Point","coordinates":[-97.1277193,49.882174]}},{"type":"Feature","properties":{"kind":"network","id":"pv_0380","name":"Don Mills","banner_or_chain":"Pet Valu","competitor_type":null,"city":"North York","province":"ON","address":"895 Lawrence Ave E"},"geometry":{"type":"Point","coordinates":[-79.3474514,43.7357354]}},{"type":"Feature","properties":{"kind":"network","id":"pv_0381","name":"Drayton Valley","banner_or_chain":"Pet Valu","competitor_type":null,"city":"Drayton Valley","province":"AB","address":"110-4341 50th St"},"geometry":{"type":"Point","coordinates":[-114.9758258,53.2152026]}},{"type":"Feature","properties":{"kind":"network","id":"pv_0382","name":"Dufferin & Belgravia","banner_or_chain":"Pet Valu","competitor_type":null,"city":"Toronto","province":"ON","address":"2409 Dufferin St"},"geometry":{"type":"Point","coordinates":[-79.4506444,43.6975513999999]}},{"type":"Feature","properties":{"kind":"network","id":"pv_0383","name":"Dufferin & Dupont","banner_or_chain":"Pet Valu","competitor_type":null,"city":"Toronto","province":"ON","address":"23-1245 Dupont St"},"geometry":{"type":"Point","coordinates":[-79.4420095,43.6670743]}},{"type":"Feature","properties":{"kind":"network","id":"pv_0384","name":"Dufferin & Steeles","banner_or_chain":"Pet Valu","competitor_type":null,"city":"North York","province":"ON","address":"B003-2181 Steeles Ave W"},"geometry":{"type":"Point","coordinates":[-79.4735839,43.7855523]}},{"type":"Feature","properties":{"kind":"network","id":"pv_0385","name":"Dundas & Dixie Mississauga","banner_or_chain":"Pet Valu","competitor_type":null,"city":"Mississauga","province":"ON","address":"7-1510 Dundas St E"},"geometry":{"type":"Point","coordinates":[-79.5791228,43.6110096]}},{"type":"Feature","properties":{"kind":"network","id":"pv_0386","name":"Dundas & Glen Erin Mississauga","banner_or_chain":"Pet Valu","competitor_type":null,"city":"Mississauga","province":"ON","address":"2400 Dundas St W"},"geometry":{"type":"Point","coordinates":[-79.6742646,43.5280274]}},{"type":"Feature","properties":{"kind":"network","id":"pv_0387","name":"Dunnville","banner_or_chain":"Pet Valu","competitor_type":null,"city":"Dunnville","province":"ON","address":"220 Broad St E"},"geometry":{"type":"Point","coordinates":[-79.6160423,42.9031508]}},{"type":"Feature","properties":{"kind":"network","id":"pv_0388","name":"Eastgate Regina","banner_or_chain":"Pet Valu","competitor_type":null,"city":"Regina","province":"SK","address":"D3-2035 Prince Of Wales Dr"},"geometry":{"type":"Point","coordinates":[-104.5315279,50.4462191]}},{"type":"Feature","properties":{"kind":"network","id":"pv_0389","name":"Edgemont Landing","banner_or_chain":"Pet Valu","competitor_type":null,"city":"Edmonton","province":"AB","address":"2-20125 Lessard Rd NW"},"geometry":{"type":"Point","coordinates":[-113.673622,53.476992]}},{"type":"Feature","properties":{"kind":"network","id":"pv_0390","name":"Edmonton Canterra","banner_or_chain":"Pet Valu","competitor_type":null,"city":"Edmonton","province":"AB","address":"10110 109 St"},"geometry":{"type":"Point","coordinates":[-113.5088121,53.541219]}},{"type":"Feature","properties":{"kind":"network","id":"pv_0391","name":"Edmundston","banner_or_chain":"Pet Valu","competitor_type":null,"city":"Edmundston","province":"NB","address":"2-801 Victoria St"},"geometry":{"type":"Point","coordinates":[-68.3440458,47.3946733]}},{"type":"Feature","properties":{"kind":"network","id":"pv_0392","name":"Edson","banner_or_chain":"Pet Valu","competitor_type":null,"city":"Edson","province":"AB","address":"5-330 45 St"},"geometry":{"type":"Point","coordinates":[-116.4207357,53.5863168]}},{"type":"Feature","properties":{"kind":"network","id":"pv_0393","name":"Ellerslie","banner_or_chain":"Pet Valu","competitor_type":null,"city":"Edmonton","province":"AB","address":"820 Parsons Rd SW"},"geometry":{"type":"Point","coordinates":[-113.4814115,53.4262775]}},{"type":"Feature","properties":{"kind":"network","id":"pv_0394","name":"Elliot Lake","banner_or_chain":"Pet Valu","competitor_type":null,"city":"Elliot Lake","province":"ON","address":"E-14 Oakland Blvd"},"geometry":{"type":"Point","coordinates":[-82.6374541,46.3809929]}},{"type":"Feature","properties":{"kind":"network","id":"pv_0395","name":"Elmira Foodland Plaza","banner_or_chain":"Pet Valu","competitor_type":null,"city":"Elmira","province":"ON","address":"315 Arthur St S"},"geometry":{"type":"Point","coordinates":[-80.560443,43.5830998]}},{"type":"Feature","properties":{"kind":"network","id":"pv_0396","name":"Elmsdale","banner_or_chain":"Pet Valu","competitor_type":null,"city":"Elmsdale","province":"NS","address":"123-155 269 Hwy 214"},"geometry":{"type":"Point","coordinates":[-63.5049366,44.9773132]}},{"type":"Feature","properties":{"kind":"network","id":"pv_0397","name":"Elmvale","banner_or_chain":"Pet Valu","competitor_type":null,"city":"Elmvale","province":"ON","address":"74 Yonge St S"},"geometry":{"type":"Point","coordinates":[-79.8614234,44.5778869]}},{"type":"Feature","properties":{"kind":"network","id":"pv_0398","name":"Elmwood-Moncton","banner_or_chain":"Pet Valu","competitor_type":null,"city":"Moncton","province":"NB","address":"553 Elmwood Dr"},"geometry":{"type":"Point","coordinates":[-64.7695038,46.1215841]}},{"type":"Feature","properties":{"kind":"network","id":"pv_0399","name":"Embrun Mall","banner_or_chain":"Pet Valu","competitor_type":null,"city":"Embrun","province":"ON","address":"6-767 Notre Dame"},"geometry":{"type":"Point","coordinates":[-75.3020565,45.2692551]}},{"type":"Feature","properties":{"kind":"network","id":"pv_0400","name":"Emerald & Clover Bar Sherwood Park","banner_or_chain":"Pet Valu","competitor_type":null,"city":"Sherwood Park","province":"AB","address":"130-8005 Emerald Dr"},"geometry":{"type":"Point","coordinates":[-113.273108,53.5664765]}},{"type":"Feature","properties":{"kind":"network","id":"pv_0401","name":"Emerald Crossing - Shelburne","banner_or_chain":"Pet Valu","competitor_type":null,"city":"Shelburne","province":"ON","address":"1-816 Ojibway Rd"},"geometry":{"type":"Point","coordinates":[-80.1854304,44.0843605]}},{"type":"Feature","properties":{"kind":"network","id":"pv_0402","name":"Erin","banner_or_chain":"Pet Valu","competitor_type":null,"city":"Erin","province":"ON","address":"140 Main St"},"geometry":{"type":"Point","coordinates":[-80.0645529,43.7702843]}},{"type":"Feature","properties":{"kind":"network","id":"pv_0403","name":"Espanola","banner_or_chain":"Pet Valu","competitor_type":null,"city":"Espanola","province":"ON","address":"800 Centre ST HWY 6 S"},"geometry":{"type":"Point","coordinates":[-81.7575344,46.2485799]}},{"type":"Feature","properties":{"kind":"network","id":"pv_0404","name":"Essex","banner_or_chain":"Pet Valu","competitor_type":null,"city":"Essex","province":"ON","address":"39 Arthur Ave"},"geometry":{"type":"Point","coordinates":[-82.820426,42.173972]}},{"type":"Feature","properties":{"kind":"network","id":"pv_0405","name":"Estevan","banner_or_chain":"Pet Valu","competitor_type":null,"city":"Estevan","province":"SK","address":"1400-400 King St"},"geometry":{"type":"Point","coordinates":[-102.9787686,49.1454331]}},{"type":"Feature","properties":{"kind":"network","id":"pv_0406","name":"Evanston Calgary","banner_or_chain":"Pet Valu","competitor_type":null,"city":"Calgary","province":"AB","address":"7026-2060 Symons Valley Pkwy NW"},"geometry":{"type":"Point","coordinates":[-114.1096071,51.1751817]}},{"type":"Feature","properties":{"kind":"network","id":"pv_0407","name":"Evergreen Crossing","banner_or_chain":"Pet Valu","competitor_type":null,"city":"Saskatoon","province":"SK","address":"75-1260 Baltzan Blvd"},"geometry":{"type":"Point","coordinates":[-106.55504,52.1716063]}},{"type":"Feature","properties":{"kind":"network","id":"pv_0408","name":"Exeter","banner_or_chain":"Pet Valu","competitor_type":null,"city":"Exeter","province":"ON","address":"56 Thames Rd E"},"geometry":{"type":"Point","coordinates":[-81.4830437,43.3624427]}},{"type":"Feature","properties":{"kind":"network","id":"pv_0409","name":"Exploits Valley Mall","banner_or_chain":"Pet Valu","competitor_type":null,"city":"Grand Falls-Windsor","province":"NL","address":"19 Cromer Ave"},"geometry":{"type":"Point","coordinates":[-55.6504595700836,48.9479859062924]}},{"type":"Feature","properties":{"kind":"network","id":"pv_0410","name":"Fall River","banner_or_chain":"Pet Valu","competitor_type":null,"city":"Fall River","province":"NS","address":"0150-3290 Hwy 2"},"geometry":{"type":"Point","coordinates":[-63.6103291,44.8174964]}},{"type":"Feature","properties":{"kind":"network","id":"pv_0411","name":"Fanshawe Park & Hyde Park London","banner_or_chain":"Pet Valu","competitor_type":null,"city":"London","province":"ON","address":"4-1422 Fanshawe Park Rd W"},"geometry":{"type":"Point","coordinates":[-81.3368688,43.0095797]}},{"type":"Feature","properties":{"kind":"network","id":"pv_0412","name":"Fergus","banner_or_chain":"Pet Valu","competitor_type":null,"city":"Fergus","province":"ON","address":"900 Tower St S"},"geometry":{"type":"Point","coordinates":[-80.3648777,43.6964421]}},{"type":"Feature","properties":{"kind":"network","id":"pv_0413","name":"Fonthill","banner_or_chain":"Pet Valu","competitor_type":null,"city":"Fonthill","province":"ON","address":"20 Hwy 20"},"geometry":{"type":"Point","coordinates":[-79.2827938,43.0447661]}},{"type":"Feature","properties":{"kind":"network","id":"pv_0414","name":"Fort Erie","banner_or_chain":"Pet Valu","competitor_type":null,"city":"Fort Erie","province":"ON","address":"310 Garrison Rd"},"geometry":{"type":"Point","coordinates":[-78.925915,42.9046997]}},{"type":"Feature","properties":{"kind":"network","id":"pv_0415","name":"Fort McMurray","banner_or_chain":"Pet Valu","competitor_type":null,"city":"Fort McMurray","province":"AB","address":"9531 Franklin Ave"},"geometry":{"type":"Point","coordinates":[-111.371567,56.723326]}},{"type":"Feature","properties":{"kind":"network","id":"pv_0416","name":"Fort McMurray Eagle Ridge","banner_or_chain":"Pet Valu","competitor_type":null,"city":"Fort McMurray","province":"AB","address":"15-165 Eagle Ridge Blvd"},"geometry":{"type":"Point","coordinates":[-111.4326102,56.7527664]}},{"type":"Feature","properties":{"kind":"network","id":"pv_0417","name":"Fort McMurray Signal Road","banner_or_chain":"Pet Valu","competitor_type":null,"city":"Fort McMurray","province":"AB","address":"15-101 Signal Rd"},"geometry":{"type":"Point","coordinates":[-111.4280649,56.7314453]}},{"type":"Feature","properties":{"kind":"network","id":"pv_0418","name":"Fort Saskatchewan","banner_or_chain":"Pet Valu","competitor_type":null,"city":"Fort Saskatchewan","province":"AB","address":"103-9410 86 Ave"},"geometry":{"type":"Point","coordinates":[-113.2129593,53.6936836]}},{"type":"Feature","properties":{"kind":"network","id":"pv_0419","name":"Fredericton","banner_or_chain":"Pet Valu","competitor_type":null,"city":"Fredericton","province":"NB","address":"1-280 Main St"},"geometry":{"type":"Point","coordinates":[-66.649358,45.9755393]}},{"type":"Feature","properties":{"kind":"network","id":"pv_0420","name":"Front St","banner_or_chain":"Pet Valu","competitor_type":null,"city":"Toronto","province":"ON","address":"184 Front St E"},"geometry":{"type":"Point","coordinates":[-79.3671229,43.65066]}},{"type":"Feature","properties":{"kind":"network","id":"pv_0421","name":"Front Street","banner_or_chain":"Pet Valu","competitor_type":null,"city":"Hearst","province":"ON","address":"1106 Front St"},"geometry":{"type":"Point","coordinates":[-83.6705441,49.6906307]}},{"type":"Feature","properties":{"kind":"network","id":"pv_0422","name":"Galleria Shops","banner_or_chain":"Pet Valu","competitor_type":null,"city":"Vegreville","province":"AB","address":"100B-5341 50th Ave"},"geometry":{"type":"Point","coordinates":[-112.0644614,53.4982393]}},{"type":"Feature","properties":{"kind":"network","id":"pv_0423","name":"Gananoque","banner_or_chain":"Pet Valu","competitor_type":null,"city":"Gananoque","province":"ON","address":"711 King St E"},"geometry":{"type":"Point","coordinates":[-76.1489125,44.3372517]}},{"type":"Feature","properties":{"kind":"network","id":"pv_0424","name":"Gander","banner_or_chain":"Pet Valu","competitor_type":null,"city":"Gander","province":"NL","address":"E002-29 Roe Ave"},"geometry":{"type":"Point","coordinates":[-54.5977026,48.9600237]}},{"type":"Feature","properties":{"kind":"network","id":"pv_0425","name":"Gibson Avenue Plaza","banner_or_chain":"Pet Valu","competitor_type":null,"city":"Stewiacke","province":"NS","address":"1-30 Gibson Blvd"},"geometry":{"type":"Point","coordinates":[-63.3587585999999,45.1379412]}},{"type":"Feature","properties":{"kind":"network","id":"pv_0426","name":"Gibsons","banner_or_chain":"Pet Valu","competitor_type":null,"city":"Gibsons","province":"BC","address":"3-900 Gibsons Way"},"geometry":{"type":"Point","coordinates":[-123.5190911,49.4074162]}},{"type":"Feature","properties":{"kind":"network","id":"pv_0427","name":"Glace Bay","banner_or_chain":"Pet Valu","competitor_type":null,"city":"Glace Bay","province":"NS","address":"3 Sterling Rd"},"geometry":{"type":"Point","coordinates":[-59.9585533,46.2021402]}},{"type":"Feature","properties":{"kind":"network","id":"pv_0428","name":"Glenridding Village","banner_or_chain":"Pet Valu","competitor_type":null,"city":"Edmonton","province":"AB","address":"16507 Rabbit Hill Rd SW"},"geometry":{"type":"Point","coordinates":[-113.609678974187,53.4093802418324]}},{"type":"Feature","properties":{"kind":"network","id":"pv_0429","name":"Goderich","banner_or_chain":"Pet Valu","competitor_type":null,"city":"Goderich","province":"ON","address":"35400 Huron Rd"},"geometry":{"type":"Point","coordinates":[-81.6903596,43.731681]}},{"type":"Feature","properties":{"kind":"network","id":"pv_0430","name":"Golden","banner_or_chain":"Pet Valu","competitor_type":null,"city":"Golden","province":"BC","address":"B-615 9th Ave N"},"geometry":{"type":"Point","coordinates":[-116.9689035,51.3020271]}},{"type":"Feature","properties":{"kind":"network","id":"pv_0431","name":"Governor's Rd & Main St. Dundas","banner_or_chain":"Pet Valu","competitor_type":null,"city":"Dundas","province":"ON","address":"86-94 Main St"},"geometry":{"type":"Point","coordinates":[-79.9523993,43.2626933]}},{"type":"Feature","properties":{"kind":"network","id":"pv_0432","name":"Grand Bend","banner_or_chain":"Pet Valu","competitor_type":null,"city":"Grand Bend","province":"ON","address":"1-55 Main St E"},"geometry":{"type":"Point","coordinates":[-81.7519983,43.3106359]}},{"type":"Feature","properties":{"kind":"network","id":"pv_0433","name":"Grand Falls Shopping Centre","banner_or_chain":"Pet Valu","competitor_type":null,"city":"Grand Falls","province":"NB","address":"180 Madawaska Rd"},"geometry":{"type":"Point","coordinates":[-67.7431539,47.0542314]}},{"type":"Feature","properties":{"kind":"network","id":"pv_0434","name":"Grande Prairie","banner_or_chain":"Pet Valu","competitor_type":null,"city":"Grande Prairie","province":"AB","address":"106-11030 100 St"},"geometry":{"type":"Point","coordinates":[-118.7957491,55.1808436]}},{"type":"Feature","properties":{"kind":"network","id":"pv_0435","name":"Gravenhurst","banner_or_chain":"Pet Valu","competitor_type":null,"city":"Gravenhurst","province":"ON","address":"7-351 Talisman Dr"},"geometry":{"type":"Point","coordinates":[-79.3689727,44.9060519]}},{"type":"Feature","properties":{"kind":"network","id":"pv_0436","name":"Greely","banner_or_chain":"Pet Valu","competitor_type":null,"city":"Greely","province":"ON","address":"201-6045 Bank St"},"geometry":{"type":"Point","coordinates":[-75.5558681,45.2643375]}},{"type":"Feature","properties":{"kind":"network","id":"pv_0437","name":"Greenwood","banner_or_chain":"Pet Valu","competitor_type":null,"city":"Greenwood","province":"NS","address":"963 Central Ave"},"geometry":{"type":"Point","coordinates":[-64.924397,44.968433]}},{"type":"Feature","properties":{"kind":"network","id":"pv_0438","name":"Grimsby St. Andrews Ave","banner_or_chain":"Pet Valu","competitor_type":null,"city":"Grimsby","province":"ON","address":"42 St Andrews Ave N"},"geometry":{"type":"Point","coordinates":[-79.5679941,43.1968784]}},{"type":"Feature","properties":{"kind":"network","id":"pv_0439","name":"Guelph Gordon & Clair","banner_or_chain":"Pet Valu","competitor_type":null,"city":"Guelph","province":"ON","address":"J5-158 Clair Rd"},"geometry":{"type":"Point","coordinates":[-80.1909501,43.5024273]}},{"type":"Feature","properties":{"kind":"network","id":"pv_0440","name":"Guelph Speedvale","banner_or_chain":"Pet Valu","competitor_type":null,"city":"Guelph","province":"ON","address":"2-378 Speedvale Ave E"},"geometry":{"type":"Point","coordinates":[-80.2573532,43.5676965]}},{"type":"Feature","properties":{"kind":"network","id":"pv_0441","name":"Guelph St. Georgetown","banner_or_chain":"Pet Valu","competitor_type":null,"city":"Georgetown","province":"ON","address":"235 Guelph St"},"geometry":{"type":"Point","coordinates":[-79.8962847,43.6511484]}},{"type":"Feature","properties":{"kind":"network","id":"pv_0442","name":"Guelph West","banner_or_chain":"Pet Valu","competitor_type":null,"city":"Guelph","province":"ON","address":"1-1005 Paisley Rd"},"geometry":{"type":"Point","coordinates":[-80.288093,43.5240012]}},{"type":"Feature","properties":{"kind":"network","id":"pv_0443","name":"Haliburton","banner_or_chain":"Pet Valu","competitor_type":null,"city":"Haliburton","province":"ON","address":"231 Highland St"},"geometry":{"type":"Point","coordinates":[-78.5078901,45.0466942]}},{"type":"Feature","properties":{"kind":"network","id":"pv_0444","name":"Hamilton Centre Point","banner_or_chain":"Pet Valu","competitor_type":null,"city":"Hamilton","province":"ON","address":"7-610 King St W"},"geometry":{"type":"Point","coordinates":[-79.8863728,43.2620184]}},{"type":"Feature","properties":{"kind":"network","id":"pv_0445","name":"Hamilton Fennell","banner_or_chain":"Pet Valu","competitor_type":null,"city":"Hamilton","province":"ON","address":"550 Fennell Ave E"},"geometry":{"type":"Point","coordinates":[-79.8567163,43.232021]}},{"type":"Feature","properties":{"kind":"network","id":"pv_0446","name":"Hamilton Kingfisher","banner_or_chain":"Pet Valu","competitor_type":null,"city":"Hamilton","province":"ON","address":"920 Upper Wentworth St"},"geometry":{"type":"Point","coordinates":[-79.864283,43.2198616]}},{"type":"Feature","properties":{"kind":"network","id":"pv_0447","name":"Hamilton Mohawk","banner_or_chain":"Pet Valu","competitor_type":null,"city":"Hamilton","province":"ON","address":"9-801 Mohawk Rd W"},"geometry":{"type":"Point","coordinates":[-79.9230262,43.2331373]}},{"type":"Feature","properties":{"kind":"network","id":"pv_0448","name":"Hamilton Rosedale","banner_or_chain":"Pet Valu","competitor_type":null,"city":"Hamilton","province":"ON","address":"3-1900 King St E"},"geometry":{"type":"Point","coordinates":[-79.8066391,43.2307945]}},{"type":"Feature","properties":{"kind":"network","id":"pv_0449","name":"Hanover","banner_or_chain":"Pet Valu","competitor_type":null,"city":"Hanover","province":"ON","address":"732 10th St"},"geometry":{"type":"Point","coordinates":[-81.0118147,44.1549811]}},{"type":"Feature","properties":{"kind":"network","id":"pv_0450","name":"Hawkesbury","banner_or_chain":"Pet Valu","competitor_type":null,"city":"Hawkesbury","province":"ON","address":"130-454 County Rd 17 RR2"},"geometry":{"type":"Point","coordinates":[-74.5952268,45.5913936]}},{"type":"Feature","properties":{"kind":"network","id":"pv_0451","name":"Heart Lake","banner_or_chain":"Pet Valu","competitor_type":null,"city":"Brampton","province":"ON","address":"164 Sandalwood Pky E"},"geometry":{"type":"Point","coordinates":[-79.7964102,43.7273923]}},{"type":"Feature","properties":{"kind":"network","id":"pv_0452","name":"Heartland Station","banner_or_chain":"Pet Valu","competitor_type":null,"city":"Gibbons","province":"AB","address":"12-56016 Hwy 28A"},"geometry":{"type":"Point","coordinates":[-113.3246663,53.8107356]}},{"type":"Feature","properties":{"kind":"network","id":"pv_0453","name":"Heartland Town Centre","banner_or_chain":"Pet Valu","competitor_type":null,"city":"Mississauga","province":"ON","address":"3-885 Plymouth Dr"},"geometry":{"type":"Point","coordinates":[-79.69582,43.6081773]}},{"type":"Feature","properties":{"kind":"network","id":"pv_0454","name":"Heritage Plaza","banner_or_chain":"Pet Valu","competitor_type":null,"city":"Lasalle","province":"ON","address":"400-2301 Sandwich West Pky"},"geometry":{"type":"Point","coordinates":[-83.018352,42.2368178]}},{"type":"Feature","properties":{"kind":"network","id":"pv_0455","name":"Heritage Station","banner_or_chain":"Pet Valu","competitor_type":null,"city":"Calgary","province":"AB","address":"150-8835 Macleod Trail SW"},"geometry":{"type":"Point","coordinates":[-114.0734825,50.9747533]}},{"type":"Feature","properties":{"kind":"network","id":"pv_0456","name":"High Park","banner_or_chain":"Pet Valu","competitor_type":null,"city":"Toronto","province":"ON","address":"10-422 Roncesvalles Ave"},"geometry":{"type":"Point","coordinates":[-79.4514042,43.6518181]}},{"type":"Feature","properties":{"kind":"network","id":"pv_0457","name":"High River","banner_or_chain":"Pet Valu","competitor_type":null,"city":"High River","province":"AB","address":"E1-1225 1st St SE"},"geometry":{"type":"Point","coordinates":[-113.8690401,50.5712929]}},{"type":"Feature","properties":{"kind":"network","id":"pv_0458","name":"Highland & Lawrence Kitchener","banner_or_chain":"Pet Valu","competitor_type":null,"city":"Kitchener","province":"ON","address":"324 Highland Rd W"},"geometry":{"type":"Point","coordinates":[-80.510533,43.4391639]}},{"type":"Feature","properties":{"kind":"network","id":"pv_0459","name":"Highway 7A West Port Perry","banner_or_chain":"Pet Valu","competitor_type":null,"city":"Port Perry","province":"ON","address":"1535 Hwy 7A"},"geometry":{"type":"Point","coordinates":[-78.9651925,44.0932491]}},{"type":"Feature","properties":{"kind":"network","id":"pv_0460","name":"Hinton","banner_or_chain":"Pet Valu","competitor_type":null,"city":"Hinton","province":"AB","address":"632 Carmichael Lane"},"geometry":{"type":"Point","coordinates":[-117.6118619,53.3925275]}},{"type":"Feature","properties":{"kind":"network","id":"pv_0461","name":"Hollick Kenyon","banner_or_chain":"Pet Valu","competitor_type":null,"city":"Edmonton","province":"AB","address":"5241 167th Ave NW"},"geometry":{"type":"Point","coordinates":[-113.4163185,53.6274428]}},{"type":"Feature","properties":{"kind":"network","id":"pv_0462","name":"Hopedale Mall","banner_or_chain":"Pet Valu","competitor_type":null,"city":"Oakville","province":"ON","address":"1461 Rebecca St"},"geometry":{"type":"Point","coordinates":[-79.7045346,43.4128754]}},{"type":"Feature","properties":{"kind":"network","id":"pv_0463","name":"Howard & Ec Row Windsor","banner_or_chain":"Pet Valu","competitor_type":null,"city":"Windsor","province":"ON","address":"9-3155 Howard Ave"},"geometry":{"type":"Point","coordinates":[-83.0071185,42.2739634]}},{"type":"Feature","properties":{"kind":"network","id":"pv_0464","name":"Humboldt","banner_or_chain":"Pet Valu","competitor_type":null,"city":"Humboldt","province":"SK","address":"2309 8th Ave"},"geometry":{"type":"Point","coordinates":[-105.1492464,52.2009819]}},{"type":"Feature","properties":{"kind":"network","id":"pv_0465","name":"Huntsville","banner_or_chain":"Pet Valu","competitor_type":null,"city":"Huntsville","province":"ON","address":"101-73 King William St"},"geometry":{"type":"Point","coordinates":[-79.205336,45.3339941]}},{"type":"Feature","properties":{"kind":"network","id":"pv_0466","name":"Hurontario & Eglinton Mississauga","banner_or_chain":"Pet Valu","competitor_type":null,"city":"Mississauga","province":"ON","address":"3-5029 Hurontario St"},"geometry":{"type":"Point","coordinates":[-79.653374,43.6077214]}},{"type":"Feature","properties":{"kind":"network","id":"pv_0467","name":"Ingersoll","banner_or_chain":"Pet Valu","competitor_type":null,"city":"Ingersoll","province":"ON","address":"120 Thames St N"},"geometry":{"type":"Point","coordinates":[-80.8867506,43.0430477]}},{"type":"Feature","properties":{"kind":"network","id":"pv_0468","name":"Innes & Frank Bender","banner_or_chain":"Pet Valu","competitor_type":null,"city":"Orleans","province":"ON","address":"2-3838 Innes Rd"},"geometry":{"type":"Point","coordinates":[-75.5126397,45.4521296]}},{"type":"Feature","properties":{"kind":"network","id":"pv_0469","name":"Innisfail","banner_or_chain":"Pet Valu","competitor_type":null,"city":"Innisfail","province":"AB","address":"8-4303 50 St"},"geometry":{"type":"Point","coordinates":[-113.9385194,52.0266135]}},{"type":"Feature","properties":{"kind":"network","id":"pv_0470","name":"Innisfil Beach Road","banner_or_chain":"Pet Valu","competitor_type":null,"city":"Innisfil","province":"ON","address":"1491 Innisfil Beach Rd"},"geometry":{"type":"Point","coordinates":[-79.575518,44.3082905]}},{"type":"Feature","properties":{"kind":"network","id":"pv_0471","name":"Ira Needles & Highland Kitchener","banner_or_chain":"Pet Valu","competitor_type":null,"city":"Kitchener","province":"ON","address":"235 Ira Needles Blvd"},"geometry":{"type":"Point","coordinates":[-80.5540896,43.425026]}},{"type":"Feature","properties":{"kind":"network","id":"pv_0472","name":"Islington Ave - Queensway","banner_or_chain":"Pet Valu","competitor_type":null,"city":"Etobicoke","province":"ON","address":"3-1000 Islington Ave"},"geometry":{"type":"Point","coordinates":[-79.5183678,43.6301247]}},{"type":"Feature","properties":{"kind":"network","id":"pv_0473","name":"Islington Village","banner_or_chain":"Pet Valu","competitor_type":null,"city":"Woodbridge","province":"ON","address":"9600 Islington Ave"},"geometry":{"type":"Point","coordinates":[-79.6099876342773,43.8244172631835]}},{"type":"Feature","properties":{"kind":"network","id":"pv_0474","name":"Jones & Danforth","banner_or_chain":"Pet Valu","competitor_type":null,"city":"Toronto","province":"ON","address":"869 Danforth Ave"},"geometry":{"type":"Point","coordinates":[-79.3396126,43.6796726]}},{"type":"Feature","properties":{"kind":"network","id":"pv_0475","name":"Kanata","banner_or_chain":"Pet Valu","competitor_type":null,"city":"Kanata","province":"ON","address":"3-457 Hazeldean Rd"},"geometry":{"type":"Point","coordinates":[-75.8878805,45.299798]}},{"type":"Feature","properties":{"kind":"network","id":"pv_0476","name":"Kanata Centrum","banner_or_chain":"Pet Valu","competitor_type":null,"city":"Kanata","province":"ON","address":"300 Earl Grey Dr"},"geometry":{"type":"Point","coordinates":[-75.9156635,45.3116322]}},{"type":"Feature","properties":{"kind":"network","id":"pv_0477","name":"Kapuskasing","banner_or_chain":"Pet Valu","competitor_type":null,"city":"Kapuskasing","province":"ON","address":"13-25 Brunetville Rd"},"geometry":{"type":"Point","coordinates":[-82.418648,49.419294]}},{"type":"Feature","properties":{"kind":"network","id":"pv_0478","name":"Keele & Lawrence","banner_or_chain":"Pet Valu","competitor_type":null,"city":"North York","province":"ON","address":"1397 Lawrence Ave W"},"geometry":{"type":"Point","coordinates":[-79.4762701,43.708404]}},{"type":"Feature","properties":{"kind":"network","id":"pv_0479","name":"Keele & Wilson","banner_or_chain":"Pet Valu","competitor_type":null,"city":"North York","province":"ON","address":"1064 Wilson Ave"},"geometry":{"type":"Point","coordinates":[-79.4799021,43.7284207]}},{"type":"Feature","properties":{"kind":"network","id":"pv_0480","name":"Kemptville","banner_or_chain":"Pet Valu","competitor_type":null,"city":"Kemptville","province":"ON","address":"100-331 Ryans Well Dr"},"geometry":{"type":"Point","coordinates":[-75.6327477,45.0282236]}},{"type":"Feature","properties":{"kind":"network","id":"pv_0481","name":"Kenaston","banner_or_chain":"Pet Valu","competitor_type":null,"city":"Winnipeg","province":"MB","address":"B-1670 Kenaston Blvd"},"geometry":{"type":"Point","coordinates":[-97.2029325,49.8211852]}},{"type":"Feature","properties":{"kind":"network","id":"pv_0482","name":"Kenmount","banner_or_chain":"Pet Valu","competitor_type":null,"city":"St. John's","province":"NL","address":"39B Kelsey Dr"},"geometry":{"type":"Point","coordinates":[-52.7820951,47.551092]}},{"type":"Feature","properties":{"kind":"network","id":"pv_0483","name":"Kenora","banner_or_chain":"Pet Valu","competitor_type":null,"city":"Kenora","province":"ON","address":"5 Chipman St"},"geometry":{"type":"Point","coordinates":[-94.4862949,49.7669665]}},{"type":"Feature","properties":{"kind":"network","id":"pv_0484","name":"Keswick","banner_or_chain":"Pet Valu","competitor_type":null,"city":"Keswick","province":"ON","address":"24018 Woodbine Ave"},"geometry":{"type":"Point","coordinates":[-79.4481213,44.2262916]}},{"type":"Feature","properties":{"kind":"network","id":"pv_0485","name":"Kildonan Winnipeg","banner_or_chain":"Pet Valu","competitor_type":null,"city":"Winnipeg","province":"MB","address":"F110-1750 Plessis Rd"},"geometry":{"type":"Point","coordinates":[-97.02613,49.9095708]}},{"type":"Feature","properties":{"kind":"network","id":"pv_0486","name":"Kincardine Durham Market","banner_or_chain":"Pet Valu","competitor_type":null,"city":"Kincardine","province":"ON","address":"320 Durham Market S"},"geometry":{"type":"Point","coordinates":[-81.636592,44.1744006]}},{"type":"Feature","properties":{"kind":"network","id":"pv_0487","name":"Kindersley","banner_or_chain":"Pet Valu","competitor_type":null,"city":"Kindersley","province":"SK","address":"A-705 11 Ave E"},"geometry":{"type":"Point","coordinates":[-109.1433486,51.4746086]}},{"type":"Feature","properties":{"kind":"network","id":"pv_0488","name":"King & Bathurst","banner_or_chain":"Pet Valu","competitor_type":null,"city":"Toronto","province":"ON","address":"1-775 King St W"},"geometry":{"type":"Point","coordinates":[-79.4061842999999,43.6430219999999]}},{"type":"Feature","properties":{"kind":"network","id":"pv_0489","name":"King & Dufferin","banner_or_chain":"Pet Valu","competitor_type":null,"city":"Toronto","province":"ON","address":"1227 King St W"},"geometry":{"type":"Point","coordinates":[-79.4279362,43.6385582]}},{"type":"Feature","properties":{"kind":"network","id":"pv_0490","name":"King St W","banner_or_chain":"Pet Valu","competitor_type":null,"city":"Kitchener","province":"ON","address":"400 King St W"},"geometry":{"type":"Point","coordinates":[-80.4959643999999,43.4523506]}},{"type":"Feature","properties":{"kind":"network","id":"pv_0491","name":"Kings Point Plaza Brampton","banner_or_chain":"Pet Valu","competitor_type":null,"city":"Brampton","province":"ON","address":"370 Main St N"},"geometry":{"type":"Point","coordinates":[-79.7698434,43.6952362]}},{"type":"Feature","properties":{"kind":"network","id":"pv_0492","name":"Kingston - Riverview","banner_or_chain":"Pet Valu","competitor_type":null,"city":"Kingston","province":"ON","address":"A4-1200 Hwy 15"},"geometry":{"type":"Point","coordinates":[-76.4513777,44.2705173]}},{"type":"Feature","properties":{"kind":"network","id":"pv_0493","name":"Kingston Centre","banner_or_chain":"Pet Valu","competitor_type":null,"city":"Kingston","province":"ON","address":"D4-1036 Princess St"},"geometry":{"type":"Point","coordinates":[-76.5157122,44.2416529]}},{"type":"Feature","properties":{"kind":"network","id":"pv_0494","name":"Kingston Gardiners","banner_or_chain":"Pet Valu","competitor_type":null,"city":"Kingston","province":"ON","address":"7-500 Gardiners Rd"},"geometry":{"type":"Point","coordinates":[-76.566538,44.2361407]}},{"type":"Feature","properties":{"kind":"network","id":"pv_0495","name":"Kingsville","banner_or_chain":"Pet Valu","competitor_type":null,"city":"Kingsville","province":"ON","address":"2-410 Main St E"},"geometry":{"type":"Point","coordinates":[-82.7218633,42.0389727]}},{"type":"Feature","properties":{"kind":"network","id":"pv_0496","name":"Kingsway Mews","banner_or_chain":"Pet Valu","competitor_type":null,"city":"Edmonton","province":"AB","address":"10543 Kingsway NW"},"geometry":{"type":"Point","coordinates":[-113.5026454,53.5572978]}},{"type":"Feature","properties":{"kind":"network","id":"pv_0497","name":"Kirkland Lake","banner_or_chain":"Pet Valu","competitor_type":null,"city":"Kirkland Lake","province":"ON","address":"90 Government Rd W"},"geometry":{"type":"Point","coordinates":[-80.0389453,48.1487978]}},{"type":"Feature","properties":{"kind":"network","id":"pv_0498","name":"Kitchener Pioneer","banner_or_chain":"Pet Valu","competitor_type":null,"city":"Kitchener","province":"ON","address":"123 Pioneer Dr"},"geometry":{"type":"Point","coordinates":[-80.4326127,43.3937176]}},{"type":"Feature","properties":{"kind":"network","id":"pv_0499","name":"Kitchener Sunrise","banner_or_chain":"Pet Valu","competitor_type":null,"city":"Kitchener","province":"ON","address":"B17-1400 Ottawa St S"},"geometry":{"type":"Point","coordinates":[-80.5164076,43.4154306]}},{"type":"Feature","properties":{"kind":"network","id":"pv_0500","name":"Kitimat","banner_or_chain":"Pet Valu","competitor_type":null,"city":"Kitimat","province":"BC","address":"542 Mountainview Sq"},"geometry":{"type":"Point","coordinates":[-128.6491314,54.051671]}},{"type":"Feature","properties":{"kind":"network","id":"pv_0501","name":"Komoka","banner_or_chain":"Pet Valu","competitor_type":null,"city":"Komoka","province":"ON","address":"201-10166 Glendon Dr"},"geometry":{"type":"Point","coordinates":[-81.421917,42.9525613]}},{"type":"Feature","properties":{"kind":"network","id":"pv_0502","name":"Lacewood & Dunbrack","banner_or_chain":"Pet Valu","competitor_type":null,"city":"Halifax","province":"NS","address":"278 Lacewood Dr"},"geometry":{"type":"Point","coordinates":[-63.6551027,44.6611592]}},{"type":"Feature","properties":{"kind":"network","id":"pv_0503","name":"Lacombe","banner_or_chain":"Pet Valu","competitor_type":null,"city":"Lacombe","province":"AB","address":"2020-5830 Hwy 2 A"},"geometry":{"type":"Point","coordinates":[-113.7178308,52.4764809]}},{"type":"Feature","properties":{"kind":"network","id":"pv_0504","name":"Laird","banner_or_chain":"Pet Valu","competitor_type":null,"city":"Toronto","province":"ON","address":"3-95 Laird Dr"},"geometry":{"type":"Point","coordinates":[-79.3606579,43.706558]}},{"type":"Feature","properties":{"kind":"network","id":"pv_0505","name":"Lakefield","banner_or_chain":"Pet Valu","competitor_type":null,"city":"Lakefield","province":"ON","address":"144 Queen St"},"geometry":{"type":"Point","coordinates":[-78.2680868,44.4288707]}},{"type":"Feature","properties":{"kind":"network","id":"pv_0506","name":"Lakeshore & Long Branch","banner_or_chain":"Pet Valu","competitor_type":null,"city":"Etobicoke","province":"ON","address":"4-3590 Lakeshore Blvd W"},"geometry":{"type":"Point","coordinates":[-79.5348218,43.5944324]}},{"type":"Feature","properties":{"kind":"network","id":"pv_0507","name":"Lakeview Plaza","banner_or_chain":"Pet Valu","competitor_type":null,"city":"Calgary","province":"AB","address":"35-6439 Crowchild Trail SW"},"geometry":{"type":"Point","coordinates":[-114.1182665,50.9968984]}},{"type":"Feature","properties":{"kind":"network","id":"pv_0508","name":"Lambton Mall Sarnia","banner_or_chain":"Pet Valu","competitor_type":null,"city":"Sarnia","province":"ON","address":"88-1380 London Rd"},"geometry":{"type":"Point","coordinates":[-82.3535049,42.9825893]}},{"type":"Feature","properties":{"kind":"network","id":"pv_0509","name":"Lansdowne Avenue","banner_or_chain":"Pet Valu","competitor_type":null,"city":"Saint John","province":"NB","address":"87 Lansdowne Ave"},"geometry":{"type":"Point","coordinates":[-66.0792424,45.2772748]}},{"type":"Feature","properties":{"kind":"network","id":"pv_0510","name":"Lasalle","banner_or_chain":"Pet Valu","competitor_type":null,"city":"Lasalle","province":"ON","address":"5844 Malden Rd"},"geometry":{"type":"Point","coordinates":[-83.0574109,42.2487837]}},{"type":"Feature","properties":{"kind":"network","id":"pv_0511","name":"Laurelwood Common","banner_or_chain":"Pet Valu","competitor_type":null,"city":"Waterloo","province":"ON","address":"600 Laurelwood Dr"},"geometry":{"type":"Point","coordinates":[-80.5933579,43.4717969]}},{"type":"Feature","properties":{"kind":"network","id":"pv_0512","name":"Lawrence & Port Union","banner_or_chain":"Pet Valu","competitor_type":null,"city":"Scarborough","province":"ON","address":"5534 Lawrence Ave E"},"geometry":{"type":"Point","coordinates":[-79.1379314,43.7801296]}},{"type":"Feature","properties":{"kind":"network","id":"pv_0513","name":"Lawton's Windsor","banner_or_chain":"Pet Valu","competitor_type":null,"city":"Windsor","province":"NS","address":"543 O'Brien St"},"geometry":{"type":"Point","coordinates":[-64.1302651343933,44.991702152352]}},{"type":"Feature","properties":{"kind":"network","id":"pv_0514","name":"Le Carrefour Shopping Centre","banner_or_chain":"Pet Valu","competitor_type":null,"city":"Shippagan","province":"NB","address":"5-229 Boul J D Gauthier"},"geometry":{"type":"Point","coordinates":[-64.7093551,47.742572]}},{"type":"Feature","properties":{"kind":"network","id":"pv_0515","name":"Leamington","banner_or_chain":"Pet Valu","competitor_type":null,"city":"Leamington","province":"ON","address":"C1-288 Erie St S"},"geometry":{"type":"Point","coordinates":[-82.60027,42.036324]}},{"type":"Feature","properties":{"kind":"network","id":"pv_0516","name":"Leduc","banner_or_chain":"Pet Valu","competitor_type":null,"city":"Leduc","province":"AB","address":"1-5310 Discovery Way"},"geometry":{"type":"Point","coordinates":[-113.5681532,53.2681262]}},{"type":"Feature","properties":{"kind":"network","id":"pv_0517","name":"Leslie Centre","banner_or_chain":"Pet Valu","competitor_type":null,"city":"Richmond Hill","province":"ON","address":"A9-1390 Major Mackenzie Dr E"},"geometry":{"type":"Point","coordinates":[-79.3961674,43.8805339]}},{"type":"Feature","properties":{"kind":"network","id":"pv_0518","name":"Lethbridge","banner_or_chain":"Pet Valu","competitor_type":null,"city":"Lethbridge","province":"AB","address":"550 University Dr W"},"geometry":{"type":"Point","coordinates":[-112.8934378,49.6925673]}},{"type":"Feature","properties":{"kind":"network","id":"pv_0519","name":"Lethbridge North","banner_or_chain":"Pet Valu","competitor_type":null,"city":"Lethbridge","province":"AB","address":"20-2851 26th Ave N"},"geometry":{"type":"Point","coordinates":[-112.8004727,49.7286043]}},{"type":"Feature","properties":{"kind":"network","id":"pv_0520","name":"Lewvan Crossing","banner_or_chain":"Pet Valu","competitor_type":null,"city":"Regina","province":"SK","address":"101-4400 4th Ave"},"geometry":{"type":"Point","coordinates":[-104.646256,50.4633984]}},{"type":"Feature","properties":{"kind":"network","id":"pv_0521","name":"Lindsay","banner_or_chain":"Pet Valu","competitor_type":null,"city":"Lindsay","province":"ON","address":"350-363 Kent St W"},"geometry":{"type":"Point","coordinates":[-78.754785,44.3501084]}},{"type":"Feature","properties":{"kind":"network","id":"pv_0522","name":"Listowel","banner_or_chain":"Pet Valu","competitor_type":null,"city":"Listowel","province":"ON","address":"2-165 Mitchell Rd S"},"geometry":{"type":"Point","coordinates":[-80.9662578,43.7361501]}},{"type":"Feature","properties":{"kind":"network","id":"pv_0523","name":"Lloydminster","banner_or_chain":"Pet Valu","competitor_type":null,"city":"Lloydminster","province":"AB","address":"105C-5027 44 St"},"geometry":{"type":"Point","coordinates":[-110.007442,53.2773959]}},{"type":"Feature","properties":{"kind":"network","id":"pv_0524","name":"London Byron","banner_or_chain":"Pet Valu","competitor_type":null,"city":"London","province":"ON","address":"6-1240 Commissioners Rd W"},"geometry":{"type":"Point","coordinates":[-81.3309606,42.9585483]}},{"type":"Feature","properties":{"kind":"network","id":"pv_0525","name":"London Commissioners Rd. E","banner_or_chain":"Pet Valu","competitor_type":null,"city":"London","province":"ON","address":"631 Commissioners Rd E"},"geometry":{"type":"Point","coordinates":[-81.2329993,42.9576934]}},{"type":"Feature","properties":{"kind":"network","id":"pv_0526","name":"London Eastwood","banner_or_chain":"Pet Valu","competitor_type":null,"city":"London","province":"ON","address":"2-340 Clarke Rd"},"geometry":{"type":"Point","coordinates":[-81.174184327,43.0023622825]}},{"type":"Feature","properties":{"kind":"network","id":"pv_0527","name":"London Fanshawe","banner_or_chain":"Pet Valu","competitor_type":null,"city":"London","province":"ON","address":"109 Fanshawe Park Rd E"},"geometry":{"type":"Point","coordinates":[-81.2740307,43.0279234]}},{"type":"Feature","properties":{"kind":"network","id":"pv_0528","name":"London Highbury Ave","banner_or_chain":"Pet Valu","competitor_type":null,"city":"London","province":"ON","address":"1295 Highbury Ave"},"geometry":{"type":"Point","coordinates":[-81.2172641,43.0199225]}},{"type":"Feature","properties":{"kind":"network","id":"pv_0529","name":"London Oakridge","banner_or_chain":"Pet Valu","competitor_type":null,"city":"London","province":"ON","address":"9-760 Hyde Park Rd"},"geometry":{"type":"Point","coordinates":[-81.3225671,42.9778758]}},{"type":"Feature","properties":{"kind":"network","id":"pv_0530","name":"London Sherwood","banner_or_chain":"Pet Valu","competitor_type":null,"city":"London","province":"ON","address":"1225 Wonderland Rd N"},"geometry":{"type":"Point","coordinates":[-81.3051692,43.0054181]}},{"type":"Feature","properties":{"kind":"network","id":"pv_0531","name":"London Springbank","banner_or_chain":"Pet Valu","competitor_type":null,"city":"London","province":"ON","address":"390 Springbank Dr"},"geometry":{"type":"Point","coordinates":[-81.2819294,42.9681105]}},{"type":"Feature","properties":{"kind":"network","id":"pv_0532","name":"London Trafalgar","banner_or_chain":"Pet Valu","competitor_type":null,"city":"London","province":"ON","address":"1298 Trafalgar St"},"geometry":{"type":"Point","coordinates":[-81.1994649999999,42.9850882]}},{"type":"Feature","properties":{"kind":"network","id":"pv_0533","name":"London Westwood","banner_or_chain":"Pet Valu","competitor_type":null,"city":"London","province":"ON","address":"425 Southdale Rd W"},"geometry":{"type":"Point","coordinates":[-81.2830244,42.938384]}},{"type":"Feature","properties":{"kind":"network","id":"pv_0534","name":"Lower Sackville","banner_or_chain":"Pet Valu","competitor_type":null,"city":"Lower Sackville","province":"NS","address":"0180-752 Sackville Dr"},"geometry":{"type":"Point","coordinates":[-63.6944601,44.7711498]}},{"type":"Feature","properties":{"kind":"network","id":"pv_0535","name":"Lower Simcoe","banner_or_chain":"Pet Valu","competitor_type":null,"city":"Toronto","province":"ON","address":"1-11 Lower Simcoe St"},"geometry":{"type":"Point","coordinates":[-79.3831363,43.6409972]}},{"type":"Feature","properties":{"kind":"network","id":"pv_0536","name":"M City","banner_or_chain":"Pet Valu","competitor_type":null,"city":"Mississauga","province":"ON","address":"440 Burnhamthorpe Rd W"},"geometry":{"type":"Point","coordinates":[-79.64539,43.58421]}},{"type":"Feature","properties":{"kind":"network","id":"pv_0537","name":"Macmillian","banner_or_chain":"Pet Valu","competitor_type":null,"city":"Saskatoon","province":"SK","address":"135 21st St E"},"geometry":{"type":"Point","coordinates":[-106.6651674,52.1270582]}},{"type":"Feature","properties":{"kind":"network","id":"pv_0538","name":"Madison Square","banner_or_chain":"Pet Valu","competitor_type":null,"city":"Winnipeg","province":"MB","address":"1630 Ness Ave"},"geometry":{"type":"Point","coordinates":[-97.2053523,49.8832712]}},{"type":"Feature","properties":{"kind":"network","id":"pv_0539","name":"Mahogany Village Market","banner_or_chain":"Pet Valu","competitor_type":null,"city":"Calgary","province":"AB","address":"1720-80 Mahogany Rd SE"},"geometry":{"type":"Point","coordinates":[-113.9414248,50.8950735]}},{"type":"Feature","properties":{"kind":"network","id":"pv_0540","name":"Main Street","banner_or_chain":"Pet Valu","competitor_type":null,"city":"Winnipeg","province":"MB","address":"1658 Main St"},"geometry":{"type":"Point","coordinates":[-97.1219864,49.9337454]}},{"type":"Feature","properties":{"kind":"network","id":"pv_0541","name":"Major Mackenzie & Dufferin","banner_or_chain":"Pet Valu","competitor_type":null,"city":"Vaughan","province":"ON","address":"1410 Major Mackenzie Dr"},"geometry":{"type":"Point","coordinates":[-79.485113,43.8635861]}},{"type":"Feature","properties":{"kind":"network","id":"pv_0542","name":"Manitouwadge","banner_or_chain":"Pet Valu","competitor_type":null,"city":"Manitouwadge","province":"ON","address":"21 Huron Walk"},"geometry":{"type":"Point","coordinates":[-85.8269714,49.1266931]}},{"type":"Feature","properties":{"kind":"network","id":"pv_0543","name":"Manotick","banner_or_chain":"Pet Valu","competitor_type":null,"city":"Manotick","province":"ON","address":"A6-1160 Beaverwood Rd"},"geometry":{"type":"Point","coordinates":[-75.6847765,45.223639]}},{"type":"Feature","properties":{"kind":"network","id":"pv_0544","name":"Maple","banner_or_chain":"Pet Valu","competitor_type":null,"city":"Maple","province":"ON","address":"B12-2810 Major Mackenzie Dr"},"geometry":{"type":"Point","coordinates":[-79.5342772,43.8518719]}},{"type":"Feature","properties":{"kind":"network","id":"pv_0545","name":"March & Klondike Kanata","banner_or_chain":"Pet Valu","competitor_type":null,"city":"Kanata","province":"ON","address":"854 March Rd"},"geometry":{"type":"Point","coordinates":[-75.9351431,45.3586856]}},{"type":"Feature","properties":{"kind":"network","id":"pv_0546","name":"Markdale","banner_or_chain":"Pet Valu","competitor_type":null,"city":"Markdale","province":"ON","address":"B1-105 Toronto St S"},"geometry":{"type":"Point","coordinates":[-80.6399608,44.3199154]}},{"type":"Feature","properties":{"kind":"network","id":"pv_0547","name":"Market At Meadows","banner_or_chain":"Pet Valu","competitor_type":null,"city":"Edmonton","province":"AB","address":"2386 24th St"},"geometry":{"type":"Point","coordinates":[-113.3796783,53.4553334]}},{"type":"Feature","properties":{"kind":"network","id":"pv_0548","name":"Market St. S & Icomm Dr. Brantford","banner_or_chain":"Pet Valu","competitor_type":null,"city":"Brantford","province":"ON","address":"Fs05-50 Market St S"},"geometry":{"type":"Point","coordinates":[-80.2627317,43.1359409]}},{"type":"Feature","properties":{"kind":"network","id":"pv_0549","name":"Markham Steeles Centre","banner_or_chain":"Pet Valu","competitor_type":null,"city":"Scarborough","province":"ON","address":"105-5985 Steeles Ave E"},"geometry":{"type":"Point","coordinates":[-79.2544975,43.835488]}},{"type":"Feature","properties":{"kind":"network","id":"pv_0550","name":"Markham Village","banner_or_chain":"Pet Valu","competitor_type":null,"city":"Markham","province":"ON","address":"9293 Markham Rd"},"geometry":{"type":"Point","coordinates":[-79.2633452,43.894495]}},{"type":"Feature","properties":{"kind":"network","id":"pv_0551","name":"Martensville","banner_or_chain":"Pet Valu","competitor_type":null,"city":"Martensville","province":"SK","address":"40 Centennial Dr N"},"geometry":{"type":"Point","coordinates":[-106.6712957,52.2912477]}},{"type":"Feature","properties":{"kind":"network","id":"pv_0552","name":"Marystown Mall","banner_or_chain":"Pet Valu","competitor_type":null,"city":"Marystown","province":"NL","address":"113-95 Ville Marie Dr"},"geometry":{"type":"Point","coordinates":[-55.1536509,47.1624189]}},{"type":"Feature","properties":{"kind":"network","id":"pv_0553","name":"Mavis & Dundas Mississauga","banner_or_chain":"Pet Valu","competitor_type":null,"city":"Mississauga","province":"ON","address":"3077 Mavis Rd"},"geometry":{"type":"Point","coordinates":[-79.6347826,43.5678682]}},{"type":"Feature","properties":{"kind":"network","id":"pv_0554","name":"Mayfield Common","banner_or_chain":"Pet Valu","competitor_type":null,"city":"Edmonton","province":"AB","address":"A014-294 Mayfield Common NW"},"geometry":{"type":"Point","coordinates":[-113.6091134,53.5428358]}},{"type":"Feature","properties":{"kind":"network","id":"pv_0555","name":"McPhillips Plaza","banner_or_chain":"Pet Valu","competitor_type":null,"city":"Winnipeg","province":"MB","address":"10-2136 McPhillips St"},"geometry":{"type":"Point","coordinates":[-97.1530028,49.9487964]}},{"type":"Feature","properties":{"kind":"network","id":"pv_0556","name":"Meadow Lake Mall","banner_or_chain":"Pet Valu","competitor_type":null,"city":"Meadow Lake","province":"SK","address":"5-829 9th St W"},"geometry":{"type":"Point","coordinates":[-108.4511675,54.1220965]}},{"type":"Feature","properties":{"kind":"network","id":"pv_0557","name":"Meaford","banner_or_chain":"Pet Valu","competitor_type":null,"city":"Meaford","province":"ON","address":"9-206497 Hwy 26"},"geometry":{"type":"Point","coordinates":[-80.5789185,44.5946824]}},{"type":"Feature","properties":{"kind":"network","id":"pv_0558","name":"Medicine Hat - Northepointe","banner_or_chain":"Pet Valu","competitor_type":null,"city":"Medicine Hat","province":"AB","address":"101-2430 Division Ave NW"},"geometry":{"type":"Point","coordinates":[-110.6893416,50.0632398]}},{"type":"Feature","properties":{"kind":"network","id":"pv_0559","name":"Medicine Hat Mall","banner_or_chain":"Pet Valu","competitor_type":null,"city":"Medicine Hat","province":"AB","address":"161-3292 Dunmore Rd SE"},"geometry":{"type":"Point","coordinates":[-110.6463059,50.0064005]}},{"type":"Feature","properties":{"kind":"network","id":"pv_0560","name":"Melville","banner_or_chain":"Pet Valu","competitor_type":null,"city":"Melville","province":"SK","address":"109-290 Prince William Dr"},"geometry":{"type":"Point","coordinates":[-102.8047152,50.9391485]}},{"type":"Feature","properties":{"kind":"network","id":"pv_0561","name":"Merivale & Baseline","banner_or_chain":"Pet Valu","competitor_type":null,"city":"Nepean","province":"ON","address":"1460 Merivale Rd"},"geometry":{"type":"Point","coordinates":[-75.7353497,45.3624785]}},{"type":"Feature","properties":{"kind":"network","id":"pv_0562","name":"Merritt","banner_or_chain":"Pet Valu","competitor_type":null,"city":"Merritt","province":"BC","address":"117-1700 Garcia St"},"geometry":{"type":"Point","coordinates":[-120.7872426,50.1071347]}},{"type":"Feature","properties":{"kind":"network","id":"pv_0563","name":"Midland","banner_or_chain":"Pet Valu","competitor_type":null,"city":"Midland","province":"ON","address":"9255 Hwy 93"},"geometry":{"type":"Point","coordinates":[-79.9090482,44.7382953]}},{"type":"Feature","properties":{"kind":"network","id":"pv_0564","name":"Midland Gate Shopping Centre","banner_or_chain":"Pet Valu","competitor_type":null,"city":"Kingston","province":"ON","address":"4-1117 Midland Ave"},"geometry":{"type":"Point","coordinates":[-76.5751894,44.2640616]}},{"type":"Feature","properties":{"kind":"network","id":"pv_0565","name":"Midtown Calgary","banner_or_chain":"Pet Valu","competitor_type":null,"city":"Calgary","province":"AB","address":"1115 11th Ave SW"},"geometry":{"type":"Point","coordinates":[-114.0870871,51.042736]}},{"type":"Feature","properties":{"kind":"network","id":"pv_0566","name":"Millbourne Mall","banner_or_chain":"Pet Valu","competitor_type":null,"city":"Edmonton","province":"AB","address":"7609 38th Ave NW"},"geometry":{"type":"Point","coordinates":[-113.450532,53.4731318]}},{"type":"Feature","properties":{"kind":"network","id":"pv_0567","name":"Milton","banner_or_chain":"Pet Valu","competitor_type":null,"city":"Milton","province":"ON","address":"890 Main St E"},"geometry":{"type":"Point","coordinates":[-79.8653259,43.5263275]}},{"type":"Feature","properties":{"kind":"network","id":"pv_0568","name":"Milton Bronte","banner_or_chain":"Pet Valu","competitor_type":null,"city":"Milton","province":"ON","address":"4-1015 Bronte St S"},"geometry":{"type":"Point","coordinates":[-79.8592388,43.4880206]}},{"type":"Feature","properties":{"kind":"network","id":"pv_0569","name":"Mimico","banner_or_chain":"Pet Valu","competitor_type":null,"city":"Etobicoke","province":"ON","address":"2734 Lake Shore Blvd W"},"geometry":{"type":"Point","coordinates":[-79.4986817,43.6024922]}},{"type":"Feature","properties":{"kind":"network","id":"pv_0570","name":"Miramichi","banner_or_chain":"Pet Valu","competitor_type":null,"city":"Miramichi","province":"NB","address":"125-2485 King George Hwy"},"geometry":{"type":"Point","coordinates":[-65.4902455,47.0321366]}},{"type":"Feature","properties":{"kind":"network","id":"pv_0571","name":"Mission Rd","banner_or_chain":"Pet Valu","competitor_type":null,"city":"Wawa","province":"ON","address":"179 Mission Rd"},"geometry":{"type":"Point","coordinates":[-84.7739027,47.9898304]}},{"type":"Feature","properties":{"kind":"network","id":"pv_0572","name":"Moncton","banner_or_chain":"Pet Valu","competitor_type":null,"city":"Moncton","province":"NB","address":"101-125 Main St"},"geometry":{"type":"Point","coordinates":[-64.7661376,46.0935965]}},{"type":"Feature","properties":{"kind":"network","id":"pv_0573","name":"Montague","banner_or_chain":"Pet Valu","competitor_type":null,"city":"Montague","province":"PE","address":"5344 Hwy A A Macdonald"},"geometry":{"type":"Point","coordinates":[-62.6511542,46.174728]}},{"type":"Feature","properties":{"kind":"network","id":"pv_0574","name":"Monterey","banner_or_chain":"Pet Valu","competitor_type":null,"city":"Calgary","province":"AB","address":"126-2220 68th St NE"},"geometry":{"type":"Point","coordinates":[-113.93415,51.0693]}},{"type":"Feature","properties":{"kind":"network","id":"pv_0575","name":"Moose Jaw","banner_or_chain":"Pet Valu","competitor_type":null,"city":"Moose Jaw","province":"SK","address":"2D-1251 Main St N"},"geometry":{"type":"Point","coordinates":[-105.5332561,50.404374]}},{"type":"Feature","properties":{"kind":"network","id":"pv_0576","name":"Moray Plaza","banner_or_chain":"Pet Valu","competitor_type":null,"city":"Winnipeg","province":"MB","address":"2363 Ness Ave"},"geometry":{"type":"Point","coordinates":[-97.26328,49.88658]}},{"type":"Feature","properties":{"kind":"network","id":"pv_0577","name":"Morningside","banner_or_chain":"Pet Valu","competitor_type":null,"city":"Toronto","province":"ON","address":"3A-4525 Kingston Rd"},"geometry":{"type":"Point","coordinates":[-79.1840402,43.7707478]}},{"type":"Feature","properties":{"kind":"network","id":"pv_0578","name":"Morrisburg","banner_or_chain":"Pet Valu","competitor_type":null,"city":"Morrisburg","province":"ON","address":"12438 County Rd 2"},"geometry":{"type":"Point","coordinates":[-75.1789367,44.9026633]}},{"type":"Feature","properties":{"kind":"network","id":"pv_0579","name":"Mount Pearl","banner_or_chain":"Pet Valu","competitor_type":null,"city":"Mount Pearl","province":"NL","address":"22 Gibson Dr"},"geometry":{"type":"Point","coordinates":[-52.8087637,47.5022483]}},{"type":"Feature","properties":{"kind":"network","id":"pv_0580","name":"Mountain Road","banner_or_chain":"Pet Valu","competitor_type":null,"city":"Moncton","province":"NB","address":"1644 Mountain Rd"},"geometry":{"type":"Point","coordinates":[-64.841433,46.1175535]}},{"type":"Feature","properties":{"kind":"network","id":"pv_0581","name":"Mountainview & Argyll Georgetown","banner_or_chain":"Pet Valu","competitor_type":null,"city":"Georgetown","province":"ON","address":"4-369 Mountainview Rd S"},"geometry":{"type":"Point","coordinates":[-79.8758617,43.6317532]}},{"type":"Feature","properties":{"kind":"network","id":"pv_0582","name":"Mullen Rd & Rabbit Hill Rd Edm","banner_or_chain":"Pet Valu","competitor_type":null,"city":"Edmonton","province":"AB","address":"103-5127 Mullen Rd NW"},"geometry":{"type":"Point","coordinates":[-113.57419,53.43369]}},{"type":"Feature","properties":{"kind":"network","id":"pv_0583","name":"Namao Centre","banner_or_chain":"Pet Valu","competitor_type":null,"city":"Edmonton","province":"AB","address":"15819 97 St NW"},"geometry":{"type":"Point","coordinates":[-113.4898729,53.6189912]}},{"type":"Feature","properties":{"kind":"network","id":"pv_0584","name":"Nelson","banner_or_chain":"Pet Valu","competitor_type":null,"city":"Nelson","province":"BC","address":"180-1150 Lakeside Dr"},"geometry":{"type":"Point","coordinates":[-117.2890698,49.4986402]}},{"type":"Feature","properties":{"kind":"network","id":"pv_0585","name":"New Glasgow","banner_or_chain":"Pet Valu","competitor_type":null,"city":"New Glasgow","province":"NS","address":"130-38 George St"},"geometry":{"type":"Point","coordinates":[-62.6483318,45.5907837]}},{"type":"Feature","properties":{"kind":"network","id":"pv_0586","name":"New Hamburg","banner_or_chain":"Pet Valu","competitor_type":null,"city":"New Hamburg","province":"ON","address":"100 Mill St"},"geometry":{"type":"Point","coordinates":[-80.7111035,43.3798733]}},{"type":"Feature","properties":{"kind":"network","id":"pv_0587","name":"New Liskeard","banner_or_chain":"Pet Valu","competitor_type":null,"city":"New Liskeard","province":"ON","address":"883303 Hwy 65"},"geometry":{"type":"Point","coordinates":[-79.6721672,47.524412]}},{"type":"Feature","properties":{"kind":"network","id":"pv_0588","name":"Newmarket No Frills Plaza","banner_or_chain":"Pet Valu","competitor_type":null,"city":"Newmarket","province":"ON","address":"17205 Leslie St"},"geometry":{"type":"Point","coordinates":[-79.4291613,44.0587882]}},{"type":"Feature","properties":{"kind":"network","id":"pv_0589","name":"Newmarket West","banner_or_chain":"Pet Valu","competitor_type":null,"city":"Newmarket","province":"ON","address":"16640 Yonge St"},"geometry":{"type":"Point","coordinates":[-79.4779145,44.0328821]}},{"type":"Feature","properties":{"kind":"network","id":"pv_0590","name":"Niagara Falls Lundy's Lane","banner_or_chain":"Pet Valu","competitor_type":null,"city":"Niagara Falls","province":"ON","address":"1A-8279 Lundy's Lane"},"geometry":{"type":"Point","coordinates":[-79.1372581,43.0896286]}},{"type":"Feature","properties":{"kind":"network","id":"pv_0591","name":"Niagara Falls Portage","banner_or_chain":"Pet Valu","competitor_type":null,"city":"Niagara Falls","province":"ON","address":"3714 Portage Rd"},"geometry":{"type":"Point","coordinates":[-79.0984925,43.1183553]}},{"type":"Feature","properties":{"kind":"network","id":"pv_0592","name":"Nipawin","banner_or_chain":"Pet Valu","competitor_type":null,"city":"Nipawin","province":"SK","address":"200 Railway Ave W"},"geometry":{"type":"Point","coordinates":[-104.0196482,53.361892]}},{"type":"Feature","properties":{"kind":"network","id":"pv_0593","name":"Nobleton Plaza","banner_or_chain":"Pet Valu","competitor_type":null,"city":"Nobleton","province":"ON","address":"14-13305 Hwy 27"},"geometry":{"type":"Point","coordinates":[-79.65363,43.90853]}},{"type":"Feature","properties":{"kind":"network","id":"pv_0594","name":"North Battleford","banner_or_chain":"Pet Valu","competitor_type":null,"city":"North Battleford","province":"SK","address":"108-312 Territorial Dr"},"geometry":{"type":"Point","coordinates":[-108.2766658,52.7629208]}},{"type":"Feature","properties":{"kind":"network","id":"pv_0595","name":"North Bay Algonquin","banner_or_chain":"Pet Valu","competitor_type":null,"city":"North Bay","province":"ON","address":"1899 Algonquin Ave"},"geometry":{"type":"Point","coordinates":[-79.4686806,46.3306603]}},{"type":"Feature","properties":{"kind":"network","id":"pv_0596","name":"North Bay Lakeshore","banner_or_chain":"Pet Valu","competitor_type":null,"city":"North Bay","province":"ON","address":"501-300 Lakeshore Dr"},"geometry":{"type":"Point","coordinates":[-79.4467573,46.2821368]}},{"type":"Feature","properties":{"kind":"network","id":"pv_0597","name":"North Hill","banner_or_chain":"Pet Valu","competitor_type":null,"city":"Calgary","province":"AB","address":"1812-1632 14th Ave"},"geometry":{"type":"Point","coordinates":[-114.1022832,51.0661588]}},{"type":"Feature","properties":{"kind":"network","id":"pv_0598","name":"North Sydney","banner_or_chain":"Pet Valu","competitor_type":null,"city":"North Sydney","province":"NS","address":"131 King St"},"geometry":{"type":"Point","coordinates":[-60.2633326,46.2154369]}},{"type":"Feature","properties":{"kind":"network","id":"pv_0599","name":"Northdale Shopping Centre","banner_or_chain":"Pet Valu","competitor_type":null,"city":"Winnipeg","province":"MB","address":"14A-963 Henderson Hwy"},"geometry":{"type":"Point","coordinates":[-97.0961022,49.9337626]}},{"type":"Feature","properties":{"kind":"network","id":"pv_0600","name":"Northland Plaza","banner_or_chain":"Pet Valu","competitor_type":null,"city":"Melfort","province":"SK","address":"620 Saskatchewan Ave E"},"geometry":{"type":"Point","coordinates":[-104.5969019,52.8575536]}},{"type":"Feature","properties":{"kind":"network","id":"pv_0601","name":"Norwich & Parkinson Woodstock","banner_or_chain":"Pet Valu","competitor_type":null,"city":"Woodstock","province":"ON","address":"4-473 Norwich Ave"},"geometry":{"type":"Point","coordinates":[-80.7351131,43.1166397]}},{"type":"Feature","properties":{"kind":"network","id":"pv_0602","name":"Oak Ridges","banner_or_chain":"Pet Valu","competitor_type":null,"city":"Richmond Hill","province":"ON","address":"C1-13239 Yonge St"},"geometry":{"type":"Point","coordinates":[-79.4541792999999,43.9515265]}},{"type":"Feature","properties":{"kind":"network","id":"pv_0603","name":"Oakville Foxcreek","banner_or_chain":"Pet Valu","competitor_type":null,"city":"Oakville","province":"ON","address":"2501 Third Line"},"geometry":{"type":"Point","coordinates":[-79.758167,43.4500252]}},{"type":"Feature","properties":{"kind":"network","id":"pv_0604","name":"Oakwoods Centre","banner_or_chain":"Pet Valu","competitor_type":null,"city":"Oakville","province":"ON","address":"1923 Ironoak Way"},"geometry":{"type":"Point","coordinates":[-79.6817212999999,43.4926858]}},{"type":"Feature","properties":{"kind":"network","id":"pv_0605","name":"Okotoks","banner_or_chain":"Pet Valu","competitor_type":null,"city":"Okotoks","province":"AB","address":"D108-105 Southbank Blvd"},"geometry":{"type":"Point","coordinates":[-113.9466403,50.7035999]}},{"type":"Feature","properties":{"kind":"network","id":"pv_0606","name":"Orangeville - Riddell","banner_or_chain":"Pet Valu","competitor_type":null,"city":"Orangeville","province":"ON","address":"G-502 Riddell Rd"},"geometry":{"type":"Point","coordinates":[-80.1204157,43.9040131]}},{"type":"Feature","properties":{"kind":"network","id":"pv_0607","name":"Orangeville Zehrs Plaza","banner_or_chain":"Pet Valu","competitor_type":null,"city":"Orangeville","province":"ON","address":"50 Fourth Ave"},"geometry":{"type":"Point","coordinates":[-80.0906985,43.9254988]}},{"type":"Feature","properties":{"kind":"network","id":"pv_0608","name":"Orchard Commercial","banner_or_chain":"Pet Valu","competitor_type":null,"city":"Edmonton","province":"AB","address":"E2-2514 66 St SW"},"geometry":{"type":"Point","coordinates":[-113.4432897,53.4096927]}},{"type":"Feature","properties":{"kind":"network","id":"pv_0609","name":"Orillia - Monarch Drive","banner_or_chain":"Pet Valu","competitor_type":null,"city":"Orillia","province":"ON","address":"B1-3300 Monarch Dr"},"geometry":{"type":"Point","coordinates":[-79.451715,44.610816]}},{"type":"Feature","properties":{"kind":"network","id":"pv_0610","name":"Orillia Fittons Plaza","banner_or_chain":"Pet Valu","competitor_type":null,"city":"Orillia","province":"ON","address":"425 W St N"},"geometry":{"type":"Point","coordinates":[-79.4330913,44.623122]}},{"type":"Feature","properties":{"kind":"network","id":"pv_0611","name":"Oromocto","banner_or_chain":"Pet Valu","competitor_type":null,"city":"Oromocto","province":"NB","address":"42-1198 Onondaga St"},"geometry":{"type":"Point","coordinates":[-66.4758496,45.8520482]}},{"type":"Feature","properties":{"kind":"network","id":"pv_0612","name":"Osborne Village","banner_or_chain":"Pet Valu","competitor_type":null,"city":"Winnipeg","province":"MB","address":"3-230 Osborne St"},"geometry":{"type":"Point","coordinates":[-97.140808,49.8755216]}},{"type":"Feature","properties":{"kind":"network","id":"pv_0613","name":"Oshawa (King Street)","banner_or_chain":"Pet Valu","competitor_type":null,"city":"Oshawa","province":"ON","address":"633 King St E"},"geometry":{"type":"Point","coordinates":[-78.8405524,43.902634]}},{"type":"Feature","properties":{"kind":"network","id":"pv_0614","name":"Oshawa - Harmony Road","banner_or_chain":"Pet Valu","competitor_type":null,"city":"Oshawa","province":"ON","address":"400-1445 Harmony Rd N"},"geometry":{"type":"Point","coordinates":[-78.8440134,43.9433435]}},{"type":"Feature","properties":{"kind":"network","id":"pv_0615","name":"Oshawa Lake Vista","banner_or_chain":"Pet Valu","competitor_type":null,"city":"Oshawa","province":"ON","address":"199 Wentworth St W"},"geometry":{"type":"Point","coordinates":[-78.8501586,43.8693655999999]}},{"type":"Feature","properties":{"kind":"network","id":"pv_0616","name":"Oshawa Ritson","banner_or_chain":"Pet Valu","competitor_type":null,"city":"Oshawa","province":"ON","address":"300 Taunton Rd E"},"geometry":{"type":"Point","coordinates":[-78.8678168,43.9362061]}},{"type":"Feature","properties":{"kind":"network","id":"pv_0617","name":"Oshawa Warren Ave","banner_or_chain":"Pet Valu","competitor_type":null,"city":"Oshawa","province":"ON","address":"101-1 Warren Ave"},"geometry":{"type":"Point","coordinates":[-78.8721931,43.8961615]}},{"type":"Feature","properties":{"kind":"network","id":"pv_0618","name":"Ottawa & River Rd Kitchener","banner_or_chain":"Pet Valu","competitor_type":null,"city":"Kitchener","province":"ON","address":"1005 Ottawa St N"},"geometry":{"type":"Point","coordinates":[-80.4446358,43.4494293]}},{"type":"Feature","properties":{"kind":"network","id":"pv_0619","name":"Ottawa - Greenbank","banner_or_chain":"Pet Valu","competitor_type":null,"city":"Nepean","province":"ON","address":"250 Greenbank Rd"},"geometry":{"type":"Point","coordinates":[-75.7797973,45.3254213]}},{"type":"Feature","properties":{"kind":"network","id":"pv_0620","name":"Ottawa - Riverside South","banner_or_chain":"Pet Valu","competitor_type":null,"city":"Ottawa","province":"ON","address":"106-665 River Rd"},"geometry":{"type":"Point","coordinates":[-75.697975,45.270886]}},{"type":"Feature","properties":{"kind":"network","id":"pv_0621","name":"Ottawa Alta Vista Dr","banner_or_chain":"Pet Valu","competitor_type":null,"city":"Ottawa","province":"ON","address":"2641 Alta Vista Dr"},"geometry":{"type":"Point","coordinates":[-75.6620977,45.3726653]}},{"type":"Feature","properties":{"kind":"network","id":"pv_0622","name":"Ottawa Beechwood","banner_or_chain":"Pet Valu","competitor_type":null,"city":"Ottawa","province":"ON","address":"170 Beechwood Ave"},"geometry":{"type":"Point","coordinates":[-75.6719519,45.4417028]}},{"type":"Feature","properties":{"kind":"network","id":"pv_0623","name":"Ottawa Elmvale","banner_or_chain":"Pet Valu","competitor_type":null,"city":"Ottawa","province":"ON","address":"2-970 Smyth Rd"},"geometry":{"type":"Point","coordinates":[-75.6246974,45.400677]}},{"type":"Feature","properties":{"kind":"network","id":"pv_0624","name":"Ottawa Glebe","banner_or_chain":"Pet Valu","competitor_type":null,"city":"Ottawa","province":"ON","address":"603 Bank St"},"geometry":{"type":"Point","coordinates":[-75.6907674,45.4074968]}},{"type":"Feature","properties":{"kind":"network","id":"pv_0625","name":"Ottawa Montreal Rd","banner_or_chain":"Pet Valu","competitor_type":null,"city":"Ottawa","province":"ON","address":"556 Montreal Rd"},"geometry":{"type":"Point","coordinates":[-75.6448449,45.4410591]}},{"type":"Feature","properties":{"kind":"network","id":"pv_0626","name":"Ottawa Richmond Rd","banner_or_chain":"Pet Valu","competitor_type":null,"city":"Ottawa","province":"ON","address":"1490 Richmond Rd"},"geometry":{"type":"Point","coordinates":[-75.790516,45.3619503]}},{"type":"Feature","properties":{"kind":"network","id":"pv_0627","name":"Ottawa Southgate","banner_or_chain":"Pet Valu","competitor_type":null,"city":"Ottawa","province":"ON","address":"2515 Bank St"},"geometry":{"type":"Point","coordinates":[-75.6455139,45.3548592]}},{"type":"Feature","properties":{"kind":"network","id":"pv_0628","name":"Ottawa Trainyards","banner_or_chain":"Pet Valu","competitor_type":null,"city":"Ottawa","province":"ON","address":"4-197 Trainyards Dr"},"geometry":{"type":"Point","coordinates":[-75.6383514,45.4115737]}},{"type":"Feature","properties":{"kind":"network","id":"pv_0629","name":"Ottawa Wellington","banner_or_chain":"Pet Valu","competitor_type":null,"city":"Ottawa","province":"ON","address":"2-1224 Wellington St W"},"geometry":{"type":"Point","coordinates":[-75.7312164,45.3997268]}},{"type":"Feature","properties":{"kind":"network","id":"pv_0630","name":"Owen Sound","banner_or_chain":"Pet Valu","competitor_type":null,"city":"Owen Sound","province":"ON","address":"3-856 10th St W"},"geometry":{"type":"Point","coordinates":[-80.9607087,44.5658698]}},{"type":"Feature","properties":{"kind":"network","id":"pv_0631","name":"Paradise","banner_or_chain":"Pet Valu","competitor_type":null,"city":"Paradise","province":"NL","address":"101-1641 Topsail Rd"},"geometry":{"type":"Point","coordinates":[-52.8748588999999,47.5271109]}},{"type":"Feature","properties":{"kind":"network","id":"pv_0632","name":"Paris","banner_or_chain":"Pet Valu","competitor_type":null,"city":"Paris","province":"ON","address":"308 Grand River St N"},"geometry":{"type":"Point","coordinates":[-80.3902616,43.2120243]}},{"type":"Feature","properties":{"kind":"network","id":"pv_0633","name":"Parkway Mall","banner_or_chain":"Pet Valu","competitor_type":null,"city":"Scarborough","province":"ON","address":"B2-75 Ellesmere Rd"},"geometry":{"type":"Point","coordinates":[-79.3122895,43.7581969]}},{"type":"Feature","properties":{"kind":"network","id":"pv_0634","name":"Parliament - Cabbagetown","banner_or_chain":"Pet Valu","competitor_type":null,"city":"Toronto","province":"ON","address":"240 Carlton St"},"geometry":{"type":"Point","coordinates":[-79.3685668,43.6642713]}},{"type":"Feature","properties":{"kind":"network","id":"pv_0635","name":"Parry Sound","banner_or_chain":"Pet Valu","competitor_type":null,"city":"Parry Sound","province":"ON","address":"1 Pine Dr"},"geometry":{"type":"Point","coordinates":[-80.0107912,45.3456756]}},{"type":"Feature","properties":{"kind":"network","id":"pv_0636","name":"Pasqua & Rochdale","banner_or_chain":"Pet Valu","competitor_type":null,"city":"Regina","province":"SK","address":"B2-4420 Rochdale Blvd"},"geometry":{"type":"Point","coordinates":[-104.6417282,50.4971685]}},{"type":"Feature","properties":{"kind":"network","id":"pv_0637","name":"Peace River","banner_or_chain":"Pet Valu","competitor_type":null,"city":"Peace River","province":"AB","address":"9909-78 St"},"geometry":{"type":"Point","coordinates":[-117.3375536,56.235091]}},{"type":"Feature","properties":{"kind":"network","id":"pv_0638","name":"Pembroke","banner_or_chain":"Pet Valu","competitor_type":null,"city":"Pembroke","province":"ON","address":"1100 Pembroke St E"},"geometry":{"type":"Point","coordinates":[-77.0839912,45.8206499]}},{"type":"Feature","properties":{"kind":"network","id":"pv_0639","name":"Perth","banner_or_chain":"Pet Valu","competitor_type":null,"city":"Perth","province":"ON","address":"80 Dufferin St"},"geometry":{"type":"Point","coordinates":[-76.2654728,44.9075173]}},{"type":"Feature","properties":{"kind":"network","id":"pv_0640","name":"Pet Valu D'Arcy Crossing","banner_or_chain":"Pet Valu","competitor_type":null,"city":"Okotoks","province":"AB","address":"708-10 D'Arcy Ranch Dr"},"geometry":{"type":"Point","coordinates":[-113.9762079,50.7395981]}},{"type":"Feature","properties":{"kind":"network","id":"pv_0641","name":"Pet Valu Dorchester","banner_or_chain":"Pet Valu","competitor_type":null,"city":"Dorchester","province":"ON","address":"2-100 The Pky"},"geometry":{"type":"Point","coordinates":[-81.0582231,42.9839375]}},{"type":"Feature","properties":{"kind":"network","id":"pv_0642","name":"Pet Valu Emerald Park Centre","banner_or_chain":"Pet Valu","competitor_type":null,"city":"Emerald Park","province":"SK","address":"6 South Plains Rd"},"geometry":{"type":"Point","coordinates":[-104.4073459,50.4441439]}},{"type":"Feature","properties":{"kind":"network","id":"pv_0643","name":"Pet Valu New Minas","banner_or_chain":"Pet Valu","competitor_type":null,"city":"New Minas","province":"NS","address":"9129 Commercial St"},"geometry":{"type":"Point","coordinates":[-64.4518286,45.0676452]}},{"type":"Feature","properties":{"kind":"network","id":"pv_0644","name":"Pet Valu Oakville","banner_or_chain":"Pet Valu","competitor_type":null,"city":"Oakville","province":"ON","address":"200-240 North Service Rd"},"geometry":{"type":"Point","coordinates":[-79.7001951,43.4491112]}},{"type":"Feature","properties":{"kind":"network","id":"pv_0645","name":"Pet Valu Riverview","banner_or_chain":"Pet Valu","competitor_type":null,"city":"Riverview","province":"NB","address":"1120 Findlay Blvd"},"geometry":{"type":"Point","coordinates":[-64.7966876,46.0508294]}},{"type":"Feature","properties":{"kind":"network","id":"pv_0646","name":"Petawawa","banner_or_chain":"Pet Valu","competitor_type":null,"city":"Petawawa","province":"ON","address":"B-1011 Victoria St"},"geometry":{"type":"Point","coordinates":[-77.282343,45.8991013]}},{"type":"Feature","properties":{"kind":"network","id":"pv_0647","name":"Peterborough (Chemong Rd)","banner_or_chain":"Pet Valu","competitor_type":null,"city":"Peterborough","province":"ON","address":"19-863 Chemong Rd"},"geometry":{"type":"Point","coordinates":[-78.3320165,44.3179898]}},{"type":"Feature","properties":{"kind":"network","id":"pv_0648","name":"Peterborough George St","banner_or_chain":"Pet Valu","competitor_type":null,"city":"Peterborough","province":"ON","address":"139 George St N"},"geometry":{"type":"Point","coordinates":[-78.3200212,44.2978153]}},{"type":"Feature","properties":{"kind":"network","id":"pv_0649","name":"Peterborough Lansdowne St","banner_or_chain":"Pet Valu","competitor_type":null,"city":"Peterborough","province":"ON","address":"1200 Lansdowne St W"},"geometry":{"type":"Point","coordinates":[-78.3521352,44.2825704]}},{"type":"Feature","properties":{"kind":"network","id":"pv_0650","name":"Petrolia Line","banner_or_chain":"Pet Valu","competitor_type":null,"city":"Petrolia","province":"ON","address":"4347-4353 Petrolia Line"},"geometry":{"type":"Point","coordinates":[-82.1341746,42.8812735]}},{"type":"Feature","properties":{"kind":"network","id":"pv_0651","name":"Pickering","banner_or_chain":"Pet Valu","competitor_type":null,"city":"Pickering","province":"ON","address":"B037-1755 Pickering Pky"},"geometry":{"type":"Point","coordinates":[-79.0663153,43.8422183]}},{"type":"Feature","properties":{"kind":"network","id":"pv_0652","name":"Pickering Kingston Rd","banner_or_chain":"Pet Valu","competitor_type":null,"city":"Pickering","province":"ON","address":"705 Kingston Rd"},"geometry":{"type":"Point","coordinates":[-79.1127662,43.8188802]}},{"type":"Feature","properties":{"kind":"network","id":"pv_0653","name":"Picton","banner_or_chain":"Pet Valu","competitor_type":null,"city":"Picton","province":"ON","address":"97 Main St W"},"geometry":{"type":"Point","coordinates":[-77.1470805,44.0054539]}},{"type":"Feature","properties":{"kind":"network","id":"pv_0654","name":"Ponoka","banner_or_chain":"Pet Valu","competitor_type":null,"city":"Ponoka","province":"AB","address":"2-5015 50 St"},"geometry":{"type":"Point","coordinates":[-113.5753527,52.6766293]}},{"type":"Feature","properties":{"kind":"network","id":"pv_0655","name":"Port Colborne","banner_or_chain":"Pet Valu","competitor_type":null,"city":"Port Colborne","province":"ON","address":"49 West Side Rd"},"geometry":{"type":"Point","coordinates":[-79.2667023,42.8955468]}},{"type":"Feature","properties":{"kind":"network","id":"pv_0656","name":"Port Credit","banner_or_chain":"Pet Valu","competitor_type":null,"city":"Mississauga","province":"ON","address":"195 Lakeshore Rd E"},"geometry":{"type":"Point","coordinates":[-79.578727,43.557501]}},{"type":"Feature","properties":{"kind":"network","id":"pv_0657","name":"Port Elgin","banner_or_chain":"Pet Valu","competitor_type":null,"city":"Port Elgin","province":"ON","address":"216 Goderich St"},"geometry":{"type":"Point","coordinates":[-81.3973526,44.4270694]}},{"type":"Feature","properties":{"kind":"network","id":"pv_0658","name":"Port Hawkesbury","banner_or_chain":"Pet Valu","competitor_type":null,"city":"Port Hawkesbury","province":"NS","address":"27-47 Paint St"},"geometry":{"type":"Point","coordinates":[-61.3333111,45.6166333]}},{"type":"Feature","properties":{"kind":"network","id":"pv_0659","name":"Port Hope","banner_or_chain":"Pet Valu","competitor_type":null,"city":"Port Hope","province":"ON","address":"129 Peter St"},"geometry":{"type":"Point","coordinates":[-78.283236,43.9495709]}},{"type":"Feature","properties":{"kind":"network","id":"pv_0660","name":"Portage La Prairie","banner_or_chain":"Pet Valu","competitor_type":null,"city":"Portage La Prairie","province":"MB","address":"11-2352 Sissons Dr"},"geometry":{"type":"Point","coordinates":[-98.3242302,49.9746069]}},{"type":"Feature","properties":{"kind":"network","id":"pv_0661","name":"Porters Lake","banner_or_chain":"Pet Valu","competitor_type":null,"city":"Porters Lake","province":"NS","address":"5228 Nova Scotia Trunk 7"},"geometry":{"type":"Point","coordinates":[-63.2831337,44.7437299]}},{"type":"Feature","properties":{"kind":"network","id":"pv_0662","name":"Powell River","banner_or_chain":"Pet Valu","competitor_type":null,"city":"Powell River","province":"BC","address":"103-4730 Joyce Ave"},"geometry":{"type":"Point","coordinates":[-124.5189653,49.8437098]}},{"type":"Feature","properties":{"kind":"network","id":"pv_0663","name":"Prescott","banner_or_chain":"Pet Valu","competitor_type":null,"city":"Prescott","province":"ON","address":"1-670 Edward St S"},"geometry":{"type":"Point","coordinates":[-75.5165608,44.7139865]}},{"type":"Feature","properties":{"kind":"network","id":"pv_0664","name":"Primeway","banner_or_chain":"Pet Valu","competitor_type":null,"city":"Welland","province":"ON","address":"C1-80 Primeway Dr"},"geometry":{"type":"Point","coordinates":[-79.2287767,43.0145752]}},{"type":"Feature","properties":{"kind":"network","id":"pv_0665","name":"Prince Albert","banner_or_chain":"Pet Valu","competitor_type":null,"city":"Prince Albert","province":"SK","address":"715-801 15th St E"},"geometry":{"type":"Point","coordinates":[-105.7342549,53.1989359]}},{"type":"Feature","properties":{"kind":"network","id":"pv_0666","name":"Prince Rupert","banner_or_chain":"Pet Valu","competitor_type":null,"city":"Prince Rupert","province":"BC","address":"200-500 2nd Ave W"},"geometry":{"type":"Point","coordinates":[-130.327814,54.3131409999999]}},{"type":"Feature","properties":{"kind":"network","id":"pv_0667","name":"Queen & Balsam","banner_or_chain":"Pet Valu","competitor_type":null,"city":"Toronto","province":"ON","address":"2210 Queen St E"},"geometry":{"type":"Point","coordinates":[-79.2890763,43.6725416]}},{"type":"Feature","properties":{"kind":"network","id":"pv_0668","name":"Queen & Coxwell","banner_or_chain":"Pet Valu","competitor_type":null,"city":"Toronto","province":"ON","address":"1656 Queen St E"},"geometry":{"type":"Point","coordinates":[-79.3144959,43.6669523]}},{"type":"Feature","properties":{"kind":"network","id":"pv_0669","name":"Queen & Logan","banner_or_chain":"Pet Valu","competitor_type":null,"city":"Toronto","province":"ON","address":"1-851 Queen St E"},"geometry":{"type":"Point","coordinates":[-79.3433005999999,43.6601479]}},{"type":"Feature","properties":{"kind":"network","id":"pv_0670","name":"Queen St & Churchill Acton","banner_or_chain":"Pet Valu","competitor_type":null,"city":"Acton","province":"ON","address":"372 Queen St E"},"geometry":{"type":"Point","coordinates":[-80.025561,43.6379937]}},{"type":"Feature","properties":{"kind":"network","id":"pv_0671","name":"Queens Place Drive","banner_or_chain":"Pet Valu","competitor_type":null,"city":"Liverpool","province":"NS","address":"2-15 Queens Place Dr"},"geometry":{"type":"Point","coordinates":[-64.7227829999999,44.0485269]}},{"type":"Feature","properties":{"kind":"network","id":"pv_0672","name":"Queensway & Park Lawn Toronto","banner_or_chain":"Pet Valu","competitor_type":null,"city":"Etobicoke","province":"ON","address":"125 The Queensway"},"geometry":{"type":"Point","coordinates":[-79.4807896,43.6298188]}},{"type":"Feature","properties":{"kind":"network","id":"pv_0673","name":"Quinpool","banner_or_chain":"Pet Valu","competitor_type":null,"city":"Halifax","province":"NS","address":"6292 Quinpool Rd"},"geometry":{"type":"Point","coordinates":[-63.5984693,44.6449145]}},{"type":"Feature","properties":{"kind":"network","id":"pv_0674","name":"Quispamsis","banner_or_chain":"Pet Valu","competitor_type":null,"city":"Rothesay","province":"NB","address":"105-175 Old Hampton Rd"},"geometry":{"type":"Point","coordinates":[-65.9718864,45.4051546]}},{"type":"Feature","properties":{"kind":"network","id":"pv_0675","name":"Red Deer","banner_or_chain":"Pet Valu","competitor_type":null,"city":"Red Deer","province":"AB","address":"7109-499 Timberlands Dr"},"geometry":{"type":"Point","coordinates":[-113.7634724,52.2842148]}},{"type":"Feature","properties":{"kind":"network","id":"pv_0676","name":"Reenders","banner_or_chain":"Pet Valu","competitor_type":null,"city":"Winnipeg","province":"MB","address":"10-3 Reenders Dr"},"geometry":{"type":"Point","coordinates":[-97.0677441,49.9036672]}},{"type":"Feature","properties":{"kind":"network","id":"pv_0677","name":"Regina Gordon","banner_or_chain":"Pet Valu","competitor_type":null,"city":"Regina","province":"SK","address":"2965 Gordon Rd 114"},"geometry":{"type":"Point","coordinates":[-104.6240454,50.4045093]}},{"type":"Feature","properties":{"kind":"network","id":"pv_0678","name":"Renfrew","banner_or_chain":"Pet Valu","competitor_type":null,"city":"Renfrew","province":"ON","address":"640C O'Brien Rd"},"geometry":{"type":"Point","coordinates":[-76.6614135,45.4745325]}},{"type":"Feature","properties":{"kind":"network","id":"pv_0679","name":"Rest Acres Road - Paris","banner_or_chain":"Pet Valu","competitor_type":null,"city":"Paris","province":"ON","address":"1070 Rest Acres Rd"},"geometry":{"type":"Point","coordinates":[-80.3851722,43.1771442999999]}},{"type":"Feature","properties":{"kind":"network","id":"pv_0680","name":"Rexdale","banner_or_chain":"Pet Valu","competitor_type":null,"city":"Rexdale","province":"ON","address":"3-2257 Islington Ave"},"geometry":{"type":"Point","coordinates":[-79.5537477,43.7160371]}},{"type":"Feature","properties":{"kind":"network","id":"pv_0681","name":"Richmond Hill North","banner_or_chain":"Pet Valu","competitor_type":null,"city":"Richmond Hill","province":"ON","address":"10850 Yonge St"},"geometry":{"type":"Point","coordinates":[-79.4432511,43.8916024]}},{"type":"Feature","properties":{"kind":"network","id":"pv_0682","name":"Richmond Hill South","banner_or_chain":"Pet Valu","competitor_type":null,"city":"Richmond Hill","province":"ON","address":"9325 Yonge St"},"geometry":{"type":"Point","coordinates":[-79.4305911,43.8557936]}},{"type":"Feature","properties":{"kind":"network","id":"pv_0683","name":"Richmond Village","banner_or_chain":"Pet Valu","competitor_type":null,"city":"Richmond","province":"ON","address":"100-5919 Perth St"},"geometry":{"type":"Point","coordinates":[-75.8298978,45.2019124]}},{"type":"Feature","properties":{"kind":"network","id":"pv_0684","name":"Richview Square","banner_or_chain":"Pet Valu","competitor_type":null,"city":"Etobicoke","province":"ON","address":"250 Wincott Dr"},"geometry":{"type":"Point","coordinates":[-79.5468657,43.6794625]}},{"type":"Feature","properties":{"kind":"network","id":"pv_0685","name":"Rideau Street","banner_or_chain":"Pet Valu","competitor_type":null,"city":"Ottawa","province":"ON","address":"200A-200 Rideau St"},"geometry":{"type":"Point","coordinates":[-75.6884742,45.4273783999999]}},{"type":"Feature","properties":{"kind":"network","id":"pv_0686","name":"Riverbend","banner_or_chain":"Pet Valu","competitor_type":null,"city":"Calgary","province":"AB","address":"404-8338 18th St SE"},"geometry":{"type":"Point","coordinates":[-114.0144182,50.9767882]}},{"type":"Feature","properties":{"kind":"network","id":"pv_0687","name":"Rivergrove Winnipeg","banner_or_chain":"Pet Valu","competitor_type":null,"city":"Winnipeg","province":"MB","address":"2595 Main St"},"geometry":{"type":"Point","coordinates":[-97.0879005,49.9587683]}},{"type":"Feature","properties":{"kind":"network","id":"pv_0688","name":"Rockland","banner_or_chain":"Pet Valu","competitor_type":null,"city":"Rockland","province":"ON","address":"2-2764 Chamberland St"},"geometry":{"type":"Point","coordinates":[-75.30275520000001,45.5451513]}},{"type":"Feature","properties":{"kind":"network","id":"pv_0689","name":"Rockwood Mall","banner_or_chain":"Pet Valu","competitor_type":null,"city":"Mississauga","province":"ON","address":"23C-4141 Dixie Rd"},"geometry":{"type":"Point","coordinates":[-79.6049864,43.6253646]}},{"type":"Feature","properties":{"kind":"network","id":"pv_0690","name":"Rocky Mountain House","banner_or_chain":"Pet Valu","competitor_type":null,"city":"Rocky Mountain House","province":"AB","address":"4327B 45th St"},"geometry":{"type":"Point","coordinates":[-114.9072859,52.3675397]}},{"type":"Feature","properties":{"kind":"network","id":"pv_0691","name":"Ropewalk Lane","banner_or_chain":"Pet Valu","competitor_type":null,"city":"St. John's","province":"NL","address":"50 Ropewalk Lane"},"geometry":{"type":"Point","coordinates":[-52.7353102,47.5569893]}},{"type":"Feature","properties":{"kind":"network","id":"pv_0692","name":"Royal York","banner_or_chain":"Pet Valu","competitor_type":null,"city":"Etobicoke","province":"ON","address":"4242 Dundas St W"},"geometry":{"type":"Point","coordinates":[-79.5140914,43.659832]}},{"type":"Feature","properties":{"kind":"network","id":"pv_0693","name":"Sage Creek","banner_or_chain":"Pet Valu","competitor_type":null,"city":"Winnipeg","province":"MB","address":"413-55 Sage Creek Blvd"},"geometry":{"type":"Point","coordinates":[-97.0459042,49.8329886]}},{"type":"Feature","properties":{"kind":"network","id":"pv_0694","name":"Sage Hill","banner_or_chain":"Pet Valu","competitor_type":null,"city":"Calgary","province":"AB","address":"120-15 Sage Hill Plaza NW"},"geometry":{"type":"Point","coordinates":[-114.1514742,51.1689709]}},{"type":"Feature","properties":{"kind":"network","id":"pv_0695","name":"Saint John - Fairville","banner_or_chain":"Pet Valu","competitor_type":null,"city":"Saint John","province":"NB","address":"5-30 Plaza Ave"},"geometry":{"type":"Point","coordinates":[-66.1020443,45.2476998]}},{"type":"Feature","properties":{"kind":"network","id":"pv_0696","name":"Saint John McAllister","banner_or_chain":"Pet Valu","competitor_type":null,"city":"Saint John","province":"NB","address":"101 McAllister Dr"},"geometry":{"type":"Point","coordinates":[-66.0203621,45.3125306]}},{"type":"Feature","properties":{"kind":"network","id":"pv_0697","name":"Salmon Arm","banner_or_chain":"Pet Valu","competitor_type":null,"city":"Salmon Arm","province":"BC","address":"308-360 Trans Canada Hwy"},"geometry":{"type":"Point","coordinates":[-119.2898846,50.6985776]}},{"type":"Feature","properties":{"kind":"network","id":"pv_0698","name":"Sarnia","banner_or_chain":"Pet Valu","competitor_type":null,"city":"Sarnia","province":"ON","address":"2-1130 Lakeshore Rd"},"geometry":{"type":"Point","coordinates":[-82.3657324,43.0149765]}},{"type":"Feature","properties":{"kind":"network","id":"pv_0699","name":"Saskatoon Canarama","banner_or_chain":"Pet Valu","competitor_type":null,"city":"Saskatoon","province":"SK","address":"14A-7 Assiniboine Dr"},"geometry":{"type":"Point","coordinates":[-106.6452366,52.1595891]}},{"type":"Feature","properties":{"kind":"network","id":"pv_0700","name":"Saskatoon Kensington","banner_or_chain":"Pet Valu","competitor_type":null,"city":"Saskatoon","province":"SK","address":"30-150 Kensington Blvd"},"geometry":{"type":"Point","coordinates":[-106.7579168,52.1311681]}},{"type":"Feature","properties":{"kind":"network","id":"pv_0701","name":"Saskatoon Market Mall","banner_or_chain":"Pet Valu","competitor_type":null,"city":"Saskatoon","province":"SK","address":"6-2325 Preston Ave S"},"geometry":{"type":"Point","coordinates":[-106.6203576,52.101643]}},{"type":"Feature","properties":{"kind":"network","id":"pv_0702","name":"Sault Ste. Marie Great Northern","banner_or_chain":"Pet Valu","competitor_type":null,"city":"Sault Ste. Marie","province":"ON","address":"5-153 Great Northern Rd"},"geometry":{"type":"Point","coordinates":[-84.3200312,46.5304324]}},{"type":"Feature","properties":{"kind":"network","id":"pv_0703","name":"Sault Ste. Marie Second Line","banner_or_chain":"Pet Valu","competitor_type":null,"city":"Sault Ste. Marie","province":"ON","address":"129 Second Line W"},"geometry":{"type":"Point","coordinates":[-84.3565677,46.5373524]}},{"type":"Feature","properties":{"kind":"network","id":"pv_0704","name":"Scottsdale & Stone Road Guelph","banner_or_chain":"Pet Valu","competitor_type":null,"city":"Guelph","province":"ON","address":"4A-370 Stone Rd W"},"geometry":{"type":"Point","coordinates":[-80.2367494,43.5160917]}},{"type":"Feature","properties":{"kind":"network","id":"pv_0705","name":"Seasons","banner_or_chain":"Pet Valu","competitor_type":null,"city":"Winnipeg","province":"MB","address":"5-753 Sterling Lyon Pky"},"geometry":{"type":"Point","coordinates":[-97.219835,49.8429368]}},{"type":"Feature","properties":{"kind":"network","id":"pv_0706","name":"Sechelt","banner_or_chain":"Pet Valu","competitor_type":null,"city":"Sechelt","province":"BC","address":"20-5755 Cowrie St"},"geometry":{"type":"Point","coordinates":[-123.7604984,49.471704]}},{"type":"Feature","properties":{"kind":"network","id":"pv_0707","name":"Selkirk","banner_or_chain":"Pet Valu","competitor_type":null,"city":"Selkirk","province":"MB","address":"1014 Manitoba Ave"},"geometry":{"type":"Point","coordinates":[-96.9008136,50.1568034]}},{"type":"Feature","properties":{"kind":"network","id":"pv_0708","name":"Shawnessy Village","banner_or_chain":"Pet Valu","competitor_type":null,"city":"Calgary","province":"AB","address":"208-70 Shawville Blvd SE"},"geometry":{"type":"Point","coordinates":[-114.0644151,50.9065436]}},{"type":"Feature","properties":{"kind":"network","id":"pv_0709","name":"Shediac","banner_or_chain":"Pet Valu","competitor_type":null,"city":"Shediac","province":"NB","address":"301 Main St"},"geometry":{"type":"Point","coordinates":[-64.5470184,46.2182931]}},{"type":"Feature","properties":{"kind":"network","id":"pv_0710","name":"Shelburne Mall","banner_or_chain":"Pet Valu","competitor_type":null,"city":"Shelburne","province":"NS","address":"115 King St"},"geometry":{"type":"Point","coordinates":[-65.3114095999999,43.7663898]}},{"type":"Feature","properties":{"kind":"network","id":"pv_0711","name":"Sheppard & Bathurst","banner_or_chain":"Pet Valu","competitor_type":null,"city":"North York","province":"ON","address":"624A Sheppard Ave W"},"geometry":{"type":"Point","coordinates":[-79.4405508,43.7558802]}},{"type":"Feature","properties":{"kind":"network","id":"pv_0712","name":"Sheppard & Leslie","banner_or_chain":"Pet Valu","competitor_type":null,"city":"Willowdale","province":"ON","address":"748 Sheppard Ave E"},"geometry":{"type":"Point","coordinates":[-79.375841,43.7698749]}},{"type":"Feature","properties":{"kind":"network","id":"pv_0713","name":"Sherwood Park Baseline","banner_or_chain":"Pet Valu","competitor_type":null,"city":"Sherwood Park","province":"AB","address":"130-222 Baseline Rd"},"geometry":{"type":"Point","coordinates":[-113.3166385,53.5425315]}},{"type":"Feature","properties":{"kind":"network","id":"pv_0714","name":"Shoppers World Brampton South","banner_or_chain":"Pet Valu","competitor_type":null,"city":"Brampton","province":"ON","address":"495 Main St S"},"geometry":{"type":"Point","coordinates":[-79.7377638,43.6684247]}},{"type":"Feature","properties":{"kind":"network","id":"pv_0715","name":"Shoppes On Transcanada","banner_or_chain":"Pet Valu","competitor_type":null,"city":"Sault Ste. Marie","province":"ON","address":"625 Trunk Rd"},"geometry":{"type":"Point","coordinates":[-84.27487,46.5204081]}},{"type":"Feature","properties":{"kind":"network","id":"pv_0716","name":"Signal Hill","banner_or_chain":"Pet Valu","competitor_type":null,"city":"Calgary","province":"AB","address":"5631 Signal Centre SW"},"geometry":{"type":"Point","coordinates":[-114.1688775,51.0180459]}},{"type":"Feature","properties":{"kind":"network","id":"pv_0717","name":"Simcoe","banner_or_chain":"Pet Valu","competitor_type":null,"city":"Simcoe","province":"ON","address":"2-174 Queensway E"},"geometry":{"type":"Point","coordinates":[-80.2863942,42.847866]}},{"type":"Feature","properties":{"kind":"network","id":"pv_0718","name":"Six Points","banner_or_chain":"Pet Valu","competitor_type":null,"city":"Etobicoke","province":"ON","address":"3843 Bloor St W"},"geometry":{"type":"Point","coordinates":[-79.5387705,43.6406747]}},{"type":"Feature","properties":{"kind":"network","id":"pv_0719","name":"Slave Lake","banner_or_chain":"Pet Valu","competitor_type":null,"city":"Slave Lake","province":"AB","address":"115-100 Main St"},"geometry":{"type":"Point","coordinates":[-114.7736023,55.2803789]}},{"type":"Feature","properties":{"kind":"network","id":"pv_0720","name":"Smiths Falls","banner_or_chain":"Pet Valu","competitor_type":null,"city":"Smiths Falls","province":"ON","address":"143 Lombard St"},"geometry":{"type":"Point","coordinates":[-76.03196,44.889789]}},{"type":"Feature","properties":{"kind":"network","id":"pv_0721","name":"South 40","banner_or_chain":"Pet Valu","competitor_type":null,"city":"Grande Prairie","province":"AB","address":"101-10706 79 Ave"},"geometry":{"type":"Point","coordinates":[-118.8188824,55.1524938]}},{"type":"Feature","properties":{"kind":"network","id":"pv_0722","name":"South Hamilton Square","banner_or_chain":"Pet Valu","competitor_type":null,"city":"Hamilton","province":"ON","address":"8-1550 Upper James St"},"geometry":{"type":"Point","coordinates":[-79.8955239,43.2036167]}},{"type":"Feature","properties":{"kind":"network","id":"pv_0723","name":"South Lethbridge","banner_or_chain":"Pet Valu","competitor_type":null,"city":"Lethbridge","province":"AB","address":"103B-2045 Mayor Magrath Dr S"},"geometry":{"type":"Point","coordinates":[-112.7972209,49.6717941]}},{"type":"Feature","properties":{"kind":"network","id":"pv_0724","name":"Spring Garden & South Park","banner_or_chain":"Pet Valu","competitor_type":null,"city":"Halifax","province":"NS","address":"5686 Spring Garden Rd"},"geometry":{"type":"Point","coordinates":[-63.579146,44.6422414]}},{"type":"Feature","properties":{"kind":"network","id":"pv_0725","name":"Spruce Grove","banner_or_chain":"Pet Valu","competitor_type":null,"city":"Spruce Grove","province":"AB","address":"508-70 McLeod Ave"},"geometry":{"type":"Point","coordinates":[-113.9155869,53.5419488]}},{"type":"Feature","properties":{"kind":"network","id":"pv_0726","name":"Spryfield","banner_or_chain":"Pet Valu","competitor_type":null,"city":"Spryfield","province":"NS","address":"A4-16 Dentith Rd"},"geometry":{"type":"Point","coordinates":[-63.619261,44.6126067]}},{"type":"Feature","properties":{"kind":"network","id":"pv_0727","name":"St Catharines 286 Bunting Rd","banner_or_chain":"Pet Valu","competitor_type":null,"city":"St. Catharines","province":"ON","address":"286 Bunting Rd"},"geometry":{"type":"Point","coordinates":[-79.20807,43.1778362]}},{"type":"Feature","properties":{"kind":"network","id":"pv_0728","name":"St Clair Ave West","banner_or_chain":"Pet Valu","competitor_type":null,"city":"Toronto","province":"ON","address":"557 St Clair Ave W"},"geometry":{"type":"Point","coordinates":[-79.4209588,43.6824182]}},{"type":"Feature","properties":{"kind":"network","id":"pv_0729","name":"St. Albert","banner_or_chain":"Pet Valu","competitor_type":null,"city":"St. Albert","province":"AB","address":"205-140 St Albert Rd"},"geometry":{"type":"Point","coordinates":[-113.6125182,53.6195248]}},{"type":"Feature","properties":{"kind":"network","id":"pv_0730","name":"St. Albert Mission Hill","banner_or_chain":"Pet Valu","competitor_type":null,"city":"St. Albert","province":"AB","address":"110-410 St Albert Trail"},"geometry":{"type":"Point","coordinates":[-113.6274222,53.645416]}},{"type":"Feature","properties":{"kind":"network","id":"pv_0731","name":"St. Anne's Road","banner_or_chain":"Pet Valu","competitor_type":null,"city":"Winnipeg","province":"MB","address":"180 St Anne's Rd"},"geometry":{"type":"Point","coordinates":[-97.1064861,49.8576849]}},{"type":"Feature","properties":{"kind":"network","id":"pv_0732","name":"St. Catharines Lakeshore Road","banner_or_chain":"Pet Valu","competitor_type":null,"city":"St. Catharines","province":"ON","address":"119 Lakeshore Rd"},"geometry":{"type":"Point","coordinates":[-79.2435816,43.2045926]}},{"type":"Feature","properties":{"kind":"network","id":"pv_0733","name":"St. Catharines Pendale","banner_or_chain":"Pet Valu","competitor_type":null,"city":"St. Catharines","province":"ON","address":"210 Glendale Ave"},"geometry":{"type":"Point","coordinates":[-79.2254962,43.13172]}},{"type":"Feature","properties":{"kind":"network","id":"pv_0734","name":"St. Clair Beach","banner_or_chain":"Pet Valu","competitor_type":null,"city":"Tecumseh","province":"ON","address":"13596 Tecumseh Rd E"},"geometry":{"type":"Point","coordinates":[-82.8669812,42.3142486]}},{"type":"Feature","properties":{"kind":"network","id":"pv_0735","name":"St. Margaret's Square","banner_or_chain":"Pet Valu","competitor_type":null,"city":"Upper Tantallon","province":"NS","address":"102-5126 St Margarets Bay Rd"},"geometry":{"type":"Point","coordinates":[-63.8759850999999,44.6866559]}},{"type":"Feature","properties":{"kind":"network","id":"pv_0736","name":"St. Marys","banner_or_chain":"Pet Valu","competitor_type":null,"city":"St. Marys","province":"ON","address":"752 Queen St E"},"geometry":{"type":"Point","coordinates":[-81.1195944,43.2617264]}},{"type":"Feature","properties":{"kind":"network","id":"pv_0737","name":"St. Paul","banner_or_chain":"Pet Valu","competitor_type":null,"city":"St. Paul","province":"AB","address":"4905 39th St"},"geometry":{"type":"Point","coordinates":[-111.255975,53.990134]}},{"type":"Feature","properties":{"kind":"network","id":"pv_0738","name":"St. Stephen","banner_or_chain":"Pet Valu","competitor_type":null,"city":"St. Stephen","province":"NB","address":"101-195 King St"},"geometry":{"type":"Point","coordinates":[-67.2719789,45.202625]}},{"type":"Feature","properties":{"kind":"network","id":"pv_0739","name":"St. Thomas","banner_or_chain":"Pet Valu","competitor_type":null,"city":"St Thomas","province":"ON","address":"1010 Talbot St"},"geometry":{"type":"Point","coordinates":[-81.1758222,42.7780929]}},{"type":"Feature","properties":{"kind":"network","id":"pv_0740","name":"Stayner","banner_or_chain":"Pet Valu","competitor_type":null,"city":"Stayner","province":"ON","address":"7423 Hwy 26"},"geometry":{"type":"Point","coordinates":[-80.0966815,44.4199014]}},{"type":"Feature","properties":{"kind":"network","id":"pv_0741","name":"Steeles Ave W","banner_or_chain":"Pet Valu","competitor_type":null,"city":"Thornhill","province":"ON","address":"8-330 Steeles Ave W"},"geometry":{"type":"Point","coordinates":[-79.4317965,43.7960335]}},{"type":"Feature","properties":{"kind":"network","id":"pv_0742","name":"Steinbach","banner_or_chain":"Pet Valu","competitor_type":null,"city":"Steinbach","province":"MB","address":"75-178 Pth 12 N"},"geometry":{"type":"Point","coordinates":[-96.6908776,49.5465247]}},{"type":"Feature","properties":{"kind":"network","id":"pv_0743","name":"Stephenville","banner_or_chain":"Pet Valu","competitor_type":null,"city":"Stephenville","province":"NL","address":"1417A-42 Queen St"},"geometry":{"type":"Point","coordinates":[-58.5737101,48.5493313]}},{"type":"Feature","properties":{"kind":"network","id":"pv_0744","name":"Stettler","banner_or_chain":"Pet Valu","competitor_type":null,"city":"Stettler","province":"AB","address":"B-4706 50th St"},"geometry":{"type":"Point","coordinates":[-112.7054234,52.3216325]}},{"type":"Feature","properties":{"kind":"network","id":"pv_0745","name":"Stittsville","banner_or_chain":"Pet Valu","competitor_type":null,"city":"Stittsville","province":"ON","address":"C1-1250 Main St"},"geometry":{"type":"Point","coordinates":[-75.9316788,45.268134]}},{"type":"Feature","properties":{"kind":"network","id":"pv_0746","name":"Stittsville - Terry Fox Drive","banner_or_chain":"Pet Valu","competitor_type":null,"city":"Stittsville","province":"ON","address":"1-1150 Terry Fox Dr"},"geometry":{"type":"Point","coordinates":[-75.87383,45.27604]}},{"type":"Feature","properties":{"kind":"network","id":"pv_0747","name":"Stockyards","banner_or_chain":"Pet Valu","competitor_type":null,"city":"Toronto","province":"ON","address":"2151 St Clair Ave W"},"geometry":{"type":"Point","coordinates":[-79.4731,43.6709]}},{"type":"Feature","properties":{"kind":"network","id":"pv_0748","name":"Stoney Creek","banner_or_chain":"Pet Valu","competitor_type":null,"city":"Stoney Creek","province":"ON","address":"F4-94 Hwy 8"},"geometry":{"type":"Point","coordinates":[-79.7483556999999,43.2240468]}},{"type":"Feature","properties":{"kind":"network","id":"pv_0749","name":"Stoney Creek - Heritage Highlands","banner_or_chain":"Pet Valu","competitor_type":null,"city":"Stoney Creek","province":"ON","address":"1794 Stone Church Rd E"},"geometry":{"type":"Point","coordinates":[-79.814601,43.1915077]}},{"type":"Feature","properties":{"kind":"network","id":"pv_0750","name":"Stoney Creek - Winona Crossing","banner_or_chain":"Pet Valu","competitor_type":null,"city":"Stoney Creek","province":"ON","address":"2-1360 South Service Rd"},"geometry":{"type":"Point","coordinates":[-79.6495025,43.2193015]}},{"type":"Feature","properties":{"kind":"network","id":"pv_0751","name":"Stony Plain","banner_or_chain":"Pet Valu","competitor_type":null,"city":"Stony Plain","province":"AB","address":"10-4410 48 St"},"geometry":{"type":"Point","coordinates":[-114.0040231,53.5349694]}},{"type":"Feature","properties":{"kind":"network","id":"pv_0752","name":"Stouffville","banner_or_chain":"Pet Valu","competitor_type":null,"city":"Stouffville","province":"ON","address":"24 West Lawn Cres"},"geometry":{"type":"Point","coordinates":[-79.2612556,43.9688082]}},{"type":"Feature","properties":{"kind":"network","id":"pv_0753","name":"Stratford - Kinlock","banner_or_chain":"Pet Valu","competitor_type":null,"city":"Stratford","province":"PE","address":"0130-9 Kinlock Rd"},"geometry":{"type":"Point","coordinates":[-63.0884193,46.2211893]}},{"type":"Feature","properties":{"kind":"network","id":"pv_0754","name":"Stratford Square","banner_or_chain":"Pet Valu","competitor_type":null,"city":"Stratford","province":"ON","address":"5-581 Huron St"},"geometry":{"type":"Point","coordinates":[-81.0045874,43.3786992]}},{"type":"Feature","properties":{"kind":"network","id":"pv_0755","name":"Strathcona","banner_or_chain":"Pet Valu","competitor_type":null,"city":"Edmonton","province":"AB","address":"7925 104th St"},"geometry":{"type":"Point","coordinates":[-113.4960488,53.5155744]}},{"type":"Feature","properties":{"kind":"network","id":"pv_0756","name":"Strathmore","banner_or_chain":"Pet Valu","competitor_type":null,"city":"Strathmore","province":"AB","address":"250 Edgefield Place"},"geometry":{"type":"Point","coordinates":[-113.3756906,51.0387655]}},{"type":"Feature","properties":{"kind":"network","id":"pv_0757","name":"Strathroy","banner_or_chain":"Pet Valu","competitor_type":null,"city":"Strathroy","province":"ON","address":"360 Caradoc St S"},"geometry":{"type":"Point","coordinates":[-81.6128624,42.9463609]}},{"type":"Feature","properties":{"kind":"network","id":"pv_0758","name":"Stroud","banner_or_chain":"Pet Valu","competitor_type":null,"city":"Stroud","province":"ON","address":"7975 Yonge St"},"geometry":{"type":"Point","coordinates":[-79.6194167,44.3277426999999]}},{"type":"Feature","properties":{"kind":"network","id":"pv_0759","name":"Sturgeon Falls","banner_or_chain":"Pet Valu","competitor_type":null,"city":"Sturgeon Falls","province":"ON","address":"209 King St"},"geometry":{"type":"Point","coordinates":[-79.9299335,46.3674929]}},{"type":"Feature","properties":{"kind":"network","id":"pv_0760","name":"Sudbury Lasalle","banner_or_chain":"Pet Valu","competitor_type":null,"city":"Sudbury","province":"ON","address":"1538 A Lasalle Blvd"},"geometry":{"type":"Point","coordinates":[-80.9410757,46.5226437]}},{"type":"Feature","properties":{"kind":"network","id":"pv_0761","name":"Sudbury Southridge","banner_or_chain":"Pet Valu","competitor_type":null,"city":"Sudbury","province":"ON","address":"17A-1933 Regent St S"},"geometry":{"type":"Point","coordinates":[-81.0013819,46.4502066]}},{"type":"Feature","properties":{"kind":"network","id":"pv_0762","name":"Sugarloaf Mall","banner_or_chain":"Pet Valu","competitor_type":null,"city":"Atholville","province":"NB","address":"312 Val-D'Amour Rd"},"geometry":{"type":"Point","coordinates":[-66.699206,47.9937531]}},{"type":"Feature","properties":{"kind":"network","id":"pv_0763","name":"Summerside","banner_or_chain":"Pet Valu","competitor_type":null,"city":"Summerside","province":"PE","address":"0220-475 Granville St N"},"geometry":{"type":"Point","coordinates":[-63.7805851,46.4124812]}},{"type":"Feature","properties":{"kind":"network","id":"pv_0764","name":"Sundre","banner_or_chain":"Pet Valu","competitor_type":null,"city":"Sundre","province":"AB","address":"407 Main Ave W"},"geometry":{"type":"Point","coordinates":[-114.6446418,51.7958966]}},{"type":"Feature","properties":{"kind":"network","id":"pv_0765","name":"Sunfish Shopping Centre","banner_or_chain":"Pet Valu","competitor_type":null,"city":"Kitchener","province":"ON","address":"2-1270 Fischer Hallman Rd"},"geometry":{"type":"Point","coordinates":[-80.4956931,43.4003629]}},{"type":"Feature","properties":{"kind":"network","id":"pv_0766","name":"Sussex","banner_or_chain":"Pet Valu","competitor_type":null,"city":"Sussex","province":"NB","address":"7-140 Main St"},"geometry":{"type":"Point","coordinates":[-65.5300463,45.7251968]}},{"type":"Feature","properties":{"kind":"network","id":"pv_0767","name":"Sutton","banner_or_chain":"Pet Valu","competitor_type":null,"city":"Sutton","province":"ON","address":"20887 Dalton Rd"},"geometry":{"type":"Point","coordinates":[-79.3637948,44.3086264]}},{"type":"Feature","properties":{"kind":"network","id":"pv_0768","name":"Swift Current","banner_or_chain":"Pet Valu","competitor_type":null,"city":"Swift Current","province":"SK","address":"105A-1150 Central Ave"},"geometry":{"type":"Point","coordinates":[-107.7987459,50.3001587]}},{"type":"Feature","properties":{"kind":"network","id":"pv_0769","name":"Sydney","banner_or_chain":"Pet Valu","competitor_type":null,"city":"Sydney","province":"NS","address":"155-325 Prince St"},"geometry":{"type":"Point","coordinates":[-60.1858978,46.1401799]}},{"type":"Feature","properties":{"kind":"network","id":"pv_0770","name":"Sydney Mayflower","banner_or_chain":"Pet Valu","competitor_type":null,"city":"Sydney","province":"NS","address":"800 Grand Lake Rd"},"geometry":{"type":"Point","coordinates":[-60.1407634,46.145218]}},{"type":"Feature","properties":{"kind":"network","id":"pv_0771","name":"Sylvan Lake","banner_or_chain":"Pet Valu","competitor_type":null,"city":"Sylvan Lake","province":"AB","address":"820-62 Thevenaz Ind. Trail"},"geometry":{"type":"Point","coordinates":[-114.0714926,52.3055383]}},{"type":"Feature","properties":{"kind":"network","id":"pv_0772","name":"Taber","banner_or_chain":"Pet Valu","competitor_type":null,"city":"Taber","province":"AB","address":"5005 47 Ave"},"geometry":{"type":"Point","coordinates":[-112.1489095,49.7831813]}},{"type":"Feature","properties":{"kind":"network","id":"pv_0773","name":"Tacoma & Gordon","banner_or_chain":"Pet Valu","competitor_type":null,"city":"Dartmouth","province":"NS","address":"90 Tacoma Dr"},"geometry":{"type":"Point","coordinates":[-63.5358268,44.6801801]}},{"type":"Feature","properties":{"kind":"network","id":"pv_0774","name":"Tamarack","banner_or_chain":"Pet Valu","competitor_type":null,"city":"Edmonton","province":"AB","address":"3749 17th St"},"geometry":{"type":"Point","coordinates":[-113.3661387,53.4765561]}},{"type":"Feature","properties":{"kind":"network","id":"pv_0775","name":"Teddington","banner_or_chain":"Pet Valu","competitor_type":null,"city":"Toronto","province":"ON","address":"3415 Yonge St"},"geometry":{"type":"Point","coordinates":[-79.403993,43.7328605]}},{"type":"Feature","properties":{"kind":"network","id":"pv_0776","name":"The Annex","banner_or_chain":"Pet Valu","competitor_type":null,"city":"Toronto","province":"ON","address":"4-430 Dupont St"},"geometry":{"type":"Point","coordinates":[-79.413129,43.6737166]}},{"type":"Feature","properties":{"kind":"network","id":"pv_0777","name":"The Glenns, Lucan Plaza","banner_or_chain":"Pet Valu","competitor_type":null,"city":"Lucan","province":"ON","address":"3B-325 Main St"},"geometry":{"type":"Point","coordinates":[-81.4180223397033,43.1940054366334]}},{"type":"Feature","properties":{"kind":"network","id":"pv_0778","name":"Thorold","banner_or_chain":"Pet Valu","competitor_type":null,"city":"Thorold","province":"ON","address":"9 Pine St N"},"geometry":{"type":"Point","coordinates":[-79.2043423,43.1255641]}},{"type":"Feature","properties":{"kind":"network","id":"pv_0779","name":"Thunder Bay - Dawson","banner_or_chain":"Pet Valu","competitor_type":null,"city":"Thunder Bay","province":"ON","address":"1075 Dawson Rd"},"geometry":{"type":"Point","coordinates":[-89.2559653,48.451966]}},{"type":"Feature","properties":{"kind":"network","id":"pv_0780","name":"Thunder Bay Arthur Street","banner_or_chain":"Pet Valu","competitor_type":null,"city":"Thunder Bay","province":"ON","address":"B-2826 Arthur St E"},"geometry":{"type":"Point","coordinates":[-89.2774825,48.3804954]}},{"type":"Feature","properties":{"kind":"network","id":"pv_0781","name":"Thunder Bay Golf Links & Oliver","banner_or_chain":"Pet Valu","competitor_type":null,"city":"Thunder Bay","province":"ON","address":"1171 Golf Links Rd"},"geometry":{"type":"Point","coordinates":[-89.275235,48.4186523]}},{"type":"Feature","properties":{"kind":"network","id":"pv_0782","name":"Tilbury","banner_or_chain":"Pet Valu","competitor_type":null,"city":"Tilbury","province":"ON","address":"1-26 Queen St S"},"geometry":{"type":"Point","coordinates":[-82.4318115,42.2580034]}},{"type":"Feature","properties":{"kind":"network","id":"pv_0783","name":"Tillsonburg","banner_or_chain":"Pet Valu","competitor_type":null,"city":"Tillsonburg","province":"ON","address":"17-400 Simcoe St"},"geometry":{"type":"Point","coordinates":[-80.6905494,42.8549611]}},{"type":"Feature","properties":{"kind":"network","id":"pv_0784","name":"Timberlea","banner_or_chain":"Pet Valu","competitor_type":null,"city":"Timberlea","province":"NS","address":"105-61 Marketway Lane"},"geometry":{"type":"Point","coordinates":[-63.7167305,44.6363619]}},{"type":"Feature","properties":{"kind":"network","id":"pv_0785","name":"Timmins Hollingr Crt","banner_or_chain":"Pet Valu","competitor_type":null,"city":"Timmins","province":"ON","address":"100 Waterloo Rd"},"geometry":{"type":"Point","coordinates":[-81.3373315,48.4775309]}},{"type":"Feature","properties":{"kind":"network","id":"pv_0786","name":"Timmins Square Mall","banner_or_chain":"Pet Valu","competitor_type":null,"city":"Timmins","province":"ON","address":"28-1500 Riverside Dr"},"geometry":{"type":"Point","coordinates":[-81.3821953,48.4738629]}},{"type":"Feature","properties":{"kind":"network","id":"pv_0787","name":"Totem Mall","banner_or_chain":"Pet Valu","competitor_type":null,"city":"Fort St. John","province":"BC","address":"2070-9600 93rd Ave"},"geometry":{"type":"Point","coordinates":[-120.8425997,56.2374899]}},{"type":"Feature","properties":{"kind":"network","id":"pv_0788","name":"Tottenham","banner_or_chain":"Pet Valu","competitor_type":null,"city":"Tottenham","province":"ON","address":"55 Queen St S"},"geometry":{"type":"Point","coordinates":[-79.8040442,44.0197182]}},{"type":"Feature","properties":{"kind":"network","id":"pv_0789","name":"Townline Road","banner_or_chain":"Pet Valu","competitor_type":null,"city":"Courtice","province":"ON","address":"1414 King St E"},"geometry":{"type":"Point","coordinates":[-78.8122608,43.9077363]}},{"type":"Feature","properties":{"kind":"network","id":"pv_0790","name":"Tracadie-Sheila","banner_or_chain":"Pet Valu","competitor_type":null,"city":"Tracadie-Sheila","province":"NB","address":"426 Rue Du Moulin"},"geometry":{"type":"Point","coordinates":[-64.9144396,47.5221606]}},{"type":"Feature","properties":{"kind":"network","id":"pv_0791","name":"Trafalgar & Dundas Oakville","banner_or_chain":"Pet Valu","competitor_type":null,"city":"Oakville","province":"ON","address":"1-295 Hays Blvd"},"geometry":{"type":"Point","coordinates":[-79.7182462,43.4853519]}},{"type":"Feature","properties":{"kind":"network","id":"pv_0792","name":"Trail","banner_or_chain":"Pet Valu","competitor_type":null,"city":"Trail","province":"BC","address":"133-8100 3B Hwy"},"geometry":{"type":"Point","coordinates":[-117.6340359,49.091156]}},{"type":"Feature","properties":{"kind":"network","id":"pv_0793","name":"Trenton","banner_or_chain":"Pet Valu","competitor_type":null,"city":"Trenton","province":"ON","address":"260 Dundas St E"},"geometry":{"type":"Point","coordinates":[-77.5584866,44.1053552]}},{"type":"Feature","properties":{"kind":"network","id":"pv_0794","name":"Truro","banner_or_chain":"Pet Valu","competitor_type":null,"city":"Truro","province":"NS","address":"87 Robie St"},"geometry":{"type":"Point","coordinates":[-63.3127148,45.3682873]}},{"type":"Feature","properties":{"kind":"network","id":"pv_0795","name":"Tuxedo","banner_or_chain":"Pet Valu","competitor_type":null,"city":"Winnipeg","province":"MB","address":"2025 Corydon Ave"},"geometry":{"type":"Point","coordinates":[-97.2122714,49.8677207]}},{"type":"Feature","properties":{"kind":"network","id":"pv_0796","name":"Two Nations Crossing","banner_or_chain":"Pet Valu","competitor_type":null,"city":"Fredericton","province":"NB","address":"200 Two Nations Crossing"},"geometry":{"type":"Point","coordinates":[-66.62682,45.98558]}},{"type":"Feature","properties":{"kind":"network","id":"pv_0797","name":"Uptown Market","banner_or_chain":"Pet Valu","competitor_type":null,"city":"Markham","province":"ON","address":"3-3987 Hwy 7"},"geometry":{"type":"Point","coordinates":[-79.3237777,43.8570114]}},{"type":"Feature","properties":{"kind":"network","id":"pv_0798","name":"Uxbridge","banner_or_chain":"Pet Valu","competitor_type":null,"city":"Uxbridge","province":"ON","address":"4 Banff Rd"},"geometry":{"type":"Point","coordinates":[-79.130724,44.0931991]}},{"type":"Feature","properties":{"kind":"network","id":"pv_0799","name":"Val Caron","banner_or_chain":"Pet Valu","competitor_type":null,"city":"Val Caron","province":"ON","address":"25-3140 Hwy 69N"},"geometry":{"type":"Point","coordinates":[-81.0058344,46.6131464]}},{"type":"Feature","properties":{"kind":"network","id":"pv_0800","name":"Valley Plaza","banner_or_chain":"Pet Valu","competitor_type":null,"city":"Drumheller","province":"AB","address":"B11B-249 3 Ave W"},"geometry":{"type":"Point","coordinates":[-112.7109757,51.4629888]}},{"type":"Feature","properties":{"kind":"network","id":"pv_0801","name":"Vansickle St Catharines","banner_or_chain":"Pet Valu","competitor_type":null,"city":"St. Catharines","province":"ON","address":"420 Vansickle Rd"},"geometry":{"type":"Point","coordinates":[-79.2698311,43.1533976]}},{"type":"Feature","properties":{"kind":"network","id":"pv_0802","name":"Vermilion","banner_or_chain":"Pet Valu","competitor_type":null,"city":"Vermilion","province":"AB","address":"5028 50th Ave"},"geometry":{"type":"Point","coordinates":[-110.8543915,53.3542101]}},{"type":"Feature","properties":{"kind":"network","id":"pv_0803","name":"Vic. Park/Eglinton","banner_or_chain":"Pet Valu","competitor_type":null,"city":"Scarborough","province":"ON","address":"G-1527 Victoria Park Ave"},"geometry":{"type":"Point","coordinates":[-79.3021905,43.7263381]}},{"type":"Feature","properties":{"kind":"network","id":"pv_0804","name":"Virgil","banner_or_chain":"Pet Valu","competitor_type":null,"city":"Virgil","province":"ON","address":"1630 Niagara Stone Rd"},"geometry":{"type":"Point","coordinates":[-79.1168277,43.2268663]}},{"type":"Feature","properties":{"kind":"network","id":"pv_0805","name":"Wainwright","banner_or_chain":"Pet Valu","competitor_type":null,"city":"Wainwright","province":"AB","address":"601 10th St"},"geometry":{"type":"Point","coordinates":[-110.856795,52.836841]}},{"type":"Feature","properties":{"kind":"network","id":"pv_0806","name":"Walker Road Windsor","banner_or_chain":"Pet Valu","competitor_type":null,"city":"Windsor","province":"ON","address":"1-1290 Walker Rd"},"geometry":{"type":"Point","coordinates":[-83.0008211,42.3142374]}},{"type":"Feature","properties":{"kind":"network","id":"pv_0807","name":"Wallaceburg","banner_or_chain":"Pet Valu","competitor_type":null,"city":"Wallaceburg","province":"ON","address":"8-30 McNaughton Ave"},"geometry":{"type":"Point","coordinates":[-82.3865067,42.5877366]}},{"type":"Feature","properties":{"kind":"network","id":"pv_0808","name":"Warman","banner_or_chain":"Pet Valu","competitor_type":null,"city":"Warman","province":"SK","address":"7-810 Centennial Blvd"},"geometry":{"type":"Point","coordinates":[-106.5779834,52.3306377]}},{"type":"Feature","properties":{"kind":"network","id":"pv_0809","name":"Wasaga Beach","banner_or_chain":"Pet Valu","competitor_type":null,"city":"Wasaga Beach","province":"ON","address":"707 River Rd W"},"geometry":{"type":"Point","coordinates":[-80.0015759,44.5240595]}},{"type":"Feature","properties":{"kind":"network","id":"pv_0810","name":"Waterdown","banner_or_chain":"Pet Valu","competitor_type":null,"city":"Waterdown","province":"ON","address":"115 Hamilton St N"},"geometry":{"type":"Point","coordinates":[-79.9039849,43.3352191]}},{"type":"Feature","properties":{"kind":"network","id":"pv_0811","name":"Waterloo Erb","banner_or_chain":"Pet Valu","competitor_type":null,"city":"Waterloo","province":"ON","address":"B1-450 Erb St W"},"geometry":{"type":"Point","coordinates":[-80.554627,43.4524808]}},{"type":"Feature","properties":{"kind":"network","id":"pv_0812","name":"Welland","banner_or_chain":"Pet Valu","competitor_type":null,"city":"Welland","province":"ON","address":"200 Fitch St"},"geometry":{"type":"Point","coordinates":[-79.263734,42.9948444]}},{"type":"Feature","properties":{"kind":"network","id":"pv_0813","name":"West Henday","banner_or_chain":"Pet Valu","competitor_type":null,"city":"Edmonton","province":"AB","address":"18-1010 Webber Greens Dr NW"},"geometry":{"type":"Point","coordinates":[-113.6677674,53.5249747]}},{"type":"Feature","properties":{"kind":"network","id":"pv_0814","name":"Westgate","banner_or_chain":"Pet Valu","competitor_type":null,"city":"Ottawa","province":"ON","address":"1295 Carling Ave"},"geometry":{"type":"Point","coordinates":[-75.7344097,45.3877077]}},{"type":"Feature","properties":{"kind":"network","id":"pv_0815","name":"Westmor Landing","banner_or_chain":"Pet Valu","competitor_type":null,"city":"Morinville","province":"AB","address":"11-8807 100th St"},"geometry":{"type":"Point","coordinates":[-113.6464963,53.78578]}},{"type":"Feature","properties":{"kind":"network","id":"pv_0816","name":"Westmount","banner_or_chain":"Pet Valu","competitor_type":null,"city":"Edmonton","province":"AB","address":"240-13310 111 Ave & Groat Rd"},"geometry":{"type":"Point","coordinates":[-113.5535757,53.5607083]}},{"type":"Feature","properties":{"kind":"network","id":"pv_0817","name":"Weston Road","banner_or_chain":"Pet Valu","competitor_type":null,"city":"North York","province":"ON","address":"2625C Weston Rd"},"geometry":{"type":"Point","coordinates":[-79.53232,43.710598]}},{"type":"Feature","properties":{"kind":"network","id":"pv_0818","name":"Weston Rutherford","banner_or_chain":"Pet Valu","competitor_type":null,"city":"Vaughan","province":"ON","address":"31-9200 Weston Rd"},"geometry":{"type":"Point","coordinates":[-79.5582324,43.8267381]}},{"type":"Feature","properties":{"kind":"network","id":"pv_0819","name":"Westwood Village","banner_or_chain":"Pet Valu","competitor_type":null,"city":"Winnipeg","province":"MB","address":"3300 Portage Ave"},"geometry":{"type":"Point","coordinates":[-97.2949313,49.8806386]}},{"type":"Feature","properties":{"kind":"network","id":"pv_0820","name":"Wetaskiwin","banner_or_chain":"Pet Valu","competitor_type":null,"city":"Wetaskiwin","province":"AB","address":"301-3600 56 St"},"geometry":{"type":"Point","coordinates":[-113.3911037,52.954614]}},{"type":"Feature","properties":{"kind":"network","id":"pv_0821","name":"Weyburn","banner_or_chain":"Pet Valu","competitor_type":null,"city":"Weyburn","province":"SK","address":"4-106 Railway Ave"},"geometry":{"type":"Point","coordinates":[-103.8565678,49.6603551]}},{"type":"Feature","properties":{"kind":"network","id":"pv_0822","name":"Wharncliffe Road South","banner_or_chain":"Pet Valu","competitor_type":null,"city":"London","province":"ON","address":"475 Wharncliffe Rd S"},"geometry":{"type":"Point","coordinates":[-81.2615449,42.9589284]}},{"type":"Feature","properties":{"kind":"network","id":"pv_0823","name":"Whitby Dundas Street W","banner_or_chain":"Pet Valu","competitor_type":null,"city":"Whitby","province":"ON","address":"601 Dundas St W"},"geometry":{"type":"Point","coordinates":[-78.9491648,43.8779356]}},{"type":"Feature","properties":{"kind":"network","id":"pv_0824","name":"Whitby Garden Street","banner_or_chain":"Pet Valu","competitor_type":null,"city":"Whitby","province":"ON","address":"3050 Garden St"},"geometry":{"type":"Point","coordinates":[-78.9426406,43.9018797]}},{"type":"Feature","properties":{"kind":"network","id":"pv_0825","name":"Whitby Kendalwood Park Plaza","banner_or_chain":"Pet Valu","competitor_type":null,"city":"Whitby","province":"ON","address":"1801 Dundas St E"},"geometry":{"type":"Point","coordinates":[-78.902834,43.8868841]}},{"type":"Feature","properties":{"kind":"network","id":"pv_0826","name":"Whitby Shores","banner_or_chain":"Pet Valu","competitor_type":null,"city":"Whitby","province":"ON","address":"6-619 Victoria St W"},"geometry":{"type":"Point","coordinates":[-78.9450137,43.8585692]}},{"type":"Feature","properties":{"kind":"network","id":"pv_0827","name":"White Rose","banner_or_chain":"Pet Valu","competitor_type":null,"city":"St. John's","province":"NL","address":"9-50 White Rose Dr"},"geometry":{"type":"Point","coordinates":[-52.7195326999999,47.6187005]}},{"type":"Feature","properties":{"kind":"network","id":"pv_0828","name":"Whitecourt","banner_or_chain":"Pet Valu","competitor_type":null,"city":"Whitecourt","province":"AB","address":"10-4802 51st St"},"geometry":{"type":"Point","coordinates":[-115.6876209,54.1393182]}},{"type":"Feature","properties":{"kind":"network","id":"pv_0829","name":"Winchester","banner_or_chain":"Pet Valu","competitor_type":null,"city":"Winchester","province":"ON","address":"D-12015 Main St W"},"geometry":{"type":"Point","coordinates":[-75.3728846,45.0871703]}},{"type":"Feature","properties":{"kind":"network","id":"pv_0830","name":"Windermere Edmonton","banner_or_chain":"Pet Valu","competitor_type":null,"city":"Edmonton","province":"AB","address":"1141 Windermere Way SW"},"geometry":{"type":"Point","coordinates":[-113.6185536,53.43818]}},{"type":"Feature","properties":{"kind":"network","id":"pv_0831","name":"Windfield Farms","banner_or_chain":"Pet Valu","competitor_type":null,"city":"Oshawa","province":"ON","address":"A12-2600 Simcoe St N"},"geometry":{"type":"Point","coordinates":[-78.8985459,43.9531706]}},{"type":"Feature","properties":{"kind":"network","id":"pv_0832","name":"Windsor Huron Church","banner_or_chain":"Pet Valu","competitor_type":null,"city":"Windsor","province":"ON","address":"1556 Huron Church Rd"},"geometry":{"type":"Point","coordinates":[-83.0582587,42.2899147]}},{"type":"Feature","properties":{"kind":"network","id":"pv_0833","name":"Windsor Plaza 300","banner_or_chain":"Pet Valu","competitor_type":null,"city":"Windsor","province":"ON","address":"300 Tecumseh Rd E"},"geometry":{"type":"Point","coordinates":[-83.0201558,42.2983469]}},{"type":"Feature","properties":{"kind":"network","id":"pv_0834","name":"Windsor Riverside","banner_or_chain":"Pet Valu","competitor_type":null,"city":"Windsor","province":"ON","address":"8420 Wyandotte Ave E"},"geometry":{"type":"Point","coordinates":[-82.9382792,42.3348149]}},{"type":"Feature","properties":{"kind":"network","id":"pv_0835","name":"Windsor Tecumseh Rd. E","banner_or_chain":"Pet Valu","competitor_type":null,"city":"Windsor","province":"ON","address":"5060 Tecumseh Rd E"},"geometry":{"type":"Point","coordinates":[-82.9643939,42.308686]}},{"type":"Feature","properties":{"kind":"network","id":"pv_0836","name":"Wingham","banner_or_chain":"Pet Valu","competitor_type":null,"city":"Wingham","province":"ON","address":"40 Josephine St"},"geometry":{"type":"Point","coordinates":[-81.31716,43.88158]}},{"type":"Feature","properties":{"kind":"network","id":"pv_0837","name":"Winkler","banner_or_chain":"Pet Valu","competitor_type":null,"city":"Winkler","province":"MB","address":"4-955 Main St N"},"geometry":{"type":"Point","coordinates":[-97.938544,49.1936071]}},{"type":"Feature","properties":{"kind":"network","id":"pv_0838","name":"Winnipeg - Pembina","banner_or_chain":"Pet Valu","competitor_type":null,"city":"Winnipeg","province":"MB","address":"2855 Pembina Hwy"},"geometry":{"type":"Point","coordinates":[-97.1587729,49.7876302]}},{"type":"Feature","properties":{"kind":"network","id":"pv_0839","name":"Winnipeg - Southdale","banner_or_chain":"Pet Valu","competitor_type":null,"city":"Winnipeg","province":"MB","address":"35 Lakewood Blvd"},"geometry":{"type":"Point","coordinates":[-97.0750076,49.8546395]}},{"type":"Feature","properties":{"kind":"network","id":"pv_0840","name":"Winnipeg Taylor Ave","banner_or_chain":"Pet Valu","competitor_type":null,"city":"Winnipeg","province":"MB","address":"1134 Taylor Ave"},"geometry":{"type":"Point","coordinates":[-97.1647103,49.8532086]}},{"type":"Feature","properties":{"kind":"network","id":"pv_0841","name":"Woodbine Avenue","banner_or_chain":"Pet Valu","competitor_type":null,"city":"East York","province":"ON","address":"1270 Woodbine Avenue"},"geometry":{"type":"Point","coordinates":[-79.3167802999999,43.6937548999999]}},{"type":"Feature","properties":{"kind":"network","id":"pv_0842","name":"Woodbridge Hwy 27 & Langstaff","banner_or_chain":"Pet Valu","competitor_type":null,"city":"Woodbridge","province":"ON","address":"11-8290 Hwy 27"},"geometry":{"type":"Point","coordinates":[-79.6253088,43.7859436]}},{"type":"Feature","properties":{"kind":"network","id":"pv_0843","name":"Woodstock","banner_or_chain":"Pet Valu","competitor_type":null,"city":"Woodstock","province":"NB","address":"0130-370 Connell St"},"geometry":{"type":"Point","coordinates":[-67.597325,46.1701002]}},{"type":"Feature","properties":{"kind":"network","id":"pv_0844","name":"Yarmouth","banner_or_chain":"Pet Valu","competitor_type":null,"city":"Yarmouth","province":"NS","address":"12-130 Starrs St"},"geometry":{"type":"Point","coordinates":[-66.0957226,43.8413949]}},{"type":"Feature","properties":{"kind":"network","id":"pv_0845","name":"Yonge & Eglinton Toronto","banner_or_chain":"Pet Valu","competitor_type":null,"city":"Toronto","province":"ON","address":"2578 Yonge St"},"geometry":{"type":"Point","coordinates":[-79.400247,43.7141147]}},{"type":"Feature","properties":{"kind":"network","id":"pv_0846","name":"Yonge & Green Lane Newmarket","banner_or_chain":"Pet Valu","competitor_type":null,"city":"Newmarket","province":"ON","address":"7-18265 Yonge St"},"geometry":{"type":"Point","coordinates":[-79.4836163,44.0736269]}},{"type":"Feature","properties":{"kind":"network","id":"pv_0847","name":"Yorkton","banner_or_chain":"Pet Valu","competitor_type":null,"city":"Yorkton","province":"SK","address":"5-275 Broadway St E"},"geometry":{"type":"Point","coordinates":[-102.4469884,51.2117287]}},{"type":"Feature","properties":{"kind":"network","id":"pv_0848","name":"Young & Kempt","banner_or_chain":"Pet Valu","competitor_type":null,"city":"Halifax","province":"NS","address":"6061 Young St"},"geometry":{"type":"Point","coordinates":[-63.6048693,44.658966]}},{"type":"Feature","properties":{"kind":"network","id":"pv_0849","name":"Arbutus Street","banner_or_chain":"Tisol","competitor_type":null,"city":"Vancouver","province":"BC","address":"2738 Arbutus St"},"geometry":{"type":"Point","coordinates":[-123.15298,49.26155]}},{"type":"Feature","properties":{"kind":"network","id":"pv_0850","name":"Burnaby Gilley","banner_or_chain":"Tisol","competitor_type":null,"city":"Burnaby","province":"BC","address":"7117 Gilley Ave"},"geometry":{"type":"Point","coordinates":[-122.97232,49.21918]}},{"type":"Feature","properties":{"kind":"network","id":"pv_0851","name":"Grandview","banner_or_chain":"Tisol","competitor_type":null,"city":"Vancouver","province":"BC","address":"3033 Grandview Hwy"},"geometry":{"type":"Point","coordinates":[-123.04015,49.25849]}},{"type":"Feature","properties":{"kind":"network","id":"pv_0852","name":"Market Crossing","banner_or_chain":"Tisol","competitor_type":null,"city":"Burnaby","province":"BC","address":"7370 Market Crossing"},"geometry":{"type":"Point","coordinates":[-122.980699,49.200364]}},{"type":"Feature","properties":{"kind":"network","id":"pv_0853","name":"Richlea Square","banner_or_chain":"Tisol","competitor_type":null,"city":"Richmond","province":"BC","address":"117-10151 No. 3 Rd"},"geometry":{"type":"Point","coordinates":[-123.13847,49.13892]}},{"type":"Feature","properties":{"kind":"network","id":"pv_0854","name":"South Surrey","banner_or_chain":"Tisol","competitor_type":null,"city":"South Surrey","province":"BC","address":"320-3091 152 St"},"geometry":{"type":"Point","coordinates":[-122.8040774,49.0588781]}},{"type":"Feature","properties":{"kind":"network","id":"pv_0855","name":"Vancouver Davie Street","banner_or_chain":"Tisol","competitor_type":null,"city":"Vancouver","province":"BC","address":"1685 Davie St"},"geometry":{"type":"Point","coordinates":[-123.140079,49.285834]}},{"type":"Feature","properties":{"kind":"network","id":"pv_0856","name":"Vancouver Main Street","banner_or_chain":"Tisol","competitor_type":null,"city":"Vancouver","province":"BC","address":"4-2949 Main St"},"geometry":{"type":"Point","coordinates":[-123.101416,49.259139]}},{"type":"Feature","properties":{"kind":"network","id":"pv_0857","name":"Total Pet 100 Mile House","banner_or_chain":"Total Pet","competitor_type":null,"city":"100 Mile House","province":"BC","address":"488 Birch Ave"},"geometry":{"type":"Point","coordinates":[-121.2964068,51.6403492]}},{"type":"Feature","properties":{"kind":"network","id":"pv_0858","name":"Total Pet Cranbrook","banner_or_chain":"Total Pet","competitor_type":null,"city":"Cranbrook","province":"BC","address":"9 12th Ave N"},"geometry":{"type":"Point","coordinates":[-115.765152,49.5127979]}},{"type":"Feature","properties":{"kind":"network","id":"pv_0859","name":"Total Pet Dawson Creek","banner_or_chain":"Total Pet","competitor_type":null,"city":"Dawson Creek","province":"BC","address":"10301 10 St"},"geometry":{"type":"Point","coordinates":[-120.2301674,55.7573393]}},{"type":"Feature","properties":{"kind":"network","id":"pv_0860","name":"Total Pet Grand Forks","banner_or_chain":"Total Pet","competitor_type":null,"city":"Grand Forks","province":"BC","address":"461 Central Ave"},"geometry":{"type":"Point","coordinates":[-118.4416322,49.0337766]}},{"type":"Feature","properties":{"kind":"network","id":"pv_0861","name":"Total Pet Kamloops","banner_or_chain":"Total Pet","competitor_type":null,"city":"Kamloops","province":"BC","address":"480 Tranquille Rd"},"geometry":{"type":"Point","coordinates":[-120.3585787,50.6923218]}},{"type":"Feature","properties":{"kind":"network","id":"pv_0862","name":"Total Pet Kamloops Sahali","banner_or_chain":"Total Pet","competitor_type":null,"city":"Kamloops","province":"BC","address":"1370 Summit Dr"},"geometry":{"type":"Point","coordinates":[-120.3496001,50.6637492]}},{"type":"Feature","properties":{"kind":"network","id":"pv_0863","name":"Total Pet Kelowna","banner_or_chain":"Total Pet","competitor_type":null,"city":"Kelowna","province":"BC","address":"1985 Harvey Ave"},"geometry":{"type":"Point","coordinates":[-119.4508954,49.881595]}},{"type":"Feature","properties":{"kind":"network","id":"pv_0864","name":"Total Pet Penticton","banner_or_chain":"Total Pet","competitor_type":null,"city":"Penticton","province":"BC","address":"421-1301 Main St"},"geometry":{"type":"Point","coordinates":[-119.587488,49.4851209]}},{"type":"Feature","properties":{"kind":"network","id":"pv_0865","name":"Total Pet Prince George","banner_or_chain":"Total Pet","competitor_type":null,"city":"Prince George","province":"BC","address":"1915 Victoria St"},"geometry":{"type":"Point","coordinates":[-122.7560849,53.9064297]}},{"type":"Feature","properties":{"kind":"network","id":"pv_0866","name":"Total Pet Quesnel","banner_or_chain":"Total Pet","competitor_type":null,"city":"Quesnel","province":"BC","address":"B-620 Newman Rd"},"geometry":{"type":"Point","coordinates":[-122.4396972,52.9695981]}},{"type":"Feature","properties":{"kind":"network","id":"pv_0867","name":"Total Pet Smithers","banner_or_chain":"Total Pet","competitor_type":null,"city":"Smithers","province":"BC","address":"1323 Main St"},"geometry":{"type":"Point","coordinates":[-127.1677994,54.7818315]}},{"type":"Feature","properties":{"kind":"network","id":"pv_0868","name":"Total Pet Terrace","banner_or_chain":"Total Pet","competitor_type":null,"city":"Terrace","province":"BC","address":"117-4717 Lakelse Ave"},"geometry":{"type":"Point","coordinates":[-128.5934321,54.5164265]}},{"type":"Feature","properties":{"kind":"network","id":"pv_0869","name":"Total Pet Vernon","banner_or_chain":"Total Pet","competitor_type":null,"city":"Vernon","province":"BC","address":"3302 32 St"},"geometry":{"type":"Point","coordinates":[-119.2747358,50.266485]}},{"type":"Feature","properties":{"kind":"network","id":"pv_0870","name":"Total Pet Williams Lake","banner_or_chain":"Total Pet","competitor_type":null,"city":"Williams Lake","province":"BC","address":"12-24 Second Ave S"},"geometry":{"type":"Point","coordinates":[-122.1434256,52.1284935]}},{"type":"Feature","properties":{"kind":"competitor","id":"comp_0001","name":"Camp Bow Wow Halifax","banner_or_chain":"Camp Bow Wow","competitor_type":"services_other","city":"Dartmouth","province":"NS","address":"650 Portland St"},"geometry":{"type":"Point","coordinates":[-63.5224536,44.6699613]}},{"type":"Feature","properties":{"kind":"competitor","id":"comp_0002","name":"Northwest Edmonton","banner_or_chain":"Dogtopia","competitor_type":"services_other","city":"Edmonton","province":"AB","address":"13815 164 St NW"},"geometry":{"type":"Point","coordinates":[-113.60371,53.6008799]}},{"type":"Feature","properties":{"kind":"competitor","id":"comp_0003","name":"Aurora Village","banner_or_chain":"Dogtopia","competitor_type":"services_other","city":"Aurora","province":"ON","address":"14889 Yonge St"},"geometry":{"type":"Point","coordinates":[-79.4651589,43.991179]}},{"type":"Feature","properties":{"kind":"competitor","id":"comp_0004","name":"Lionhead","banner_or_chain":"Dogtopia","competitor_type":"services_other","city":"Brampton","province":"ON","address":"8265 Financial Drive, Unit 1"},"geometry":{"type":"Point","coordinates":[-79.789224,43.6346867]}},{"type":"Feature","properties":{"kind":"competitor","id":"comp_0005","name":"Burlington","banner_or_chain":"Dogtopia","competitor_type":"services_other","city":"Burlington","province":"ON","address":"2020 Appleby Line, Unit #B8"},"geometry":{"type":"Point","coordinates":[-79.7942312,43.3938477]}},{"type":"Feature","properties":{"kind":"competitor","id":"comp_0006","name":"Guelph","banner_or_chain":"Dogtopia","competitor_type":"services_other","city":"Guelph","province":"ON","address":"35 Harvard Road"},"geometry":{"type":"Point","coordinates":[-80.2222845,43.5251245]}},{"type":"Feature","properties":{"kind":"competitor","id":"comp_0007","name":"Milton","banner_or_chain":"Dogtopia","competitor_type":"services_other","city":"Milton","province":"ON","address":"459 Main Street East, Unit 2"},"geometry":{"type":"Point","coordinates":[-79.877551,43.518772]}},{"type":"Feature","properties":{"kind":"competitor","id":"comp_0008","name":"Meadowvale","banner_or_chain":"Dogtopia","competitor_type":"services_other","city":"Mississauga","province":"ON","address":"1840 Argentia Rd, Unit 1B"},"geometry":{"type":"Point","coordinates":[-79.7366463,43.6028197]}},{"type":"Feature","properties":{"kind":"competitor","id":"comp_0009","name":"Liberty Village","banner_or_chain":"Dogtopia","competitor_type":"services_other","city":"Toronto","province":"ON","address":"120 Lynn Williams Street"},"geometry":{"type":"Point","coordinates":[-79.4177271,43.6390608]}},{"type":"Feature","properties":{"kind":"competitor","id":"comp_0010","name":"Pet Depot Stacy's - Cornwall #26","banner_or_chain":"EarthWise Pet Supply","competitor_type":"specialty_chain","city":"Cornwall","province":"ON","address":"805 Sydney St"},"geometry":{"type":"Point","coordinates":[-74.7309021,45.028228]}},{"type":"Feature","properties":{"kind":"competitor","id":"comp_0011","name":"Pet Depot Regina's - Regina #22","banner_or_chain":"EarthWise Pet Supply","competitor_type":"specialty_chain","city":"Regina","province":"SK","address":"340 McCarthy Blvd. N"},"geometry":{"type":"Point","coordinates":[-104.6662941,50.4819247]}},{"type":"Feature","properties":{"kind":"competitor","id":"comp_0012","name":"Glob-315","banner_or_chain":"Global Pet Foods","competitor_type":"specialty_chain","city":"Airdrie","province":"AB","address":"1800 Market Street SE"},"geometry":{"type":"Point","coordinates":[-113.9923053,51.2693722]}},{"type":"Feature","properties":{"kind":"competitor","id":"comp_0013","name":"Glob-330","banner_or_chain":"Global Pet Foods","competitor_type":"specialty_chain","city":"Blackfalds","province":"AB","address":"4500 Blackfalds Crossing Way"},"geometry":{"type":"Point","coordinates":[-113.79858,52.3725349]}},{"type":"Feature","properties":{"kind":"competitor","id":"comp_0014","name":"Glob-325","banner_or_chain":"Global Pet Foods","competitor_type":"specialty_chain","city":"Calgary","province":"AB","address":"241 Sage Valley Common NW"},"geometry":{"type":"Point","coordinates":[-114.1591128,51.18178202]}},{"type":"Feature","properties":{"kind":"competitor","id":"comp_0015","name":"Glob-313","banner_or_chain":"Global Pet Foods","competitor_type":"specialty_chain","city":"Calgary (Cambrian)","province":"AB","address":"761 Northmount Drive NW"},"geometry":{"type":"Point","coordinates":[-114.0954421,51.0825527]}},{"type":"Feature","properties":{"kind":"competitor","id":"comp_0016","name":"Glob-323","banner_or_chain":"Global Pet Foods","competitor_type":"specialty_chain","city":"Calgary (Edgemont)","province":"AB","address":"5149 Country Hills Boulevard NW"},"geometry":{"type":"Point","coordinates":[-114.159878,51.1375805]}},{"type":"Feature","properties":{"kind":"competitor","id":"comp_0017","name":"Glob-312","banner_or_chain":"Global Pet Foods","competitor_type":"specialty_chain","city":"Calgary (Marda Loop)","province":"AB","address":"2101 33 Avenue SW"},"geometry":{"type":"Point","coordinates":[-114.1096681,51.0238254]}},{"type":"Feature","properties":{"kind":"competitor","id":"comp_0018","name":"Glob-328","banner_or_chain":"Global Pet Foods","competitor_type":"specialty_chain","city":"Calgary (Mckenzie Towne)","province":"AB","address":"40 High Street SE"},"geometry":{"type":"Point","coordinates":[-113.960275,50.915335]}},{"type":"Feature","properties":{"kind":"competitor","id":"comp_0019","name":"Glob-319","banner_or_chain":"Global Pet Foods","competitor_type":"specialty_chain","city":"Calgary (West 85th)","province":"AB","address":"8561 8A Avenue SW"},"geometry":{"type":"Point","coordinates":[-114.2093299,51.0611742]}},{"type":"Feature","properties":{"kind":"competitor","id":"comp_0020","name":"Glob-320","banner_or_chain":"Global Pet Foods","competitor_type":"specialty_chain","city":"Calgary(Shawnessy)","province":"AB","address":"285 Shawville Boulevard SE"},"geometry":{"type":"Point","coordinates":[-114.0680292,50.90101]}},{"type":"Feature","properties":{"kind":"competitor","id":"comp_0021","name":"Glob-304","banner_or_chain":"Global Pet Foods","competitor_type":"specialty_chain","city":"Camrose","province":"AB","address":"5706 48th Avenue"},"geometry":{"type":"Point","coordinates":[-112.8384938,53.0184041]}},{"type":"Feature","properties":{"kind":"competitor","id":"comp_0022","name":"Glob-314","banner_or_chain":"Global Pet Foods","competitor_type":"specialty_chain","city":"Cochrane","province":"AB","address":"320 1st Street West"},"geometry":{"type":"Point","coordinates":[-114.4706207,51.190731]}},{"type":"Feature","properties":{"kind":"competitor","id":"comp_0023","name":"Glob-321","banner_or_chain":"Global Pet Foods","competitor_type":"specialty_chain","city":"Edmonton","province":"AB","address":"10103  117 Street NW"},"geometry":{"type":"Point","coordinates":[-113.5229043,53.5410799]}},{"type":"Feature","properties":{"kind":"competitor","id":"comp_0024","name":"Glob-317","banner_or_chain":"Global Pet Foods","competitor_type":"specialty_chain","city":"Edmonton","province":"AB","address":"276 Manning Crossing"},"geometry":{"type":"Point","coordinates":[-113.4233632,53.6007443]}},{"type":"Feature","properties":{"kind":"competitor","id":"comp_0025","name":"Glob-303","banner_or_chain":"Global Pet Foods","competitor_type":"specialty_chain","city":"Edmonton","province":"AB","address":"6655 178th Street NW"},"geometry":{"type":"Point","coordinates":[-113.6286135,53.5006788]}},{"type":"Feature","properties":{"kind":"competitor","id":"comp_0026","name":"Glob-326","banner_or_chain":"Global Pet Foods","competitor_type":"specialty_chain","city":"Edmonton","province":"AB","address":"7904 104 Street NW"},"geometry":{"type":"Point","coordinates":[-113.4980954,53.5154525]}},{"type":"Feature","properties":{"kind":"competitor","id":"comp_0027","name":"Glob-309","banner_or_chain":"Global Pet Foods","competitor_type":"specialty_chain","city":"Leduc","province":"AB","address":"5103 50th Avenue"},"geometry":{"type":"Point","coordinates":[-113.5564813,53.2645717]}},{"type":"Feature","properties":{"kind":"competitor","id":"comp_0028","name":"Glob-305","banner_or_chain":"Global Pet Foods","competitor_type":"specialty_chain","city":"Red Deer-North","province":"AB","address":"6320 50 Avenue"},"geometry":{"type":"Point","coordinates":[-113.8155169,52.2839841]}},{"type":"Feature","properties":{"kind":"competitor","id":"comp_0029","name":"Glob-301","banner_or_chain":"Global Pet Foods","competitor_type":"specialty_chain","city":"St.Albert","province":"AB","address":"1 Hebert Road"},"geometry":{"type":"Point","coordinates":[-113.609646,53.6223232]}},{"type":"Feature","properties":{"kind":"competitor","id":"comp_0030","name":"Glob-322","banner_or_chain":"Global Pet Foods","competitor_type":"specialty_chain","city":"Sylvan Lake","province":"AB","address":"40 Hewlett Park Landing"},"geometry":{"type":"Point","coordinates":[-114.0765781,52.3050402]}},{"type":"Feature","properties":{"kind":"competitor","id":"comp_0031","name":"Glob-316","banner_or_chain":"Global Pet Foods","competitor_type":"specialty_chain","city":"Whitecourt","province":"AB","address":"4223 52 Avenue"},"geometry":{"type":"Point","coordinates":[-115.6687051,54.1420203]}},{"type":"Feature","properties":{"kind":"competitor","id":"comp_0032","name":"Glob-803","banner_or_chain":"Global Pet Foods","competitor_type":"specialty_chain","city":"Burnaby","province":"BC","address":"4293 Hastings Street"},"geometry":{"type":"Point","coordinates":[-123.0090818,49.2811981]}},{"type":"Feature","properties":{"kind":"competitor","id":"comp_0033","name":"Glob-805","banner_or_chain":"Global Pet Foods","competitor_type":"specialty_chain","city":"Burnaby","province":"BC","address":"7155 Kingsway"},"geometry":{"type":"Point","coordinates":[-122.9558351,49.2186266]}},{"type":"Feature","properties":{"kind":"competitor","id":"comp_0034","name":"Glob-804","banner_or_chain":"Global Pet Foods","competitor_type":"specialty_chain","city":"Langley","province":"BC","address":"6183 200 St"},"geometry":{"type":"Point","coordinates":[-122.6692914,49.11484]}},{"type":"Feature","properties":{"kind":"competitor","id":"comp_0035","name":"Glob-807","banner_or_chain":"Global Pet Foods","competitor_type":"specialty_chain","city":"Vancouver","province":"BC","address":"4221 Arbutus Street"},"geometry":{"type":"Point","coordinates":[-123.1535565,49.2479453]}},{"type":"Feature","properties":{"kind":"competitor","id":"comp_0036","name":"Glob-751","banner_or_chain":"Global Pet Foods","competitor_type":"specialty_chain","city":"Winnipeg","province":"MB","address":"1220 St. Mary's Road"},"geometry":{"type":"Point","coordinates":[-97.1158673,49.8283398]}},{"type":"Feature","properties":{"kind":"competitor","id":"comp_0037","name":"Glob-752","banner_or_chain":"Global Pet Foods","competitor_type":"specialty_chain","city":"Winnipeg","province":"MB","address":"1855 Grant Avenue"},"geometry":{"type":"Point","coordinates":[-97.2034151,49.8576365]}},{"type":"Feature","properties":{"kind":"competitor","id":"comp_0038","name":"Glob-411","banner_or_chain":"Global Pet Foods","competitor_type":"specialty_chain","city":"Dieppe","province":"NB","address":"50 Rue Ruffin"},"geometry":{"type":"Point","coordinates":[-64.6999389,46.0993065]}},{"type":"Feature","properties":{"kind":"competitor","id":"comp_0039","name":"Glob-404","banner_or_chain":"Global Pet Foods","competitor_type":"specialty_chain","city":"Dieppe","province":"NB","address":"9 Champlain Street"},"geometry":{"type":"Point","coordinates":[-64.7615198,46.0936805]}},{"type":"Feature","properties":{"kind":"competitor","id":"comp_0040","name":"Glob-407","banner_or_chain":"Global Pet Foods","competitor_type":"specialty_chain","city":"Fredericton","province":"NB","address":"102 Main Street"},"geometry":{"type":"Point","coordinates":[-66.6582095,45.9785152]}},{"type":"Feature","properties":{"kind":"competitor","id":"comp_0041","name":"Glob-403","banner_or_chain":"Global Pet Foods","competitor_type":"specialty_chain","city":"Fredericton","province":"NB","address":"1055 Prospect St"},"geometry":{"type":"Point","coordinates":[-66.6668498,45.941906]}},{"type":"Feature","properties":{"kind":"competitor","id":"comp_0042","name":"Glob-409","banner_or_chain":"Global Pet Foods","competitor_type":"specialty_chain","city":"Miramichi","province":"NB","address":"100 Douglastown Blvd"},"geometry":{"type":"Point","coordinates":[-65.490921,47.0336688]}},{"type":"Feature","properties":{"kind":"competitor","id":"comp_0043","name":"Glob-401","banner_or_chain":"Global Pet Foods","competitor_type":"specialty_chain","city":"Moncton","province":"NB","address":"1049 Mountain Road"},"geometry":{"type":"Point","coordinates":[-64.8186173,46.1044523]}},{"type":"Feature","properties":{"kind":"competitor","id":"comp_0044","name":"Glob-408","banner_or_chain":"Global Pet Foods","competitor_type":"specialty_chain","city":"Riverview","province":"NB","address":"540 Pinewood Road"},"geometry":{"type":"Point","coordinates":[-64.7943745,46.0523136]}},{"type":"Feature","properties":{"kind":"competitor","id":"comp_0045","name":"Glob-410","banner_or_chain":"Global Pet Foods","competitor_type":"specialty_chain","city":"Rothesay","province":"NB","address":"82 Hampton Road"},"geometry":{"type":"Point","coordinates":[-65.985204,45.3945729]}},{"type":"Feature","properties":{"kind":"competitor","id":"comp_0046","name":"Glob-405","banner_or_chain":"Global Pet Foods","competitor_type":"specialty_chain","city":"Saint John","province":"NB","address":"600 Fairville Boulevard"},"geometry":{"type":"Point","coordinates":[-66.0944423,45.2552929]}},{"type":"Feature","properties":{"kind":"competitor","id":"comp_0047","name":"Glob-402","banner_or_chain":"Global Pet Foods","competitor_type":"specialty_chain","city":"Saint John","province":"NB","address":"80 McAllister Drive"},"geometry":{"type":"Point","coordinates":[-66.0219691,45.3112276]}},{"type":"Feature","properties":{"kind":"competitor","id":"comp_0048","name":"Glob-551","banner_or_chain":"Global Pet Foods","competitor_type":"specialty_chain","city":"Labrador City","province":"NL","address":"208 Humber Ave"},"geometry":{"type":"Point","coordinates":[-66.9122372,52.9426359]}},{"type":"Feature","properties":{"kind":"competitor","id":"comp_0049","name":"Glob-550","banner_or_chain":"Global Pet Foods","competitor_type":"specialty_chain","city":"St. John's","province":"NL","address":"141 Torbay Rd"},"geometry":{"type":"Point","coordinates":[-52.7109046,47.5922165]}},{"type":"Feature","properties":{"kind":"competitor","id":"comp_0050","name":"Glob-204","banner_or_chain":"Global Pet Foods","competitor_type":"specialty_chain","city":"Bedford","province":"NS","address":"85 Damascus Rd"},"geometry":{"type":"Point","coordinates":[-63.6406158,44.7495006]}},{"type":"Feature","properties":{"kind":"competitor","id":"comp_0051","name":"Glob-201","banner_or_chain":"Global Pet Foods","competitor_type":"specialty_chain","city":"Dartmouth","province":"NS","address":"100 Main Street"},"geometry":{"type":"Point","coordinates":[-63.5408771,44.6799022]}},{"type":"Feature","properties":{"kind":"competitor","id":"comp_0052","name":"Glob-202","banner_or_chain":"Global Pet Foods","competitor_type":"specialty_chain","city":"Halifax","province":"NS","address":"209 Chain Lake Drive"},"geometry":{"type":"Point","coordinates":[-63.6777352,44.6518118]}},{"type":"Feature","properties":{"kind":"competitor","id":"comp_0053","name":"Glob-203","banner_or_chain":"Global Pet Foods","competitor_type":"specialty_chain","city":"New Minas","province":"NS","address":"8934 Commercial Street"},"geometry":{"type":"Point","coordinates":[-64.4641536,45.0678694]}},{"type":"Feature","properties":{"kind":"competitor","id":"comp_0054","name":"Glob-207","banner_or_chain":"Global Pet Foods","competitor_type":"specialty_chain","city":"Stellarton","province":"NS","address":"91 Lawrence Boulevard"},"geometry":{"type":"Point","coordinates":[-62.6703017,45.5738792]}},{"type":"Feature","properties":{"kind":"competitor","id":"comp_0055","name":"Glob-205","banner_or_chain":"Global Pet Foods","competitor_type":"specialty_chain","city":"Sydney","province":"NS","address":"45 Keltic Drive"},"geometry":{"type":"Point","coordinates":[-60.2254021,46.1085053]}},{"type":"Feature","properties":{"kind":"competitor","id":"comp_0056","name":"Glob-206","banner_or_chain":"Global Pet Foods","competitor_type":"specialty_chain","city":"Truro","province":"NS","address":"68 Robie Street"},"geometry":{"type":"Point","coordinates":[-63.3137185,45.3667258]}},{"type":"Feature","properties":{"kind":"competitor","id":"comp_0057","name":"Glob-164","banner_or_chain":"Global Pet Foods","competitor_type":"specialty_chain","city":"Acton","province":"ON","address":"8 Main Street North"},"geometry":{"type":"Point","coordinates":[-80.0419221,43.6298218]}},{"type":"Feature","properties":{"kind":"competitor","id":"comp_0058","name":"Glob-086","banner_or_chain":"Global Pet Foods","competitor_type":"specialty_chain","city":"Ajax","province":"ON","address":"310 Harwood Avenue South"},"geometry":{"type":"Point","coordinates":[-79.0192523,43.8449773]}},{"type":"Feature","properties":{"kind":"competitor","id":"comp_0059","name":"Glob-097","banner_or_chain":"Global Pet Foods","competitor_type":"specialty_chain","city":"Alliston","province":"ON","address":"113 Victoria Street West"},"geometry":{"type":"Point","coordinates":[-79.8729524,44.1527777]}},{"type":"Feature","properties":{"kind":"competitor","id":"comp_0060","name":"Glob-144","banner_or_chain":"Global Pet Foods","competitor_type":"specialty_chain","city":"Ancaster","province":"ON","address":"73 Wilson Street West"},"geometry":{"type":"Point","coordinates":[-79.990618,43.2166]}},{"type":"Feature","properties":{"kind":"competitor","id":"comp_0061","name":"Glob-081","banner_or_chain":"Global Pet Foods","competitor_type":"specialty_chain","city":"Aurora","province":"ON","address":"14800 Yonge St"},"geometry":{"type":"Point","coordinates":[-79.466076,43.987371]}},{"type":"Feature","properties":{"kind":"competitor","id":"comp_0062","name":"Glob-116","banner_or_chain":"Global Pet Foods","competitor_type":"specialty_chain","city":"Barrie","province":"ON","address":"181 Livingstone Street East"},"geometry":{"type":"Point","coordinates":[-79.6953805,44.417474]}},{"type":"Feature","properties":{"kind":"competitor","id":"comp_0063","name":"Glob-091","banner_or_chain":"Global Pet Foods","competitor_type":"specialty_chain","city":"Barrie","province":"ON","address":"420 Essa Road"},"geometry":{"type":"Point","coordinates":[-79.7033491,44.3468901]}},{"type":"Feature","properties":{"kind":"competitor","id":"comp_0064","name":"Glob-162","banner_or_chain":"Global Pet Foods","competitor_type":"specialty_chain","city":"Belleville","province":"ON","address":"110 North Front Street"},"geometry":{"type":"Point","coordinates":[-77.3916784,44.1753162]}},{"type":"Feature","properties":{"kind":"competitor","id":"comp_0065","name":"Glob-100","banner_or_chain":"Global Pet Foods","competitor_type":"specialty_chain","city":"Bolton","province":"ON","address":"356 Queen Street South"},"geometry":{"type":"Point","coordinates":[-79.7290303,43.8721046]}},{"type":"Feature","properties":{"kind":"competitor","id":"comp_0066","name":"Glob-167","banner_or_chain":"Global Pet Foods","competitor_type":"specialty_chain","city":"Bowmanville","province":"ON","address":"2316 Highway 2"},"geometry":{"type":"Point","coordinates":[-78.715814,43.910006]}},{"type":"Feature","properties":{"kind":"competitor","id":"comp_0067","name":"Glob-153","banner_or_chain":"Global Pet Foods","competitor_type":"specialty_chain","city":"Bradford","province":"ON","address":"164 Holland Street West"},"geometry":{"type":"Point","coordinates":[-79.5709322,44.1122035]}},{"type":"Feature","properties":{"kind":"competitor","id":"comp_0068","name":"Glob-115","banner_or_chain":"Global Pet Foods","competitor_type":"specialty_chain","city":"Brampton","province":"ON","address":"10886 Hurontario Street"},"geometry":{"type":"Point","coordinates":[-79.8144873,43.7242547]}},{"type":"Feature","properties":{"kind":"competitor","id":"comp_0069","name":"Glob-134","banner_or_chain":"Global Pet Foods","competitor_type":"specialty_chain","city":"Brampton","province":"ON","address":"17 Worthington Avenue"},"geometry":{"type":"Point","coordinates":[-79.815368,43.682029]}},{"type":"Feature","properties":{"kind":"competitor","id":"comp_0070","name":"Glob-141","banner_or_chain":"Global Pet Foods","competitor_type":"specialty_chain","city":"Brampton","province":"ON","address":"2933 Queen Street East"},"geometry":{"type":"Point","coordinates":[-79.6975834,43.7412299]}},{"type":"Feature","properties":{"kind":"competitor","id":"comp_0071","name":"Glob-199","banner_or_chain":"Global Pet Foods","competitor_type":"specialty_chain","city":"Brampton","province":"ON","address":"7700 Hurontario Street"},"geometry":{"type":"Point","coordinates":[-79.7249427,43.6592575]}},{"type":"Feature","properties":{"kind":"competitor","id":"comp_0072","name":"Glob-046","banner_or_chain":"Global Pet Foods","competitor_type":"specialty_chain","city":"Brantford","province":"ON","address":"39 King George Road"},"geometry":{"type":"Point","coordinates":[-80.2744928,43.1632834]}},{"type":"Feature","properties":{"kind":"competitor","id":"comp_0073","name":"Glob-159","banner_or_chain":"Global Pet Foods","competitor_type":"specialty_chain","city":"Brooklin","province":"ON","address":"200 Carnwith Drive East"},"geometry":{"type":"Point","coordinates":[-78.9492195,43.9685189]}},{"type":"Feature","properties":{"kind":"competitor","id":"comp_0074","name":"Glob-050","banner_or_chain":"Global Pet Foods","competitor_type":"specialty_chain","city":"Burlington","province":"ON","address":"3550 Dundas Street"},"geometry":{"type":"Point","coordinates":[-79.8230657,43.3898977]}},{"type":"Feature","properties":{"kind":"competitor","id":"comp_0075","name":"Glob-044","banner_or_chain":"Global Pet Foods","competitor_type":"specialty_chain","city":"Burlington","province":"ON","address":"450 Appleby Line"},"geometry":{"type":"Point","coordinates":[-79.7551977,43.3677059]}},{"type":"Feature","properties":{"kind":"competitor","id":"comp_0076","name":"Glob-182","banner_or_chain":"Global Pet Foods","competitor_type":"specialty_chain","city":"Cambridge","province":"ON","address":"940 Jamieson Parkway"},"geometry":{"type":"Point","coordinates":[-80.2850041,43.4240337]}},{"type":"Feature","properties":{"kind":"competitor","id":"comp_0077","name":"Glob-140","banner_or_chain":"Global Pet Foods","competitor_type":"specialty_chain","city":"Cambridge","province":"ON","address":"970 Franklin Boulevard"},"geometry":{"type":"Point","coordinates":[-80.3042049,43.3925946]}},{"type":"Feature","properties":{"kind":"competitor","id":"comp_0078","name":"Glob-089","banner_or_chain":"Global Pet Foods","competitor_type":"specialty_chain","city":"Collingwood","province":"ON","address":"20 Balsam Street"},"geometry":{"type":"Point","coordinates":[-80.2346138,44.5041089]}},{"type":"Feature","properties":{"kind":"competitor","id":"comp_0079","name":"Glob-004","banner_or_chain":"Global Pet Foods","competitor_type":"specialty_chain","city":"Dundas","province":"ON","address":"101 Osler Drive"},"geometry":{"type":"Point","coordinates":[-79.9431986,43.2584188]}},{"type":"Feature","properties":{"kind":"competitor","id":"comp_0080","name":"Glob-146","banner_or_chain":"Global Pet Foods","competitor_type":"specialty_chain","city":"Etobicoke","province":"ON","address":"1278 The Queensway"},"geometry":{"type":"Point","coordinates":[-79.5263927,43.6213369]}},{"type":"Feature","properties":{"kind":"competitor","id":"comp_0081","name":"Glob-117","banner_or_chain":"Global Pet Foods","competitor_type":"specialty_chain","city":"Etobicoke","province":"ON","address":"452 Rathburn Road"},"geometry":{"type":"Point","coordinates":[-79.573119,43.653175]}},{"type":"Feature","properties":{"kind":"competitor","id":"comp_0082","name":"Glob-008","banner_or_chain":"Global Pet Foods","competitor_type":"specialty_chain","city":"Fonthill","province":"ON","address":"160 Highway 20 East"},"geometry":{"type":"Point","coordinates":[-79.2730127,43.0496913]}},{"type":"Feature","properties":{"kind":"competitor","id":"comp_0083","name":"Glob-076","banner_or_chain":"Global Pet Foods","competitor_type":"specialty_chain","city":"Georgetown","province":"ON","address":"302 Guelph Street"},"geometry":{"type":"Point","coordinates":[-79.8956377,43.6491655]}},{"type":"Feature","properties":{"kind":"competitor","id":"comp_0084","name":"Glob-035","banner_or_chain":"Global Pet Foods","competitor_type":"specialty_chain","city":"Guelph","province":"ON","address":"19 Victoria Road North"},"geometry":{"type":"Point","coordinates":[-80.2309084,43.5577521]}},{"type":"Feature","properties":{"kind":"competitor","id":"comp_0085","name":"Glob-169","banner_or_chain":"Global Pet Foods","competitor_type":"specialty_chain","city":"Guelph","province":"ON","address":"715 Wellington Street West"},"geometry":{"type":"Point","coordinates":[-80.2688617,43.5215551]}},{"type":"Feature","properties":{"kind":"competitor","id":"comp_0086","name":"Glob-177","banner_or_chain":"Global Pet Foods","competitor_type":"specialty_chain","city":"Hamilton","province":"ON","address":"1400 Upper James Street"},"geometry":{"type":"Point","coordinates":[-79.8908882,43.2103507]}},{"type":"Feature","properties":{"kind":"competitor","id":"comp_0087","name":"Glob-045","banner_or_chain":"Global Pet Foods","competitor_type":"specialty_chain","city":"Hamilton","province":"ON","address":"50 Dundurn Street South"},"geometry":{"type":"Point","coordinates":[-79.8897722,43.2610949]}},{"type":"Feature","properties":{"kind":"competitor","id":"comp_0088","name":"Glob-048","banner_or_chain":"Global Pet Foods","competitor_type":"specialty_chain","city":"Hamilton","province":"ON","address":"989 Fennell Avenue East"},"geometry":{"type":"Point","coordinates":[-79.8371018,43.2285535]}},{"type":"Feature","properties":{"kind":"competitor","id":"comp_0089","name":"Glob-007","banner_or_chain":"Global Pet Foods","competitor_type":"specialty_chain","city":"Huntsville","province":"ON","address":"111 Howland Drive"},"geometry":{"type":"Point","coordinates":[-79.2288338,45.3454496]}},{"type":"Feature","properties":{"kind":"competitor","id":"comp_0090","name":"Glob-191","banner_or_chain":"Global Pet Foods","competitor_type":"specialty_chain","city":"Innisfil","province":"ON","address":"1484 Innisfil Beach Road"},"geometry":{"type":"Point","coordinates":[-79.5759461,44.3090791]}},{"type":"Feature","properties":{"kind":"competitor","id":"comp_0091","name":"Glob-186","banner_or_chain":"Global Pet Foods","competitor_type":"specialty_chain","city":"Kanata","province":"ON","address":"499 Terry Fox Drive"},"geometry":{"type":"Point","coordinates":[-75.9202252,45.3110201]}},{"type":"Feature","properties":{"kind":"competitor","id":"comp_0092","name":"Glob-155","banner_or_chain":"Global Pet Foods","competitor_type":"specialty_chain","city":"Kanata (Bridlewood)","province":"ON","address":"700 Eagleson Road"},"geometry":{"type":"Point","coordinates":[-75.8680654,45.2860187]}},{"type":"Feature","properties":{"kind":"competitor","id":"comp_0093","name":"Glob-068","banner_or_chain":"Global Pet Foods","competitor_type":"specialty_chain","city":"Keswick","province":"ON","address":"443 The Queensway S"},"geometry":{"type":"Point","coordinates":[-79.463988,44.2146401]}},{"type":"Feature","properties":{"kind":"competitor","id":"comp_0094","name":"Glob-002","banner_or_chain":"Global Pet Foods","competitor_type":"specialty_chain","city":"Kilworth","province":"ON","address":"1876 Oxford Street West"},"geometry":{"type":"Point","coordinates":[-81.3625893,42.9641893]}},{"type":"Feature","properties":{"kind":"competitor","id":"comp_0095","name":"Glob-184","banner_or_chain":"Global Pet Foods","competitor_type":"specialty_chain","city":"King City","province":"ON","address":"1700 King Road"},"geometry":{"type":"Point","coordinates":[-79.50567,43.934572]}},{"type":"Feature","properties":{"kind":"competitor","id":"comp_0096","name":"Glob-119","banner_or_chain":"Global Pet Foods","competitor_type":"specialty_chain","city":"Kingston","province":"ON","address":"1111 Princess Street"},"geometry":{"type":"Point","coordinates":[-76.518514,44.244726]}},{"type":"Feature","properties":{"kind":"competitor","id":"comp_0097","name":"Glob-192","banner_or_chain":"Global Pet Foods","competitor_type":"specialty_chain","city":"Kingston","province":"ON","address":"2547 Princess St"},"geometry":{"type":"Point","coordinates":[-76.569443,44.25789]}},{"type":"Feature","properties":{"kind":"competitor","id":"comp_0098","name":"Glob-052","banner_or_chain":"Global Pet Foods","competitor_type":"specialty_chain","city":"Kitchener","province":"ON","address":"700 Strasburg Road"},"geometry":{"type":"Point","coordinates":[-80.480358,43.4133439]}},{"type":"Feature","properties":{"kind":"competitor","id":"comp_0099","name":"Glob-064","banner_or_chain":"Global Pet Foods","competitor_type":"specialty_chain","city":"Lindsay","province":"ON","address":"370 Kent Street West"},"geometry":{"type":"Point","coordinates":[-78.7586353,44.3512534]}},{"type":"Feature","properties":{"kind":"competitor","id":"comp_0100","name":"Glob-005","banner_or_chain":"Global Pet Foods","competitor_type":"specialty_chain","city":"London","province":"ON","address":"1820 Adelaide Street North"},"geometry":{"type":"Point","coordinates":[-81.2587999,43.04592]}},{"type":"Feature","properties":{"kind":"competitor","id":"comp_0101","name":"Glob-126","banner_or_chain":"Global Pet Foods","competitor_type":"specialty_chain","city":"London","province":"ON","address":"395 Wellington Road"},"geometry":{"type":"Point","coordinates":[-81.2324062,42.9594015]}},{"type":"Feature","properties":{"kind":"competitor","id":"comp_0102","name":"Glob-128","banner_or_chain":"Global Pet Foods","competitor_type":"specialty_chain","city":"London","province":"ON","address":"509 Commissioners Road West"},"geometry":{"type":"Point","coordinates":[-81.2905012,42.9559455]}},{"type":"Feature","properties":{"kind":"competitor","id":"comp_0103","name":"Glob-173","banner_or_chain":"Global Pet Foods","competitor_type":"specialty_chain","city":"London","province":"ON","address":"911 Southdale Road West"},"geometry":{"type":"Point","coordinates":[-81.3142812,42.9355994]}},{"type":"Feature","properties":{"kind":"competitor","id":"comp_0104","name":"Glob-061","banner_or_chain":"Global Pet Foods","competitor_type":"specialty_chain","city":"Markham","province":"ON","address":"5990 16th Avenue"},"geometry":{"type":"Point","coordinates":[-79.2656642,43.8919631]}},{"type":"Feature","properties":{"kind":"competitor","id":"comp_0105","name":"Glob-018","banner_or_chain":"Global Pet Foods","competitor_type":"specialty_chain","city":"Markham","province":"ON","address":"9255 Woodbine Ave"},"geometry":{"type":"Point","coordinates":[-79.360913,43.8699148]}},{"type":"Feature","properties":{"kind":"competitor","id":"comp_0106","name":"Glob-074","banner_or_chain":"Global Pet Foods","competitor_type":"specialty_chain","city":"Midland","province":"ON","address":"354 King Street"},"geometry":{"type":"Point","coordinates":[-79.8857443,44.750126]}},{"type":"Feature","properties":{"kind":"competitor","id":"comp_0107","name":"Glob-137","banner_or_chain":"Global Pet Foods","competitor_type":"specialty_chain","city":"Milton","province":"ON","address":"1030 Kennedy Circle"},"geometry":{"type":"Point","coordinates":[-79.8377057,43.5088434]}},{"type":"Feature","properties":{"kind":"competitor","id":"comp_0108","name":"Glob-049","banner_or_chain":"Global Pet Foods","competitor_type":"specialty_chain","city":"Milton","province":"ON","address":"55 Ontario Street South"},"geometry":{"type":"Point","coordinates":[-79.8743668,43.5176812]}},{"type":"Feature","properties":{"kind":"competitor","id":"comp_0109","name":"Glob-043","banner_or_chain":"Global Pet Foods","competitor_type":"specialty_chain","city":"Mississauga","province":"ON","address":"1170 Burnhamthorpe Rd W"},"geometry":{"type":"Point","coordinates":[-79.662642,43.567936]}},{"type":"Feature","properties":{"kind":"competitor","id":"comp_0110","name":"Glob-178","banner_or_chain":"Global Pet Foods","competitor_type":"specialty_chain","city":"Mississauga","province":"ON","address":"1525 Bristol Road West"},"geometry":{"type":"Point","coordinates":[-79.698668,43.5866823]}},{"type":"Feature","properties":{"kind":"competitor","id":"comp_0111","name":"Glob-187","banner_or_chain":"Global Pet Foods","competitor_type":"specialty_chain","city":"Mississauga","province":"ON","address":"1865 Lakeshore Road West"},"geometry":{"type":"Point","coordinates":[-79.6265809,43.5154616]}},{"type":"Feature","properties":{"kind":"competitor","id":"comp_0112","name":"Glob-032","banner_or_chain":"Global Pet Foods","competitor_type":"specialty_chain","city":"Mississauga","province":"ON","address":"224 Lakeshore Road West"},"geometry":{"type":"Point","coordinates":[-79.5922677,43.5467537]}},{"type":"Feature","properties":{"kind":"competitor","id":"comp_0113","name":"Glob-147","banner_or_chain":"Global Pet Foods","competitor_type":"specialty_chain","city":"Mississauga","province":"ON","address":"2901 Eglinton Avenue West"},"geometry":{"type":"Point","coordinates":[-79.7164057,43.5523252]}},{"type":"Feature","properties":{"kind":"competitor","id":"comp_0114","name":"Glob-135","banner_or_chain":"Global Pet Foods","competitor_type":"specialty_chain","city":"Mississauga","province":"ON","address":"6740 Meadowvale Town Centre Circle"},"geometry":{"type":"Point","coordinates":[-79.7616216,43.5837109]}},{"type":"Feature","properties":{"kind":"competitor","id":"comp_0115","name":"Glob-067","banner_or_chain":"Global Pet Foods","competitor_type":"specialty_chain","city":"Newmarket","province":"ON","address":"1111 Davis Drive"},"geometry":{"type":"Point","coordinates":[-79.4340716,44.0718099]}},{"type":"Feature","properties":{"kind":"competitor","id":"comp_0116","name":"Glob-066","banner_or_chain":"Global Pet Foods","competitor_type":"specialty_chain","city":"Newmarket","province":"ON","address":"130 Davis Drive"},"geometry":{"type":"Point","coordinates":[-79.4760688,44.055224]}},{"type":"Feature","properties":{"kind":"competitor","id":"comp_0117","name":"Glob-136","banner_or_chain":"Global Pet Foods","competitor_type":"specialty_chain","city":"Niagara Falls","province":"ON","address":"3643 Portage Road"},"geometry":{"type":"Point","coordinates":[-79.1015285,43.119692]}},{"type":"Feature","properties":{"kind":"competitor","id":"comp_0118","name":"Glob-118","banner_or_chain":"Global Pet Foods","competitor_type":"specialty_chain","city":"North York","province":"ON","address":"280 Sheppard Avenue East"},"geometry":{"type":"Point","coordinates":[-79.3985703,43.764409]}},{"type":"Feature","properties":{"kind":"competitor","id":"comp_0119","name":"Glob-111","banner_or_chain":"Global Pet Foods","competitor_type":"specialty_chain","city":"Oakville","province":"ON","address":"1011 Upper Middle Road East"},"geometry":{"type":"Point","coordinates":[-79.6949056,43.4819996]}},{"type":"Feature","properties":{"kind":"competitor","id":"comp_0120","name":"Glob-194","banner_or_chain":"Global Pet Foods","competitor_type":"specialty_chain","city":"Oakville","province":"ON","address":"1500 Upper Middle Road West"},"geometry":{"type":"Point","coordinates":[-79.74062039,43.43713624]}},{"type":"Feature","properties":{"kind":"competitor","id":"comp_0121","name":"Glob-193","banner_or_chain":"Global Pet Foods","competitor_type":"specialty_chain","city":"Oakville","province":"ON","address":"361 Cornwall Road"},"geometry":{"type":"Point","coordinates":[-79.6772671,43.4582392]}},{"type":"Feature","properties":{"kind":"competitor","id":"comp_0122","name":"Glob-070","banner_or_chain":"Global Pet Foods","competitor_type":"specialty_chain","city":"Orangeville","province":"ON","address":"47 Broadway Avenue"},"geometry":{"type":"Point","coordinates":[-80.0902321,43.9211993]}},{"type":"Feature","properties":{"kind":"competitor","id":"comp_0123","name":"Glob-179","banner_or_chain":"Global Pet Foods","competitor_type":"specialty_chain","city":"Orillia","province":"ON","address":"55 Front Street North"},"geometry":{"type":"Point","coordinates":[-79.4162191,44.6116493]}},{"type":"Feature","properties":{"kind":"competitor","id":"comp_0124","name":"Glob-085","banner_or_chain":"Global Pet Foods","competitor_type":"specialty_chain","city":"Oshawa","province":"ON","address":"575 Thornton Road North"},"geometry":{"type":"Point","coordinates":[-78.8999596,43.9076456]}},{"type":"Feature","properties":{"kind":"competitor","id":"comp_0125","name":"Glob-121","banner_or_chain":"Global Pet Foods","competitor_type":"specialty_chain","city":"Oshawa","province":"ON","address":"600 Grandview Street South"},"geometry":{"type":"Point","coordinates":[-78.814641,43.8910696]}},{"type":"Feature","properties":{"kind":"competitor","id":"comp_0126","name":"Glob-130","banner_or_chain":"Global Pet Foods","competitor_type":"specialty_chain","city":"Oshawa","province":"ON","address":"789 Taunton Road East"},"geometry":{"type":"Point","coordinates":[-78.8504927,43.9383123]}},{"type":"Feature","properties":{"kind":"competitor","id":"comp_0127","name":"Glob-166","banner_or_chain":"Global Pet Foods","competitor_type":"specialty_chain","city":"Ottawa","province":"ON","address":"1021 Cyrville Road"},"geometry":{"type":"Point","coordinates":[-75.6363277,45.4262682]}},{"type":"Feature","properties":{"kind":"competitor","id":"comp_0128","name":"Glob-142","banner_or_chain":"Global Pet Foods","competitor_type":"specialty_chain","city":"Ottawa","province":"ON","address":"1176 Bank Street"},"geometry":{"type":"Point","coordinates":[-75.6819409,45.3921738]}},{"type":"Feature","properties":{"kind":"competitor","id":"comp_0129","name":"Glob-172","banner_or_chain":"Global Pet Foods","competitor_type":"specialty_chain","city":"Ottawa","province":"ON","address":"2150 Robertson Road"},"geometry":{"type":"Point","coordinates":[-75.8363644,45.3192097]}},{"type":"Feature","properties":{"kind":"competitor","id":"comp_0130","name":"Glob-185","banner_or_chain":"Global Pet Foods","competitor_type":"specialty_chain","city":"Ottawa","province":"ON","address":"228 Hunt Club Road"},"geometry":{"type":"Point","coordinates":[-75.6914804,45.3336263]}},{"type":"Feature","properties":{"kind":"competitor","id":"comp_0131","name":"Glob-165","banner_or_chain":"Global Pet Foods","competitor_type":"specialty_chain","city":"Ottawa (Hintonburg)","province":"ON","address":"1204 Wellington Street West"},"geometry":{"type":"Point","coordinates":[-75.730418,45.400204]}},{"type":"Feature","properties":{"kind":"competitor","id":"comp_0132","name":"Glob-096","banner_or_chain":"Global Pet Foods","competitor_type":"specialty_chain","city":"Ottawa (Orleans)","province":"ON","address":"1675 Tenth Line Road"},"geometry":{"type":"Point","coordinates":[-75.4909578,45.4697067]}},{"type":"Feature","properties":{"kind":"competitor","id":"comp_0133","name":"Glob-082","banner_or_chain":"Global Pet Foods","competitor_type":"specialty_chain","city":"Ottawa (Stittsville)","province":"ON","address":"6081 Hazeldean Road"},"geometry":{"type":"Point","coordinates":[-75.93265,45.2726621]}},{"type":"Feature","properties":{"kind":"competitor","id":"comp_0134","name":"Glob-197","banner_or_chain":"Global Pet Foods","competitor_type":"specialty_chain","city":"Owen Sound","province":"ON","address":"1177 16th Street East"},"geometry":{"type":"Point","coordinates":[-80.9238922,44.5733175]}},{"type":"Feature","properties":{"kind":"competitor","id":"comp_0135","name":"Glob-151","banner_or_chain":"Global Pet Foods","competitor_type":"specialty_chain","city":"Peterborough","province":"ON","address":"1154 Chemong Road"},"geometry":{"type":"Point","coordinates":[-78.34077,44.3297363]}},{"type":"Feature","properties":{"kind":"competitor","id":"comp_0136","name":"Glob-190","banner_or_chain":"Global Pet Foods","competitor_type":"specialty_chain","city":"Peterborough","province":"ON","address":"1905 Lansdowne St. West"},"geometry":{"type":"Point","coordinates":[-78.3763506,44.2735006]}},{"type":"Feature","properties":{"kind":"competitor","id":"comp_0137","name":"Glob-124","banner_or_chain":"Global Pet Foods","competitor_type":"specialty_chain","city":"Pickering","province":"ON","address":"1822 Whites Road"},"geometry":{"type":"Point","coordinates":[-79.1226661,43.8302701]}},{"type":"Feature","properties":{"kind":"competitor","id":"comp_0138","name":"Glob-006","banner_or_chain":"Global Pet Foods","competitor_type":"specialty_chain","city":"Port Elgin","province":"ON","address":"1246 Goderich Street"},"geometry":{"type":"Point","coordinates":[-81.37651765,44.45279062]}},{"type":"Feature","properties":{"kind":"competitor","id":"comp_0139","name":"Glob-195","banner_or_chain":"Global Pet Foods","competitor_type":"specialty_chain","city":"Port Hope","province":"ON","address":"181 Toronto Road"},"geometry":{"type":"Point","coordinates":[-78.3234971,43.9617055]}},{"type":"Feature","properties":{"kind":"competitor","id":"comp_0140","name":"Glob-087","banner_or_chain":"Global Pet Foods","competitor_type":"specialty_chain","city":"Richmond Hill","province":"ON","address":"1070 Major Mackenzie Drive East"},"geometry":{"type":"Point","coordinates":[-79.4136505,43.8772263]}},{"type":"Feature","properties":{"kind":"competitor","id":"comp_0141","name":"Glob-149","banner_or_chain":"Global Pet Foods","competitor_type":"specialty_chain","city":"Richmond Hill","province":"ON","address":"12270 Yonge Street"},"geometry":{"type":"Point","coordinates":[-79.45287,43.92672]}},{"type":"Feature","properties":{"kind":"competitor","id":"comp_0142","name":"Glob-176","banner_or_chain":"Global Pet Foods","competitor_type":"specialty_chain","city":"Scarborough","province":"ON","address":"122 Ellesmere Road"},"geometry":{"type":"Point","coordinates":[-79.3097008,43.7595028]}},{"type":"Feature","properties":{"kind":"competitor","id":"comp_0143","name":"Glob-122","banner_or_chain":"Global Pet Foods","competitor_type":"specialty_chain","city":"Scarborough","province":"ON","address":"1575 Ellesmere Road"},"geometry":{"type":"Point","coordinates":[-79.2531085,43.7713632]}},{"type":"Feature","properties":{"kind":"competitor","id":"comp_0144","name":"Shop Location","banner_or_chain":"Global Pet Foods","competitor_type":"specialty_chain","city":"Scarborough","province":"ON","address":"1900 Eglinton Ave E"},"geometry":{"type":"Point","coordinates":[-79.2934055,43.7272516]}},{"type":"Feature","properties":{"kind":"competitor","id":"comp_0145","name":"Glob-131","banner_or_chain":"Global Pet Foods","competitor_type":"specialty_chain","city":"Scarborough","province":"ON","address":"1900 Eglinton Avenue East"},"geometry":{"type":"Point","coordinates":[-79.2933056,43.7272806]}},{"type":"Feature","properties":{"kind":"competitor","id":"comp_0146","name":"Glob-175","banner_or_chain":"Global Pet Foods","competitor_type":"specialty_chain","city":"Scarborough","province":"ON","address":"2369 Brimley Road"},"geometry":{"type":"Point","coordinates":[-79.2726945,43.7980063]}},{"type":"Feature","properties":{"kind":"competitor","id":"comp_0147","name":"Glob-183","banner_or_chain":"Global Pet Foods","competitor_type":"specialty_chain","city":"Scarborough","province":"ON","address":"2975 Kingston Road"},"geometry":{"type":"Point","coordinates":[-79.2312731,43.7246649]}},{"type":"Feature","properties":{"kind":"competitor","id":"comp_0148","name":"Glob-198","banner_or_chain":"Global Pet Foods","competitor_type":"specialty_chain","city":"Scarborough","province":"ON","address":"787 Milner Ave"},"geometry":{"type":"Point","coordinates":[-79.2028996,43.7979992]}},{"type":"Feature","properties":{"kind":"competitor","id":"comp_0149","name":"Glob-079","banner_or_chain":"Global Pet Foods","competitor_type":"specialty_chain","city":"Shelburne","province":"ON","address":"226 First Ave East"},"geometry":{"type":"Point","coordinates":[-80.2025878,44.0803294]}},{"type":"Feature","properties":{"kind":"competitor","id":"comp_0150","name":"Glob-014","banner_or_chain":"Global Pet Foods","competitor_type":"specialty_chain","city":"Simcoe","province":"ON","address":"470 Norfolk St S"},"geometry":{"type":"Point","coordinates":[-80.2994544,42.8216053]}},{"type":"Feature","properties":{"kind":"competitor","id":"comp_0151","name":"Glob-188","banner_or_chain":"Global Pet Foods","competitor_type":"specialty_chain","city":"St. Catharines","province":"ON","address":"344 Glendale Avenue"},"geometry":{"type":"Point","coordinates":[-79.2137692,43.1355891]}},{"type":"Feature","properties":{"kind":"competitor","id":"comp_0152","name":"Glob-015","banner_or_chain":"Global Pet Foods","competitor_type":"specialty_chain","city":"St. Catharines","province":"ON","address":"400 Scott Street"},"geometry":{"type":"Point","coordinates":[-79.2283824,43.1882417]}},{"type":"Feature","properties":{"kind":"competitor","id":"comp_0153","name":"Glob-180","banner_or_chain":"Global Pet Foods","competitor_type":"specialty_chain","city":"St. Thomas","province":"ON","address":"900 Talbot Street"},"geometry":{"type":"Point","coordinates":[-81.1826033,42.7786182]}},{"type":"Feature","properties":{"kind":"competitor","id":"comp_0154","name":"Glob-051","banner_or_chain":"Global Pet Foods","competitor_type":"specialty_chain","city":"Stoney Creek","province":"ON","address":"184 Highway 8"},"geometry":{"type":"Point","coordinates":[-79.74148251,43.22226515]}},{"type":"Feature","properties":{"kind":"competitor","id":"comp_0155","name":"Glob-150","banner_or_chain":"Global Pet Foods","competitor_type":"specialty_chain","city":"Stoney Creek","province":"ON","address":"2273 Rymal Road East"},"geometry":{"type":"Point","coordinates":[-79.7777695,43.1747123]}},{"type":"Feature","properties":{"kind":"competitor","id":"comp_0156","name":"Glob-098","banner_or_chain":"Global Pet Foods","competitor_type":"specialty_chain","city":"Stouffville","province":"ON","address":"5892 Main Street"},"geometry":{"type":"Point","coordinates":[-79.2592261,43.9693822]}},{"type":"Feature","properties":{"kind":"competitor","id":"comp_0157","name":"Glob-161","banner_or_chain":"Global Pet Foods","competitor_type":"specialty_chain","city":"Stratford","province":"ON","address":"684 Ontario Street"},"geometry":{"type":"Point","coordinates":[-80.9589785,43.3718484]}},{"type":"Feature","properties":{"kind":"competitor","id":"comp_0158","name":"Glob-078","banner_or_chain":"Global Pet Foods","competitor_type":"specialty_chain","city":"Thornhill","province":"ON","address":"70 Doncaster Avenue"},"geometry":{"type":"Point","coordinates":[-79.415676,43.804643]}},{"type":"Feature","properties":{"kind":"competitor","id":"comp_0159","name":"Glob-181","banner_or_chain":"Global Pet Foods","competitor_type":"specialty_chain","city":"Thornhill","province":"ON","address":"9200 Bathurst\u00a0Street"},"geometry":{"type":"Point","coordinates":[-79.4597085,43.8471084]}},{"type":"Feature","properties":{"kind":"competitor","id":"comp_0160","name":"Glob-168","banner_or_chain":"Global Pet Foods","competitor_type":"specialty_chain","city":"Toronto","province":"ON","address":"125 Lower Jarvis Street"},"geometry":{"type":"Point","coordinates":[-79.3708972,43.6486405]}},{"type":"Feature","properties":{"kind":"competitor","id":"comp_0161","name":"Glob-138","banner_or_chain":"Global Pet Foods","competitor_type":"specialty_chain","city":"Toronto","province":"ON","address":"133 Danforth Avenue"},"geometry":{"type":"Point","coordinates":[-79.3575891,43.6763133]}},{"type":"Feature","properties":{"kind":"competitor","id":"comp_0162","name":"Glob-113","banner_or_chain":"Global Pet Foods","competitor_type":"specialty_chain","city":"Toronto","province":"ON","address":"173 Dupont Street"},"geometry":{"type":"Point","coordinates":[-79.4032923,43.6755091]}},{"type":"Feature","properties":{"kind":"competitor","id":"comp_0163","name":"Glob-112","banner_or_chain":"Global Pet Foods","competitor_type":"specialty_chain","city":"Toronto","province":"ON","address":"1747 Queen Street East"},"geometry":{"type":"Point","coordinates":[-79.3098909,43.6676883]}},{"type":"Feature","properties":{"kind":"competitor","id":"comp_0164","name":"Glob-120","banner_or_chain":"Global Pet Foods","competitor_type":"specialty_chain","city":"Toronto","province":"ON","address":"1947 Avenue Road"},"geometry":{"type":"Point","coordinates":[-79.41930266,43.7340925]}},{"type":"Feature","properties":{"kind":"competitor","id":"comp_0165","name":"Glob-016","banner_or_chain":"Global Pet Foods","competitor_type":"specialty_chain","city":"Toronto","province":"ON","address":"2075 Yonge St"},"geometry":{"type":"Point","coordinates":[-79.397021,43.701323]}},{"type":"Feature","properties":{"kind":"competitor","id":"comp_0166","name":"Glob-065","banner_or_chain":"Global Pet Foods","competitor_type":"specialty_chain","city":"Toronto","province":"ON","address":"2100 Bloor Street West"},"geometry":{"type":"Point","coordinates":[-79.4705253,43.652601]}},{"type":"Feature","properties":{"kind":"competitor","id":"comp_0167","name":"Glob-011","banner_or_chain":"Global Pet Foods","competitor_type":"specialty_chain","city":"Toronto","province":"ON","address":"23 Ordnance Street"},"geometry":{"type":"Point","coordinates":[-79.4100574,43.6391985]}},{"type":"Feature","properties":{"kind":"competitor","id":"comp_0168","name":"Glob-083","banner_or_chain":"Global Pet Foods","competitor_type":"specialty_chain","city":"Toronto","province":"ON","address":"381 Eglinton Avenue West"},"geometry":{"type":"Point","coordinates":[-79.4107448,43.7040086]}},{"type":"Feature","properties":{"kind":"competitor","id":"comp_0169","name":"Glob-022","banner_or_chain":"Global Pet Foods","competitor_type":"specialty_chain","city":"Toronto","province":"ON","address":"45 Wicksteed Ave"},"geometry":{"type":"Point","coordinates":[-79.3630118,43.7102781]}},{"type":"Feature","properties":{"kind":"competitor","id":"comp_0170","name":"Glob-020","banner_or_chain":"Global Pet Foods","competitor_type":"specialty_chain","city":"Toronto","province":"ON","address":"605 Rogers Road"},"geometry":{"type":"Point","coordinates":[-79.472562,43.6801922]}},{"type":"Feature","properties":{"kind":"competitor","id":"comp_0171","name":"Glob-093","banner_or_chain":"Global Pet Foods","competitor_type":"specialty_chain","city":"Toronto","province":"ON","address":"75 Hanna Avenue"},"geometry":{"type":"Point","coordinates":[-79.4187344,43.6399446]}},{"type":"Feature","properties":{"kind":"competitor","id":"comp_0172","name":"Glob-157","banner_or_chain":"Global Pet Foods","competitor_type":"specialty_chain","city":"Toronto","province":"ON","address":"808 York Mills Road"},"geometry":{"type":"Point","coordinates":[-79.3579693,43.75453]}},{"type":"Feature","properties":{"kind":"competitor","id":"comp_0173","name":"Glob-010","banner_or_chain":"Global Pet Foods","competitor_type":"specialty_chain","city":"Tottenham","province":"ON","address":"140 Mill Street E"},"geometry":{"type":"Point","coordinates":[-79.7944255,44.0252881]}},{"type":"Feature","properties":{"kind":"competitor","id":"comp_0174","name":"Glob-127","banner_or_chain":"Global Pet Foods","competitor_type":"specialty_chain","city":"Trenton","province":"ON","address":"470 2nd Dug Hill Road"},"geometry":{"type":"Point","coordinates":[-77.6047108,44.0958008]}},{"type":"Feature","properties":{"kind":"competitor","id":"comp_0175","name":"Glob-171","banner_or_chain":"Global Pet Foods","competitor_type":"specialty_chain","city":"Unionville","province":"ON","address":"4721 Highway 7 East"},"geometry":{"type":"Point","coordinates":[-79.3016389,43.8627161]}},{"type":"Feature","properties":{"kind":"competitor","id":"comp_0176","name":"Glob-129","banner_or_chain":"Global Pet Foods","competitor_type":"specialty_chain","city":"Uxbridge","province":"ON","address":"2B Welwood Drive"},"geometry":{"type":"Point","coordinates":[-79.1348292,44.0869535]}},{"type":"Feature","properties":{"kind":"competitor","id":"comp_0177","name":"Glob-189","banner_or_chain":"Global Pet Foods","competitor_type":"specialty_chain","city":"Vaughan","province":"ON","address":"3737 Major Mackenzie Dr. W"},"geometry":{"type":"Point","coordinates":[-79.5586,43.843855]}},{"type":"Feature","properties":{"kind":"competitor","id":"comp_0178","name":"Glob-154","banner_or_chain":"Global Pet Foods","competitor_type":"specialty_chain","city":"Wasaga","province":"ON","address":"3 Market Lane"},"geometry":{"type":"Point","coordinates":[-80.0061465,44.5241962]}},{"type":"Feature","properties":{"kind":"competitor","id":"comp_0179","name":"Glob-023","banner_or_chain":"Global Pet Foods","competitor_type":"specialty_chain","city":"Waterdown","province":"ON","address":"255 Dundas Street East"},"geometry":{"type":"Point","coordinates":[-79.8985302,43.3316439]}},{"type":"Feature","properties":{"kind":"competitor","id":"comp_0180","name":"Glob-143","banner_or_chain":"Global Pet Foods","competitor_type":"specialty_chain","city":"Waterloo","province":"ON","address":"425 University Avenue East"},"geometry":{"type":"Point","coordinates":[-80.4923765,43.4892665]}},{"type":"Feature","properties":{"kind":"competitor","id":"comp_0181","name":"Glob-163","banner_or_chain":"Global Pet Foods","competitor_type":"specialty_chain","city":"Waterloo","province":"ON","address":"450 Columbia Street West"},"geometry":{"type":"Point","coordinates":[-80.5688057,43.4679403]}},{"type":"Feature","properties":{"kind":"competitor","id":"comp_0182","name":"Glob-009","banner_or_chain":"Global Pet Foods","competitor_type":"specialty_chain","city":"Whitby","province":"ON","address":"150 Taunton Road West"},"geometry":{"type":"Point","coordinates":[-78.9593161,43.9157271]}},{"type":"Feature","properties":{"kind":"competitor","id":"comp_0183","name":"Glob-012","banner_or_chain":"Global Pet Foods","competitor_type":"specialty_chain","city":"Windsor","province":"ON","address":"35 Amy Croft Drive"},"geometry":{"type":"Point","coordinates":[-82.8650821,42.3052982]}},{"type":"Feature","properties":{"kind":"competitor","id":"comp_0184","name":"Glob-132","banner_or_chain":"Global Pet Foods","competitor_type":"specialty_chain","city":"Woodbridge","province":"ON","address":"7887 Weston Road"},"geometry":{"type":"Point","coordinates":[-79.5470627,43.7917976]}},{"type":"Feature","properties":{"kind":"competitor","id":"comp_0185","name":"Glob-055","banner_or_chain":"Global Pet Foods","competitor_type":"specialty_chain","city":"Woodstock","province":"ON","address":"385 Springbank Ave N"},"geometry":{"type":"Point","coordinates":[-80.7376178,43.1463582]}},{"type":"Feature","properties":{"kind":"competitor","id":"comp_0186","name":"Glob-503","banner_or_chain":"Global Pet Foods","competitor_type":"specialty_chain","city":"Charlottetown","province":"PE","address":"202 Buchanan Drive"},"geometry":{"type":"Point","coordinates":[-63.148615,46.2634026]}},{"type":"Feature","properties":{"kind":"competitor","id":"comp_0187","name":"Glob-502","banner_or_chain":"Global Pet Foods","competitor_type":"specialty_chain","city":"Summerside","province":"PE","address":"454 Granville Street"},"geometry":{"type":"Point","coordinates":[-63.7834649,46.4125022]}},{"type":"Feature","properties":{"kind":"competitor","id":"comp_0188","name":"Beloeil","banner_or_chain":"Global Pet Foods","competitor_type":"specialty_chain","city":"Beloeil","province":"QC","address":"650, Rue Serge-Pepin #117"},"geometry":{"type":"Point","coordinates":[-73.2078888,45.592806]}},{"type":"Feature","properties":{"kind":"competitor","id":"comp_0189","name":"Blainville","banner_or_chain":"Global Pet Foods","competitor_type":"specialty_chain","city":"Blainville","province":"QC","address":"1356, Boulevard Cur\u00e9-Labelle"},"geometry":{"type":"Point","coordinates":[-73.9028109,45.6889645]}},{"type":"Feature","properties":{"kind":"competitor","id":"comp_0190","name":"Boucherville","banner_or_chain":"Global Pet Foods","competitor_type":"specialty_chain","city":"Boucherville","province":"QC","address":"450, Boul. De Mortagne Local # 9"},"geometry":{"type":"Point","coordinates":[-73.43756882,45.59030838]}},{"type":"Feature","properties":{"kind":"competitor","id":"comp_0191","name":"Brossard","banner_or_chain":"Global Pet Foods","competitor_type":"specialty_chain","city":"Brossard","province":"QC","address":"8025 Boulevard Taschereau, Local E"},"geometry":{"type":"Point","coordinates":[-73.4704982,45.44916]}},{"type":"Feature","properties":{"kind":"competitor","id":"comp_0192","name":"Candiac","banner_or_chain":"Global Pet Foods","competitor_type":"specialty_chain","city":"Candiac","province":"QC","address":"3, Boul. De Sardaigne"},"geometry":{"type":"Point","coordinates":[-73.5075238,45.3703804]}},{"type":"Feature","properties":{"kind":"competitor","id":"comp_0193","name":"Cantley","banner_or_chain":"Global Pet Foods","competitor_type":"specialty_chain","city":"Cantley","province":"QC","address":"468 Mont\u00e9e De La Source"},"geometry":{"type":"Point","coordinates":[-75.77342014,45.54180071]}},{"type":"Feature","properties":{"kind":"competitor","id":"comp_0194","name":"Chambly","banner_or_chain":"Global Pet Foods","competitor_type":"specialty_chain","city":"Chambly","province":"QC","address":"3700 Boulevard Fr\u00e9chette, Local 101"},"geometry":{"type":"Point","coordinates":[-73.3098359,45.4269749]}},{"type":"Feature","properties":{"kind":"competitor","id":"comp_0195","name":"Chelsea","banner_or_chain":"Global Pet Foods","competitor_type":"specialty_chain","city":"Chelsea","province":"QC","address":"9, Chem. Cross Loop"},"geometry":{"type":"Point","coordinates":[-75.9013036,45.5978287]}},{"type":"Feature","properties":{"kind":"competitor","id":"comp_0196","name":"Ch\u00e2teauguay","banner_or_chain":"Global Pet Foods","competitor_type":"specialty_chain","city":"Ch\u00e2teauguay","province":"QC","address":"72, Boulevard Saint-Jean-Baptiste"},"geometry":{"type":"Point","coordinates":[-73.7125311,45.3615229]}},{"type":"Feature","properties":{"kind":"competitor","id":"comp_0197","name":"Contrecoeur","banner_or_chain":"Global Pet Foods","competitor_type":"specialty_chain","city":"Contrecoeur","province":"QC","address":"4290 Rue Des Patriotes"},"geometry":{"type":"Point","coordinates":[-73.2342392,45.8413076]}},{"type":"Feature","properties":{"kind":"competitor","id":"comp_0198","name":"Hull","banner_or_chain":"Global Pet Foods","competitor_type":"specialty_chain","city":"Gatineau","province":"QC","address":"1160, Boul. St-Joseph, Suite 12"},"geometry":{"type":"Point","coordinates":[-75.73825385,45.47351557]}},{"type":"Feature","properties":{"kind":"competitor","id":"comp_0199","name":"Buckingham","banner_or_chain":"Global Pet Foods","competitor_type":"specialty_chain","city":"Gatineau","province":"QC","address":"121, Ave Lepine"},"geometry":{"type":"Point","coordinates":[-75.4099688,45.5758739]}},{"type":"Feature","properties":{"kind":"competitor","id":"comp_0200","name":"Aylmer","banner_or_chain":"Global Pet Foods","competitor_type":"specialty_chain","city":"Gatineau","province":"QC","address":"375, Chem. D'Aylmer"},"geometry":{"type":"Point","coordinates":[-75.8329723,45.3965805]}},{"type":"Feature","properties":{"kind":"competitor","id":"comp_0201","name":"Outaouais","banner_or_chain":"Global Pet Foods","competitor_type":"specialty_chain","city":"Gatineau","province":"QC","address":"425, La V\u00e9rendry Est"},"geometry":{"type":"Point","coordinates":[-75.6410348,45.5019385]}},{"type":"Feature","properties":{"kind":"competitor","id":"comp_0202","name":"Gatineau","banner_or_chain":"Global Pet Foods","competitor_type":"specialty_chain","city":"Gatineau","province":"QC","address":"460, Boul. Gr\u00e9ber Local D"},"geometry":{"type":"Point","coordinates":[-75.703043,45.48769]}},{"type":"Feature","properties":{"kind":"competitor","id":"comp_0203","name":"Ile-Perrot","banner_or_chain":"Global Pet Foods","competitor_type":"specialty_chain","city":"Ile-Perrot","province":"QC","address":"475, Boul. Grand"},"geometry":{"type":"Point","coordinates":[-73.9644505,45.3875754]}},{"type":"Feature","properties":{"kind":"competitor","id":"comp_0204","name":"Kirkland","banner_or_chain":"Global Pet Foods","competitor_type":"specialty_chain","city":"Kirkland","province":"QC","address":"16936, A. Transcanadienne"},"geometry":{"type":"Point","coordinates":[-73.85636,45.4525015]}},{"type":"Feature","properties":{"kind":"competitor","id":"comp_0205","name":"Lasalle","banner_or_chain":"Global Pet Foods","competitor_type":"specialty_chain","city":"Lasalle","province":"QC","address":"7751, Boulevard Newman"},"geometry":{"type":"Point","coordinates":[-73.6246826,45.4381351]}},{"type":"Feature","properties":{"kind":"competitor","id":"comp_0206","name":"Laval - Ste-Rose","banner_or_chain":"Global Pet Foods","competitor_type":"specialty_chain","city":"Laval","province":"QC","address":"683 Boul. Cur\u00e9-Labelle"},"geometry":{"type":"Point","coordinates":[-73.7872691,45.5894103]}},{"type":"Feature","properties":{"kind":"competitor","id":"comp_0207","name":"Longueuil","banner_or_chain":"Global Pet Foods","competitor_type":"specialty_chain","city":"Longueuil","province":"QC","address":"2906, Chemin De Chambly"},"geometry":{"type":"Point","coordinates":[-73.4596152,45.5198989]}},{"type":"Feature","properties":{"kind":"competitor","id":"comp_0208","name":"Mascouche Nord","banner_or_chain":"Global Pet Foods","competitor_type":"specialty_chain","city":"Mascouche","province":"QC","address":"3645 Chemin Gascon"},"geometry":{"type":"Point","coordinates":[-73.682225,45.7358921]}},{"type":"Feature","properties":{"kind":"competitor","id":"comp_0209","name":"Mirabel","banner_or_chain":"Global Pet Foods","competitor_type":"specialty_chain","city":"Mirabel","province":"QC","address":"18125, Chemin Notre-Dame"},"geometry":{"type":"Point","coordinates":[-73.923149,45.6695634]}},{"type":"Feature","properties":{"kind":"competitor","id":"comp_0210","name":"Mont-Laurier","banner_or_chain":"Global Pet Foods","competitor_type":"specialty_chain","city":"Mont-Laurier","province":"QC","address":"1054, Boul. Albany-Paquette"},"geometry":{"type":"Point","coordinates":[-75.48332255,46.55069288]}},{"type":"Feature","properties":{"kind":"competitor","id":"comp_0211","name":"Ahuntsic","banner_or_chain":"Global Pet Foods","competitor_type":"specialty_chain","city":"Montr\u00e9al","province":"QC","address":"10410, Lajeunesse"},"geometry":{"type":"Point","coordinates":[-73.6643545,45.5538185]}},{"type":"Feature","properties":{"kind":"competitor","id":"comp_0212","name":"Pierrefonds","banner_or_chain":"Global Pet Foods","competitor_type":"specialty_chain","city":"Montr\u00e9al","province":"QC","address":"14824, Boul Pierrefonds"},"geometry":{"type":"Point","coordinates":[-73.8583148,45.4842717]}},{"type":"Feature","properties":{"kind":"competitor","id":"comp_0213","name":"Westmount","banner_or_chain":"Global Pet Foods","competitor_type":"specialty_chain","city":"Montr\u00e9al","province":"QC","address":"4498 Rue Sainte-Catherine Ouest"},"geometry":{"type":"Point","coordinates":[-73.5933995,45.4807851]}},{"type":"Feature","properties":{"kind":"competitor","id":"comp_0214","name":"Plateau Mont-Royal","banner_or_chain":"Global Pet Foods","competitor_type":"specialty_chain","city":"Montr\u00e9al","province":"QC","address":"4528 Boul. Saint-Laurent"},"geometry":{"type":"Point","coordinates":[-73.587304,45.5202965]}},{"type":"Feature","properties":{"kind":"competitor","id":"comp_0215","name":"Montr\u00e9al Queen Mary","banner_or_chain":"Global Pet Foods","competitor_type":"specialty_chain","city":"Montr\u00e9al","province":"QC","address":"5326, Chemin Queen Mary"},"geometry":{"type":"Point","coordinates":[-73.6291323,45.4829129]}},{"type":"Feature","properties":{"kind":"competitor","id":"comp_0216","name":"Pointe-Claire","banner_or_chain":"Global Pet Foods","competitor_type":"specialty_chain","city":"Pointe-Claire","province":"QC","address":"245-F Boul St-Jean, Plaza Pointe-Claire"},"geometry":{"type":"Point","coordinates":[-73.813238,45.445131]}},{"type":"Feature","properties":{"kind":"competitor","id":"comp_0217","name":"Beauport","banner_or_chain":"Global Pet Foods","competitor_type":"specialty_chain","city":"Quebec","province":"QC","address":"965, Ave Nordique"},"geometry":{"type":"Point","coordinates":[-71.1917346,46.8905735]}},{"type":"Feature","properties":{"kind":"competitor","id":"comp_0218","name":"Qu\u00e9bec - Sainte-Foy","banner_or_chain":"Global Pet Foods","competitor_type":"specialty_chain","city":"Qu\u00e9bec","province":"QC","address":"2828 Chemin Des Quatre-Bourgeois"},"geometry":{"type":"Point","coordinates":[-71.299368,46.7747003]}},{"type":"Feature","properties":{"kind":"competitor","id":"comp_0219","name":"Repentigny","banner_or_chain":"Global Pet Foods","competitor_type":"specialty_chain","city":"Repentigny","province":"QC","address":"173, Rue Notre Dame (Local 6)"},"geometry":{"type":"Point","coordinates":[-73.4704159,45.7186257]}},{"type":"Feature","properties":{"kind":"competitor","id":"comp_0220","name":"Rimouski","banner_or_chain":"Global Pet Foods","competitor_type":"specialty_chain","city":"Rimouski","province":"QC","address":"319 Avenue Leonidas Sud"},"geometry":{"type":"Point","coordinates":[-68.5027458,48.4579922]}},{"type":"Feature","properties":{"kind":"competitor","id":"comp_0221","name":"Rosem\u00e8re","banner_or_chain":"Global Pet Foods","competitor_type":"specialty_chain","city":"Rosem\u00e8re","province":"QC","address":"20 Boulevard Bouthellier"},"geometry":{"type":"Point","coordinates":[-73.8212414,45.6267638]}},{"type":"Feature","properties":{"kind":"competitor","id":"comp_0222","name":"St-Eustache","banner_or_chain":"Global Pet Foods","competitor_type":"specialty_chain","city":"Saint-Eustache","province":"QC","address":"136, 25E Av"},"geometry":{"type":"Point","coordinates":[-73.8731583,45.5728575]}},{"type":"Feature","properties":{"kind":"competitor","id":"comp_0223","name":"Saint-J\u00e9r\u00f4me","banner_or_chain":"Global Pet Foods","competitor_type":"specialty_chain","city":"Saint-J\u00e9r\u00f4me","province":"QC","address":"1093, Boul Jean-Baptiste-Rolland Ouest"},"geometry":{"type":"Point","coordinates":[-74.017366,45.7684118]}},{"type":"Feature","properties":{"kind":"competitor","id":"comp_0224","name":"Ville St-Laurent","banner_or_chain":"Global Pet Foods","competitor_type":"specialty_chain","city":"Saint-Laurent","province":"QC","address":"2340 Rue Wilfrid-Reid"},"geometry":{"type":"Point","coordinates":[-73.712641,45.5182462]}},{"type":"Feature","properties":{"kind":"competitor","id":"comp_0225","name":"Deux-Montagnes","banner_or_chain":"Global Pet Foods","competitor_type":"specialty_chain","city":"Sainte-Marthe-Sur-Le-Lac","province":"QC","address":"2801, Boul Des Promenades"},"geometry":{"type":"Point","coordinates":[-73.9242973,45.5413596]}},{"type":"Feature","properties":{"kind":"competitor","id":"comp_0226","name":"St-Augustin","banner_or_chain":"Global Pet Foods","competitor_type":"specialty_chain","city":"St-Augustin De Desmaures","province":"QC","address":"278 Route 138"},"geometry":{"type":"Point","coordinates":[-71.455239,46.7450003]}},{"type":"Feature","properties":{"kind":"competitor","id":"comp_0227","name":"Trois-Rivi\u00e8res","banner_or_chain":"Global Pet Foods","competitor_type":"specialty_chain","city":"Trois-Rivi\u00e8res","province":"QC","address":"1410 Rue Aubuchon"},"geometry":{"type":"Point","coordinates":[-72.5812546,46.3543695]}},{"type":"Feature","properties":{"kind":"competitor","id":"comp_0228","name":"Trois-Rivi\u00e8res Barkoff","banner_or_chain":"Global Pet Foods","competitor_type":"specialty_chain","city":"Trois-Rivi\u00e8res","province":"QC","address":"431 Rue Barkoff"},"geometry":{"type":"Point","coordinates":[-72.5538135,46.3742268]}},{"type":"Feature","properties":{"kind":"competitor","id":"comp_0229","name":"Hudson","banner_or_chain":"Global Pet Foods","competitor_type":"specialty_chain","city":"Vaudreuil-Dorion","province":"QC","address":"3232, Route Harwood"},"geometry":{"type":"Point","coordinates":[-74.1116251,45.4293801]}},{"type":"Feature","properties":{"kind":"competitor","id":"comp_0230","name":"Vaudreuil-Dorion","banner_or_chain":"Global Pet Foods","competitor_type":"specialty_chain","city":"Vaudreuil-Dorion","province":"QC","address":"35 Boul. De La Cit\u00e9 Des Jeunes, Local 110"},"geometry":{"type":"Point","coordinates":[-74.03070322,45.41238503]}},{"type":"Feature","properties":{"kind":"competitor","id":"comp_0231","name":"Verdun","banner_or_chain":"Global Pet Foods","competitor_type":"specialty_chain","city":"Verdun","province":"QC","address":"4100 Rue Wellington"},"geometry":{"type":"Point","coordinates":[-73.5668702,45.4626534]}},{"type":"Feature","properties":{"kind":"competitor","id":"comp_0232","name":"Homes Alive Pets","banner_or_chain":"Homes Alive Pets","competitor_type":"specialty_chain","city":"Calgary","province":"AB","address":"6711 Macleod Trail #110"},"geometry":{"type":"Point","coordinates":[-114.0725158,50.9936345]}},{"type":"Feature","properties":{"kind":"competitor","id":"comp_0233","name":"North Edmonton","banner_or_chain":"Homes Alive Pets","competitor_type":"specialty_chain","city":"Edmonton","province":"AB","address":"13340 St. Albert Trail NW"},"geometry":{"type":"Point","coordinates":[-113.5710859,53.5942866]}},{"type":"Feature","properties":{"kind":"competitor","id":"comp_0234","name":"West Edmonton","banner_or_chain":"Homes Alive Pets","competitor_type":"specialty_chain","city":"Edmonton","province":"AB","address":"17531 Stony Plain Road NW"},"geometry":{"type":"Point","coordinates":[-113.6249875,53.5401348]}},{"type":"Feature","properties":{"kind":"competitor","id":"comp_0235","name":"South Edmonton","banner_or_chain":"Homes Alive Pets","competitor_type":"specialty_chain","city":"Edmonton","province":"AB","address":"5611 104 St NW"},"geometry":{"type":"Point","coordinates":[-113.4969557,53.4934726]}},{"type":"Feature","properties":{"kind":"competitor","id":"comp_0236","name":"West Lethbridge","banner_or_chain":"Homes Alive Pets","competitor_type":"specialty_chain","city":"Lethbridge","province":"AB","address":"166 Columbia Blvd W"},"geometry":{"type":"Point","coordinates":[-112.8751508,49.6751019]}},{"type":"Feature","properties":{"kind":"competitor","id":"comp_0237","name":"Homes Alive Pets","banner_or_chain":"Homes Alive Pets","competitor_type":"specialty_chain","city":"Lethbridge","province":"AB","address":"910 3rd Ave S"},"geometry":{"type":"Point","coordinates":[-112.8335294,49.695707]}},{"type":"Feature","properties":{"kind":"competitor","id":"comp_0238","name":"Homes Alive Pets","banner_or_chain":"Homes Alive Pets","competitor_type":"specialty_chain","city":"Kelowna","province":"BC","address":"2024 Harvey Ave"},"geometry":{"type":"Point","coordinates":[-119.4482899,49.8827162]}},{"type":"Feature","properties":{"kind":"competitor","id":"comp_0239","name":"Homes Alive Pets","banner_or_chain":"Homes Alive Pets","competitor_type":"specialty_chain","city":"Langley","province":"BC","address":"19888 Langley Bypass, Unit 200"},"geometry":{"type":"Point","coordinates":[-122.6711379,49.1121878]}},{"type":"Feature","properties":{"kind":"competitor","id":"comp_0240","name":"Homes Alive Pets","banner_or_chain":"Homes Alive Pets","competitor_type":"specialty_chain","city":"Winnipeg","province":"MB","address":"1539 Kenaston Blvd #300"},"geometry":{"type":"Point","coordinates":[-97.2055031,49.8274147]}},{"type":"Feature","properties":{"kind":"competitor","id":"comp_0241","name":"Mondou Alma","banner_or_chain":"Mondou","competitor_type":"specialty_chain","city":"Alma","province":"QC","address":"1051 Avenue Du Pont Sud"},"geometry":{"type":"Point","coordinates":[-71.6465743,48.533988]}},{"type":"Feature","properties":{"kind":"competitor","id":"comp_0242","name":"Mondou Anjou","banner_or_chain":"Mondou","competitor_type":"specialty_chain","city":"Anjou","province":"QC","address":"7570 Rue B\u00e9clard"},"geometry":{"type":"Point","coordinates":[-73.5837258,45.6103005]}},{"type":"Feature","properties":{"kind":"competitor","id":"comp_0243","name":"Mondou Beauharnois","banner_or_chain":"Mondou","competitor_type":"specialty_chain","city":"Beauharnois","province":"QC","address":"280 Chemin De La Beauce"},"geometry":{"type":"Point","coordinates":[-73.8590366,45.3070182]}},{"type":"Feature","properties":{"kind":"competitor","id":"comp_0244","name":"Mondou Beloeil","banner_or_chain":"Mondou","competitor_type":"specialty_chain","city":"Beloeil","province":"QC","address":"250 Boulevard Sir-Wilfrid-Laurier"},"geometry":{"type":"Point","coordinates":[-73.213576,45.5546718]}},{"type":"Feature","properties":{"kind":"competitor","id":"comp_0245","name":"Mondou Blainville (Cur\u00e9-Labelle)","banner_or_chain":"Mondou","competitor_type":"specialty_chain","city":"Blainville","province":"QC","address":"923 Boulevard Cur\u00e9-Labelle"},"geometry":{"type":"Point","coordinates":[-73.8796192,45.6728331]}},{"type":"Feature","properties":{"kind":"competitor","id":"comp_0246","name":"Mondou Boisbriand (Faubourg)","banner_or_chain":"Mondou","competitor_type":"specialty_chain","city":"Boisbriand","province":"QC","address":"2314 Boulevard Du Faubourg"},"geometry":{"type":"Point","coordinates":[-73.846676,45.624922]}},{"type":"Feature","properties":{"kind":"competitor","id":"comp_0247","name":"Mondou Boucherville (De Touraine)","banner_or_chain":"Mondou","competitor_type":"specialty_chain","city":"Boucherville","province":"QC","address":"584 Chemin De Touraine"},"geometry":{"type":"Point","coordinates":[-73.4046257,45.5708486]}},{"type":"Feature","properties":{"kind":"competitor","id":"comp_0248","name":"Mondou Boucherville","banner_or_chain":"Mondou","competitor_type":"specialty_chain","city":"Boucherville","province":"QC","address":"680 A Rue De Montbrun"},"geometry":{"type":"Point","coordinates":[-73.4398021,45.6116586]}},{"type":"Feature","properties":{"kind":"competitor","id":"comp_0249","name":"Mondou Brossard","banner_or_chain":"Mondou","competitor_type":"specialty_chain","city":"Brossard","province":"QC","address":"9205 Boulevard Taschereau"},"geometry":{"type":"Point","coordinates":[-73.4749633,45.4355592]}},{"type":"Feature","properties":{"kind":"competitor","id":"comp_0250","name":"Mondou Carignan","banner_or_chain":"Mondou","competitor_type":"specialty_chain","city":"Carignan","province":"QC","address":"2379 Chemin De Chambly"},"geometry":{"type":"Point","coordinates":[-73.3113455,45.4584626]}},{"type":"Feature","properties":{"kind":"competitor","id":"comp_0251","name":"Mondou Chicoutimi","banner_or_chain":"Mondou","competitor_type":"specialty_chain","city":"Chicoutimi","province":"QC","address":"1543 Boulevard Talbot"},"geometry":{"type":"Point","coordinates":[-71.0607866,48.4012594]}},{"type":"Feature","properties":{"kind":"competitor","id":"comp_0252","name":"Mondou Ch\u00e2teauguay","banner_or_chain":"Mondou","competitor_type":"specialty_chain","city":"Ch\u00e2teauguay","province":"QC","address":"219 Boulevard Saint-Jean-Baptiste"},"geometry":{"type":"Point","coordinates":[-73.7215644,45.3504674]}},{"type":"Feature","properties":{"kind":"competitor","id":"comp_0253","name":"Mondou D.D.O. (Des Sources)","banner_or_chain":"Mondou","competitor_type":"specialty_chain","city":"Dollard-Des-Ormeaux","province":"QC","address":"3369 Boulevard Des Sources"},"geometry":{"type":"Point","coordinates":[-73.7980261,45.4868293]}},{"type":"Feature","properties":{"kind":"competitor","id":"comp_0254","name":"Mondou Drummondville","banner_or_chain":"Mondou","competitor_type":"specialty_chain","city":"Drummondville","province":"QC","address":"495 Boulevard Saint-Joseph"},"geometry":{"type":"Point","coordinates":[-72.5168618,45.8941532]}},{"type":"Feature","properties":{"kind":"competitor","id":"comp_0255","name":"Mondou Gatineau (De La Savane)","banner_or_chain":"Mondou","competitor_type":"specialty_chain","city":"Gatineau","province":"QC","address":"25 Chemin De La Savane"},"geometry":{"type":"Point","coordinates":[-75.7045036,45.4750056]}},{"type":"Feature","properties":{"kind":"competitor","id":"comp_0256","name":"Mondou Aylmer","banner_or_chain":"Mondou","competitor_type":"specialty_chain","city":"Gatineau","province":"QC","address":"55 Rue Seto"},"geometry":{"type":"Point","coordinates":[-75.807273,45.418788]}},{"type":"Feature","properties":{"kind":"competitor","id":"comp_0257","name":"Mondou Hull (St-Joseph)","banner_or_chain":"Mondou","competitor_type":"specialty_chain","city":"Gatineau","province":"QC","address":"655 Boulevard Saint-Joseph"},"geometry":{"type":"Point","coordinates":[-75.7391156,45.4521375]}},{"type":"Feature","properties":{"kind":"competitor","id":"comp_0258","name":"Mondou Granby","banner_or_chain":"Mondou","competitor_type":"specialty_chain","city":"Granby","province":"QC","address":"1041 Rue Principale"},"geometry":{"type":"Point","coordinates":[-72.7605154,45.4171071]}},{"type":"Feature","properties":{"kind":"competitor","id":"comp_0259","name":"Mondou Greenfield Park","banner_or_chain":"Mondou","competitor_type":"specialty_chain","city":"Greenfield Park","province":"QC","address":"2032 Avenue Victoria"},"geometry":{"type":"Point","coordinates":[-73.4759861,45.4782887]}},{"type":"Feature","properties":{"kind":"competitor","id":"comp_0260","name":"Mondou Kirkland","banner_or_chain":"Mondou","competitor_type":"specialty_chain","city":"Kirkland","province":"QC","address":"2907 Boulevard Saint-Charles"},"geometry":{"type":"Point","coordinates":[-73.852378,45.447215]}},{"type":"Feature","properties":{"kind":"competitor","id":"comp_0261","name":"Mondou L'Ancienne-Lorette","banner_or_chain":"Mondou","competitor_type":"specialty_chain","city":"L'Ancienne-Lorette","province":"QC","address":"1305 Avenue Jules-Verne"},"geometry":{"type":"Point","coordinates":[-71.3476816,46.7873715]}},{"type":"Feature","properties":{"kind":"competitor","id":"comp_0262","name":"Mondou L'Assomption","banner_or_chain":"Mondou","competitor_type":"specialty_chain","city":"L'Assomption","province":"QC","address":"814 Boulevard De L'Ange-Gardien Nord"},"geometry":{"type":"Point","coordinates":[-73.4135449,45.8384644]}},{"type":"Feature","properties":{"kind":"competitor","id":"comp_0263","name":"Mondou La Baie","banner_or_chain":"Mondou","competitor_type":"specialty_chain","city":"La Baie","province":"QC","address":"2100 Rue Bagot"},"geometry":{"type":"Point","coordinates":[-70.8963825,48.3365052]}},{"type":"Feature","properties":{"kind":"competitor","id":"comp_0264","name":"Mondou Lachine (Victoria)","banner_or_chain":"Mondou","competitor_type":"specialty_chain","city":"Lachine","province":"QC","address":"2700 Rue Victoria"},"geometry":{"type":"Point","coordinates":[-73.6875886,45.4364204]}},{"type":"Feature","properties":{"kind":"competitor","id":"comp_0265","name":"Mondou Ste-Doroth\u00e9e","banner_or_chain":"Mondou","competitor_type":"specialty_chain","city":"Laval","province":"QC","address":"1092 Rue Desserte Ouest"},"geometry":{"type":"Point","coordinates":[-73.7872376,45.5319944]}},{"type":"Feature","properties":{"kind":"competitor","id":"comp_0266","name":"Mondou Laval","banner_or_chain":"Mondou","competitor_type":"specialty_chain","city":"Laval","province":"QC","address":"1670 Boulevard De L'Avenir"},"geometry":{"type":"Point","coordinates":[-73.728639,45.5661589]}},{"type":"Feature","properties":{"kind":"competitor","id":"comp_0267","name":"Mondou Chomedey","banner_or_chain":"Mondou","competitor_type":"specialty_chain","city":"Laval","province":"QC","address":"1830 Boulevard Cur\u00e9-Labelle"},"geometry":{"type":"Point","coordinates":[-73.7618589,45.5530031]}},{"type":"Feature","properties":{"kind":"competitor","id":"comp_0268","name":"Mondou Vimont","banner_or_chain":"Mondou","competitor_type":"specialty_chain","city":"Laval","province":"QC","address":"2087 Boulevard Des Laurentides"},"geometry":{"type":"Point","coordinates":[-73.7327556,45.6080393]}},{"type":"Feature","properties":{"kind":"competitor","id":"comp_0269","name":"Mondou Duvernay","banner_or_chain":"Mondou","competitor_type":"specialty_chain","city":"Laval","province":"QC","address":"3100 Boulevard De La Concorde Est"},"geometry":{"type":"Point","coordinates":[-73.6681164,45.5934868]}},{"type":"Feature","properties":{"kind":"competitor","id":"comp_0270","name":"Mondou Fabreville","banner_or_chain":"Mondou","competitor_type":"specialty_chain","city":"Laval","province":"QC","address":"407 Boulevard Cur\u00e9-Labelle"},"geometry":{"type":"Point","coordinates":[-73.7882636,45.5769105]}},{"type":"Feature","properties":{"kind":"competitor","id":"comp_0271","name":"Mondou Longueuil (Ch. Chambly)","banner_or_chain":"Mondou","competitor_type":"specialty_chain","city":"Longueuil","province":"QC","address":"2496 Chemin De Chambly"},"geometry":{"type":"Point","coordinates":[-73.468663,45.52369]}},{"type":"Feature","properties":{"kind":"competitor","id":"comp_0272","name":"Mondou St-Hubert","banner_or_chain":"Mondou","competitor_type":"specialty_chain","city":"Longueuil","province":"QC","address":"5125 Chemin De Chambly"},"geometry":{"type":"Point","coordinates":[-73.4266739,45.5059588]}},{"type":"Feature","properties":{"kind":"competitor","id":"comp_0273","name":"Mondou Longueuil (R.-Therrien)","banner_or_chain":"Mondou","competitor_type":"specialty_chain","city":"Longueuil","province":"QC","address":"530 Boulevard Roland-Therrien"},"geometry":{"type":"Point","coordinates":[-73.4927602,45.5453107]}},{"type":"Feature","properties":{"kind":"competitor","id":"comp_0274","name":"Mondou St-Romuald (De La Concorde)","banner_or_chain":"Mondou","competitor_type":"specialty_chain","city":"L\u00e9vis","province":"QC","address":"1200 Rue De La Concorde"},"geometry":{"type":"Point","coordinates":[-71.2610984,46.7306311]}},{"type":"Feature","properties":{"kind":"competitor","id":"comp_0275","name":"Mondou L\u00e9vis","banner_or_chain":"Mondou","competitor_type":"specialty_chain","city":"L\u00e9vis","province":"QC","address":"79C Route Du Pr\u00e9sident-Kennedy B.100"},"geometry":{"type":"Point","coordinates":[-71.1693847,46.791071]}},{"type":"Feature","properties":{"kind":"competitor","id":"comp_0276","name":"Mondou Magog (Sherbrooke)","banner_or_chain":"Mondou","competitor_type":"specialty_chain","city":"Magog","province":"QC","address":"1852 Rue Sherbrooke"},"geometry":{"type":"Point","coordinates":[-72.1279144,45.2783403]}},{"type":"Feature","properties":{"kind":"competitor","id":"comp_0277","name":"Mondou Mascouche","banner_or_chain":"Mondou","competitor_type":"specialty_chain","city":"Mascouche","province":"QC","address":"250 Mont\u00e9e Masson"},"geometry":{"type":"Point","coordinates":[-73.6195315,45.7262729]}},{"type":"Feature","properties":{"kind":"competitor","id":"comp_0278","name":"Mondou Ville Mont-Royal","banner_or_chain":"Mondou","competitor_type":"specialty_chain","city":"Mont-Royal","province":"QC","address":"1242 Avenue Beaumont"},"geometry":{"type":"Point","coordinates":[-73.6233856,45.5212825]}},{"type":"Feature","properties":{"kind":"competitor","id":"comp_0279","name":"Mondou De Quartier (Mont-Royal)","banner_or_chain":"Mondou","competitor_type":"specialty_chain","city":"Montreal","province":"QC","address":"967 Avenue Mont-Royal Est"},"geometry":{"type":"Point","coordinates":[-73.5800073,45.5273118]}},{"type":"Feature","properties":{"kind":"competitor","id":"comp_0280","name":"Mondou Lajeunesse","banner_or_chain":"Mondou","competitor_type":"specialty_chain","city":"Montr\u00e9al","province":"QC","address":"10315 Rue Lajeunesse"},"geometry":{"type":"Point","coordinates":[-73.6620631,45.553783]}},{"type":"Feature","properties":{"kind":"competitor","id":"comp_0281","name":"Mondou Pointe-Aux-Trembles","banner_or_chain":"Mondou","competitor_type":"specialty_chain","city":"Montr\u00e9al","province":"QC","address":"12310 Rue Sherbrooke Est"},"geometry":{"type":"Point","coordinates":[-73.5120915,45.6471766]}},{"type":"Feature","properties":{"kind":"competitor","id":"comp_0282","name":"Mondou Ville St-Laurent","banner_or_chain":"Mondou","competitor_type":"specialty_chain","city":"Montr\u00e9al","province":"QC","address":"2039 Boulevard Marcel-Laurin"},"geometry":{"type":"Point","coordinates":[-73.7011364,45.5190055]}},{"type":"Feature","properties":{"kind":"competitor","id":"comp_0283","name":"Mondou Atwater","banner_or_chain":"Mondou","competitor_type":"specialty_chain","city":"Montr\u00e9al","province":"QC","address":"2668 Rue Notre-Dame Ouest"},"geometry":{"type":"Point","coordinates":[-73.576523,45.481954]}},{"type":"Feature","properties":{"kind":"competitor","id":"comp_0284","name":"Mondou Shop Angus","banner_or_chain":"Mondou","competitor_type":"specialty_chain","city":"Montr\u00e9al","province":"QC","address":"2793 Rue Sherbrooke E"},"geometry":{"type":"Point","coordinates":[-73.5604723,45.5392046]}},{"type":"Feature","properties":{"kind":"competitor","id":"comp_0285","name":"Mondou Verdun","banner_or_chain":"Mondou","competitor_type":"specialty_chain","city":"Montr\u00e9al","province":"QC","address":"311 Rue De L'\u00c9glise"},"geometry":{"type":"Point","coordinates":[-73.5679767,45.4629788]}},{"type":"Feature","properties":{"kind":"competitor","id":"comp_0286","name":"Mondou C\u00f4te St-Luc","banner_or_chain":"Mondou","competitor_type":"specialty_chain","city":"Montr\u00e9al","province":"QC","address":"5580 Chemin De La C\u00f4te-Saint-Luc"},"geometry":{"type":"Point","coordinates":[-73.6279046,45.4783569]}},{"type":"Feature","properties":{"kind":"competitor","id":"comp_0287","name":"Mondou Rue Sherbrooke","banner_or_chain":"Mondou","competitor_type":"specialty_chain","city":"Montr\u00e9al","province":"QC","address":"6390 Rue Sherbrooke Est"},"geometry":{"type":"Point","coordinates":[-73.5436337,45.5804318]}},{"type":"Feature","properties":{"kind":"competitor","id":"comp_0288","name":"Mondou Langelier","banner_or_chain":"Mondou","competitor_type":"specialty_chain","city":"Montr\u00e9al","province":"QC","address":"7172 Boulevard Langelier"},"geometry":{"type":"Point","coordinates":[-73.5692407,45.5900543]}},{"type":"Feature","properties":{"kind":"competitor","id":"comp_0289","name":"Mondou Lasalle","banner_or_chain":"Mondou","competitor_type":"specialty_chain","city":"Montr\u00e9al","province":"QC","address":"8001 Boulevard Newman"},"geometry":{"type":"Point","coordinates":[-73.6271771,45.4356505]}},{"type":"Feature","properties":{"kind":"competitor","id":"comp_0290","name":"Mondou Rivi\u00e8re-Des-Prairies","banner_or_chain":"Mondou","competitor_type":"specialty_chain","city":"Montr\u00e9al","province":"QC","address":"8287 Boulevard Maurice-Duplessis"},"geometry":{"type":"Point","coordinates":[-73.5859395,45.6350283]}},{"type":"Feature","properties":{"kind":"competitor","id":"comp_0291","name":"Mondou Jean-Talon","banner_or_chain":"Mondou","competitor_type":"specialty_chain","city":"Montr\u00e9al","province":"QC","address":"90 Rue Jean-Talon Est"},"geometry":{"type":"Point","coordinates":[-73.6167132,45.5355002]}},{"type":"Feature","properties":{"kind":"competitor","id":"comp_0292","name":"Mondou Pierrefonds","banner_or_chain":"Mondou","competitor_type":"specialty_chain","city":"Pierrefonds","province":"QC","address":"14910 Boulevard De Pierrefonds"},"geometry":{"type":"Point","coordinates":[-73.8598441,45.4831232]}},{"type":"Feature","properties":{"kind":"competitor","id":"comp_0293","name":"Mondou Pincourt","banner_or_chain":"Mondou","competitor_type":"specialty_chain","city":"Pincourt","province":"QC","address":"1440 Boulevard Du Traversier"},"geometry":{"type":"Point","coordinates":[-73.990328,45.385883]}},{"type":"Feature","properties":{"kind":"competitor","id":"comp_0294","name":"Mondou Quatre-Bourgeois","banner_or_chain":"Mondou","competitor_type":"specialty_chain","city":"Qu\u00e9bec","province":"QC","address":"3210 Chemin Des Quatre-Bourgeois"},"geometry":{"type":"Point","coordinates":[-71.3106589,46.7675399]}},{"type":"Feature","properties":{"kind":"competitor","id":"comp_0295","name":"Mondou George-Muir","banner_or_chain":"Mondou","competitor_type":"specialty_chain","city":"Qu\u00e9bec","province":"QC","address":"330 Rue George-Muir"},"geometry":{"type":"Point","coordinates":[-71.3152106,46.8962048]}},{"type":"Feature","properties":{"kind":"competitor","id":"comp_0296","name":"Mondou Charlesbourg","banner_or_chain":"Mondou","competitor_type":"specialty_chain","city":"Qu\u00e9bec","province":"QC","address":"5755 Boulevard Des Gradins"},"geometry":{"type":"Point","coordinates":[-71.2777495,46.8423223]}},{"type":"Feature","properties":{"kind":"competitor","id":"comp_0297","name":"Mondou Beauport","banner_or_chain":"Mondou","competitor_type":"specialty_chain","city":"Qu\u00e9bec","province":"QC","address":"747 Rue Clemenceau"},"geometry":{"type":"Point","coordinates":[-71.2034093,46.8706359]}},{"type":"Feature","properties":{"kind":"competitor","id":"comp_0298","name":"Mondou St-Roch","banner_or_chain":"Mondou","competitor_type":"specialty_chain","city":"Qu\u00e9bec","province":"QC","address":"820 Rue Saint-Joseph Est"},"geometry":{"type":"Point","coordinates":[-71.2187457,46.816328]}},{"type":"Feature","properties":{"kind":"competitor","id":"comp_0299","name":"Mondou De L'Ormi\u00e8re (Chauveau)","banner_or_chain":"Mondou","competitor_type":"specialty_chain","city":"Qu\u00e9bec","province":"QC","address":"9105 Boulevard De L'Ormi\u00e8re"},"geometry":{"type":"Point","coordinates":[-71.3523079,46.8326049]}},{"type":"Feature","properties":{"kind":"competitor","id":"comp_0300","name":"Mondou Repentigny","banner_or_chain":"Mondou","competitor_type":"specialty_chain","city":"Repentigny","province":"QC","address":"219 Boulevard Brien"},"geometry":{"type":"Point","coordinates":[-73.4624534,45.7482873]}},{"type":"Feature","properties":{"kind":"competitor","id":"comp_0301","name":"Mondou Rimouski (Industrielle)","banner_or_chain":"Mondou","competitor_type":"specialty_chain","city":"Rimouski","province":"QC","address":"392 Mont\u00e9e Industrielle-Et-Commerciale"},"geometry":{"type":"Point","coordinates":[-68.4946182,48.4561771]}},{"type":"Feature","properties":{"kind":"competitor","id":"comp_0302","name":"Mondou Rivi\u00e8re-Du-Loup","banner_or_chain":"Mondou","competitor_type":"specialty_chain","city":"Rivi\u00e8re-Du-Loup","province":"QC","address":"235B Boulevard De L'H\u00f4tel-De-Ville"},"geometry":{"type":"Point","coordinates":[-69.5494853,47.826626]}},{"type":"Feature","properties":{"kind":"competitor","id":"comp_0303","name":"Mondou Rouyn-Noranda","banner_or_chain":"Mondou","competitor_type":"specialty_chain","city":"Rouyn-Noranda","province":"QC","address":"4, 15E Rue"},"geometry":{"type":"Point","coordinates":[-79.030645,48.242461]}},{"type":"Feature","properties":{"kind":"competitor","id":"comp_0304","name":"Mondou Jonqui\u00e8re (Harvey)","banner_or_chain":"Mondou","competitor_type":"specialty_chain","city":"Saguenay","province":"QC","address":"3821 Boulevard Harvey"},"geometry":{"type":"Point","coordinates":[-71.2464874,48.4129686]}},{"type":"Feature","properties":{"kind":"competitor","id":"comp_0305","name":"Mondou St-Bruno","banner_or_chain":"Mondou","competitor_type":"specialty_chain","city":"Saint-Bruno-De-Montarville","province":"QC","address":"1463 Boulevard Saint-Bruno"},"geometry":{"type":"Point","coordinates":[-73.381838,45.5093674]}},{"type":"Feature","properties":{"kind":"competitor","id":"comp_0306","name":"Mondou Joliette","banner_or_chain":"Mondou","competitor_type":"specialty_chain","city":"Saint-Charles-Borrom\u00e9e","province":"QC","address":"170 Rue De La Visitation"},"geometry":{"type":"Point","coordinates":[-73.4491139,46.0424913]}},{"type":"Feature","properties":{"kind":"competitor","id":"comp_0307","name":"Mondou St-Constant","banner_or_chain":"Mondou","competitor_type":"specialty_chain","city":"Saint-Constant","province":"QC","address":"380 Route 132"},"geometry":{"type":"Point","coordinates":[-73.5794907,45.391399]}},{"type":"Feature","properties":{"kind":"competitor","id":"comp_0308","name":"Mondou St-Eustache (H.-Lanth.)","banner_or_chain":"Mondou","competitor_type":"specialty_chain","city":"Saint-Eustache","province":"QC","address":"277 Rue Hector-Lanthier"},"geometry":{"type":"Point","coordinates":[-73.8792704,45.5780796]}},{"type":"Feature","properties":{"kind":"competitor","id":"comp_0309","name":"Mondou St-Eustache","banner_or_chain":"Mondou","competitor_type":"specialty_chain","city":"Saint-Eustache","province":"QC","address":"749 Boulevard Arthur-Sauv\u00e9"},"geometry":{"type":"Point","coordinates":[-73.9177256,45.5788038]}},{"type":"Feature","properties":{"kind":"competitor","id":"comp_0310","name":"Mondou Saint-Georges","banner_or_chain":"Mondou","competitor_type":"specialty_chain","city":"Saint-Georges","province":"QC","address":"8520 Boulevard Lacroix"},"geometry":{"type":"Point","coordinates":[-70.7004725,46.1324156]}},{"type":"Feature","properties":{"kind":"competitor","id":"comp_0311","name":"Mondou St-Hyacinthe","banner_or_chain":"Mondou","competitor_type":"specialty_chain","city":"Saint-Hyacinthe","province":"QC","address":"3255 Boulevard Laframboise"},"geometry":{"type":"Point","coordinates":[-72.967717,45.6361129]}},{"type":"Feature","properties":{"kind":"competitor","id":"comp_0312","name":"Mondou St-Jean-Sur-Richelieu","banner_or_chain":"Mondou","competitor_type":"specialty_chain","city":"Saint-Jean-Sur-Richelieu","province":"QC","address":"989 Boulevard Du S\u00e9minaire Nord"},"geometry":{"type":"Point","coordinates":[-73.2670915,45.3344103]}},{"type":"Feature","properties":{"kind":"competitor","id":"comp_0313","name":"Mondou St-J\u00e9r\u00f4me","banner_or_chain":"Mondou","competitor_type":"specialty_chain","city":"Saint-J\u00e9r\u00f4me","province":"QC","address":"23 Rue Gauthier"},"geometry":{"type":"Point","coordinates":[-74.0165928,45.7650402]}},{"type":"Feature","properties":{"kind":"competitor","id":"comp_0314","name":"Mondou M\u00e9tropolitain","banner_or_chain":"Mondou","competitor_type":"specialty_chain","city":"Saint-L\u00e9onard","province":"QC","address":"5130 Boulevard M\u00e9tropolitain Est"},"geometry":{"type":"Point","coordinates":[-73.5903232,45.5799068]}},{"type":"Feature","properties":{"kind":"competitor","id":"comp_0315","name":"Mondou Saint-Sauveur","banner_or_chain":"Mondou","competitor_type":"specialty_chain","city":"Saint-Sauveur","province":"QC","address":"72 Avenue De La Gare"},"geometry":{"type":"Point","coordinates":[-74.15654,45.892544]}},{"type":"Feature","properties":{"kind":"competitor","id":"comp_0316","name":"Mondou Ste-Agathe","banner_or_chain":"Mondou","competitor_type":"specialty_chain","city":"Sainte-Agathe-Des-Monts","province":"QC","address":"670 Rue Principale Est"},"geometry":{"type":"Point","coordinates":[-74.2718984,46.0447214]}},{"type":"Feature","properties":{"kind":"competitor","id":"comp_0317","name":"Mondou Ste-Julie (Fer-\u00c0-Cheval)","banner_or_chain":"Mondou","competitor_type":"specialty_chain","city":"Sainte-Julie","province":"QC","address":"1615 Chemin Du Fer-\u00c0-Cheval"},"geometry":{"type":"Point","coordinates":[-73.3271829,45.5864987]}},{"type":"Feature","properties":{"kind":"competitor","id":"comp_0318","name":"Mondou Sainte-Marie","banner_or_chain":"Mondou","competitor_type":"specialty_chain","city":"Sainte-Marie","province":"QC","address":"1076 Boulevard Vachon Nord"},"geometry":{"type":"Point","coordinates":[-71.0347457,46.4540369]}},{"type":"Feature","properties":{"kind":"competitor","id":"comp_0319","name":"Mondou Ste-Th\u00e9r\u00e8se","banner_or_chain":"Mondou","competitor_type":"specialty_chain","city":"Sainte-Th\u00e9r\u00e8se","province":"QC","address":"50 Boulevard Cur\u00e9-Labelle"},"geometry":{"type":"Point","coordinates":[-73.8270316,45.6392304]}},{"type":"Feature","properties":{"kind":"competitor","id":"comp_0320","name":"Mondou Valleyfield","banner_or_chain":"Mondou","competitor_type":"specialty_chain","city":"Salaberry-De-Valleyfield","province":"QC","address":"1980 Boulevard Monseigneur-Langlois"},"geometry":{"type":"Point","coordinates":[-74.1200079,45.2710628]}},{"type":"Feature","properties":{"kind":"competitor","id":"comp_0321","name":"Mondou Shawinigan","banner_or_chain":"Mondou","competitor_type":"specialty_chain","city":"Shawinigan","province":"QC","address":"1700 Boulevard Royal"},"geometry":{"type":"Point","coordinates":[-72.7521258,46.5567214]}},{"type":"Feature","properties":{"kind":"competitor","id":"comp_0322","name":"Mondou Fleurimont","banner_or_chain":"Mondou","competitor_type":"specialty_chain","city":"Sherbrooke","province":"QC","address":"1240 Rue King Est"},"geometry":{"type":"Point","coordinates":[-71.861306,45.408261]}},{"type":"Feature","properties":{"kind":"competitor","id":"comp_0323","name":"Mondou Sherbrooke","banner_or_chain":"Mondou","competitor_type":"specialty_chain","city":"Sherbrooke","province":"QC","address":"2925 Boulevard De Portland"},"geometry":{"type":"Point","coordinates":[-71.9480966,45.4044685]}},{"type":"Feature","properties":{"kind":"competitor","id":"comp_0324","name":"Mondou Sorel-Tracy","banner_or_chain":"Mondou","competitor_type":"specialty_chain","city":"Sorel-Tracy","province":"QC","address":"348 Boulevard Poliquin"},"geometry":{"type":"Point","coordinates":[-73.0974011,46.0311206]}},{"type":"Feature","properties":{"kind":"competitor","id":"comp_0325","name":"Mondou Terrebonne","banner_or_chain":"Mondou","competitor_type":"specialty_chain","city":"Terrebonne","province":"QC","address":"2320 Chemin Gascon"},"geometry":{"type":"Point","coordinates":[-73.6646782,45.7232068]}},{"type":"Feature","properties":{"kind":"competitor","id":"comp_0326","name":"Mondou Lachenaie","banner_or_chain":"Mondou","competitor_type":"specialty_chain","city":"Terrebonne","province":"QC","address":"290 Mont\u00e9e Des Pionniers"},"geometry":{"type":"Point","coordinates":[-73.5098991,45.7115199]}},{"type":"Feature","properties":{"kind":"competitor","id":"comp_0327","name":"Mondou La Plaine","banner_or_chain":"Mondou","competitor_type":"specialty_chain","city":"Terrebonne","province":"QC","address":"5333 Boulevard Laurier"},"geometry":{"type":"Point","coordinates":[-73.7077409,45.753904]}},{"type":"Feature","properties":{"kind":"competitor","id":"comp_0328","name":"Mondou Trois-Rivi\u00e8res","banner_or_chain":"Mondou","competitor_type":"specialty_chain","city":"Trois-Rivi\u00e8res","province":"QC","address":"2700 Boulevard Des R\u00e9collets"},"geometry":{"type":"Point","coordinates":[-72.5759249,46.3345212]}},{"type":"Feature","properties":{"kind":"competitor","id":"comp_0329","name":"Mondou Cap-De-La-Madeleine","banner_or_chain":"Mondou","competitor_type":"specialty_chain","city":"Trois-Rivi\u00e8res","province":"QC","address":"370 Rue Barkoff"},"geometry":{"type":"Point","coordinates":[-72.5562493,46.3746166]}},{"type":"Feature","properties":{"kind":"competitor","id":"comp_0330","name":"Mondou Val-D'Or","banner_or_chain":"Mondou","competitor_type":"specialty_chain","city":"Val-D'Or","province":"QC","address":"1860, 3E Avenue"},"geometry":{"type":"Point","coordinates":[-77.8371378,48.0977263]}},{"type":"Feature","properties":{"kind":"competitor","id":"comp_0331","name":"Mondou Vaudreuil-Dorion","banner_or_chain":"Mondou","competitor_type":"specialty_chain","city":"Vaudreuil-Dorion","province":"QC","address":"22800 Chemin Dumberry B.2"},"geometry":{"type":"Point","coordinates":[-74.0385868,45.4128814]}},{"type":"Feature","properties":{"kind":"competitor","id":"comp_0332","name":"Mondou Victoriaville","banner_or_chain":"Mondou","competitor_type":"specialty_chain","city":"Victoriaville","province":"QC","address":"50 Boulevard Arthabaska Ouest"},"geometry":{"type":"Point","coordinates":[-71.9307145,46.0709458]}},{"type":"Feature","properties":{"kind":"competitor","id":"comp_0333","name":"Pattes Et Griffes Bedford","banner_or_chain":"Pattes et Griffes","competitor_type":"specialty_chain","city":"Bedford","province":"QC","address":"7 Av. Des Pins"},"geometry":{"type":"Point","coordinates":[-72.9899239,45.1204856]}},{"type":"Feature","properties":{"kind":"competitor","id":"comp_0334","name":"Pattes Et Griffes Blainville","banner_or_chain":"Pattes et Griffes","competitor_type":"specialty_chain","city":"Blainville","province":"QC","address":"1106 Bd Du Cur\u00e9-Labelle"},"geometry":{"type":"Point","coordinates":[-73.8873545,45.6786171]}},{"type":"Feature","properties":{"kind":"competitor","id":"comp_0335","name":"Pattes Et Griffes Bois-Des-Filion","banner_or_chain":"Pattes et Griffes","competitor_type":"specialty_chain","city":"Bois-Des-Filion","province":"QC","address":"435 Bd Adolphe-Chapleau"},"geometry":{"type":"Point","coordinates":[-73.7587652,45.6661862]}},{"type":"Feature","properties":{"kind":"competitor","id":"comp_0336","name":"Pattes Et Griffes Candiac","banner_or_chain":"Pattes et Griffes","competitor_type":"specialty_chain","city":"Candiac","province":"QC","address":"69 Chem. Saint-Fran\u00e7ois-Xavier"},"geometry":{"type":"Point","coordinates":[-73.5340529,45.3829916]}},{"type":"Feature","properties":{"kind":"competitor","id":"comp_0337","name":"Pattes Et Griffes Ch\u00e2teauguay","banner_or_chain":"Pattes et Griffes","competitor_type":"specialty_chain","city":"Ch\u00e2teauguay","province":"QC","address":"173 Bd Saint-Jean-Baptiste"},"geometry":{"type":"Point","coordinates":[-73.7190395,45.3540535]}},{"type":"Feature","properties":{"kind":"competitor","id":"comp_0338","name":"Pattes Et Griffes Deux-Montagnes","banner_or_chain":"Pattes et Griffes","competitor_type":"specialty_chain","city":"Deux-Montagnes","province":"QC","address":"2700 Boul. Des Promenades"},"geometry":{"type":"Point","coordinates":[-73.9200676,45.5415186]}},{"type":"Feature","properties":{"kind":"competitor","id":"comp_0339","name":"Pattes Et Griffes Drummondville","banner_or_chain":"Pattes et Griffes","competitor_type":"specialty_chain","city":"Drummondville","province":"QC","address":"2259 Bd Lemire"},"geometry":{"type":"Point","coordinates":[-72.4995483,45.864145]}},{"type":"Feature","properties":{"kind":"competitor","id":"comp_0340","name":"Pattes Et Griffes Gatineau","banner_or_chain":"Pattes et Griffes","competitor_type":"specialty_chain","city":"Gatineau","province":"QC","address":"381 Boulevard Maloney E"},"geometry":{"type":"Point","coordinates":[-75.6428439,45.4852574]}},{"type":"Feature","properties":{"kind":"competitor","id":"comp_0341","name":"Pattes Et Griffes Joliette","banner_or_chain":"Pattes et Griffes","competitor_type":"specialty_chain","city":"Joliette","province":"QC","address":"351 Rue Beaudry Nord"},"geometry":{"type":"Point","coordinates":[-73.4557143,46.0227038]}},{"type":"Feature","properties":{"kind":"competitor","id":"comp_0342","name":"Pattes Et Griffes Jonqui\u00e8re","banner_or_chain":"Pattes et Griffes","competitor_type":"specialty_chain","city":"Jonqui\u00e8re","province":"QC","address":"2302 Rue Langelier"},"geometry":{"type":"Point","coordinates":[-71.1699211,48.40197108]}},{"type":"Feature","properties":{"kind":"competitor","id":"comp_0343","name":"Pattes Et Griffes L'Assomption","banner_or_chain":"Pattes et Griffes","competitor_type":"specialty_chain","city":"L'Assomption","province":"QC","address":"1240 Bd De L'Ange Gardien N"},"geometry":{"type":"Point","coordinates":[-73.4272659,45.8493387]}},{"type":"Feature","properties":{"kind":"competitor","id":"comp_0344","name":"Pattes Et Griffes La Prairie","banner_or_chain":"Pattes et Griffes","competitor_type":"specialty_chain","city":"La Prairie","province":"QC","address":"1410 Chem. De Saint-Jean"},"geometry":{"type":"Point","coordinates":[-73.4740996,45.4090253]}},{"type":"Feature","properties":{"kind":"competitor","id":"comp_0345","name":"Pattes Et Griffes Lachute","banner_or_chain":"Pattes et Griffes","competitor_type":"specialty_chain","city":"Lachute","province":"QC","address":"435 Rue Principale"},"geometry":{"type":"Point","coordinates":[-74.3368676,45.656707]}},{"type":"Feature","properties":{"kind":"competitor","id":"comp_0346","name":"Pattes Et Griffes Vimont","banner_or_chain":"Pattes et Griffes","competitor_type":"specialty_chain","city":"Laval","province":"QC","address":"2108 Boulevard Des Laurentides"},"geometry":{"type":"Point","coordinates":[-73.7347528,45.6084516]}},{"type":"Feature","properties":{"kind":"competitor","id":"comp_0347","name":"Pattes Et Griffes Duvernay","banner_or_chain":"Pattes et Griffes","competitor_type":"specialty_chain","city":"Laval","province":"QC","address":"3015 Blvd. De La Concorde E"},"geometry":{"type":"Point","coordinates":[-73.66889,45.5927771]}},{"type":"Feature","properties":{"kind":"competitor","id":"comp_0348","name":"Pattes Et Griffes Longueuil","banner_or_chain":"Pattes et Griffes","competitor_type":"specialty_chain","city":"Longueuil","province":"QC","address":"151 Boulevard Cur\u00e9-Poirier O"},"geometry":{"type":"Point","coordinates":[-73.482675,45.52795]}},{"type":"Feature","properties":{"kind":"competitor","id":"comp_0349","name":"Pattes Et Griffes Mascouche","banner_or_chain":"Pattes et Griffes","competitor_type":"specialty_chain","city":"Mascouche","province":"QC","address":"2719 Ch Sainte-Marie"},"geometry":{"type":"Point","coordinates":[-73.6108607,45.7515794]}},{"type":"Feature","properties":{"kind":"competitor","id":"comp_0350","name":"Pattes Et Griffes Saint-Janvier","banner_or_chain":"Pattes et Griffes","competitor_type":"specialty_chain","city":"Mirabel","province":"QC","address":"13615 Bd Du Cur\u00e9-Labelle"},"geometry":{"type":"Point","coordinates":[-73.9240997,45.7023413]}},{"type":"Feature","properties":{"kind":"competitor","id":"comp_0351","name":"Pattes Et Griffes Mont-Laurier","banner_or_chain":"Pattes et Griffes","competitor_type":"specialty_chain","city":"Mont-Laurier","province":"QC","address":"515 Bd Albiny Paquette Suite 100"},"geometry":{"type":"Point","coordinates":[-75.4971078,46.550338]}},{"type":"Feature","properties":{"kind":"competitor","id":"comp_0352","name":"Pattes Et Griffes Jean-Talon","banner_or_chain":"Pattes et Griffes","competitor_type":"specialty_chain","city":"Montreal","province":"QC","address":"5000 Rue Jean-Talon O Suite 110"},"geometry":{"type":"Point","coordinates":[-73.64945188,45.49611628]}},{"type":"Feature","properties":{"kind":"competitor","id":"comp_0353","name":"Pattes Et Griffes Griffintown","banner_or_chain":"Pattes et Griffes","competitor_type":"specialty_chain","city":"Montr\u00e9al","province":"QC","address":"1195 R. Notre Dame O"},"geometry":{"type":"Point","coordinates":[-73.564094,45.494226]}},{"type":"Feature","properties":{"kind":"competitor","id":"comp_0354","name":"Pattes Et Griffes Fleury","banner_or_chain":"Pattes et Griffes","competitor_type":"specialty_chain","city":"Montr\u00e9al","province":"QC","address":"1570 Rue Fleury E"},"geometry":{"type":"Point","coordinates":[-73.6558661,45.5633924]}},{"type":"Feature","properties":{"kind":"competitor","id":"comp_0355","name":"Pattes Et Griffes Mont-Royal","banner_or_chain":"Pattes et Griffes","competitor_type":"specialty_chain","city":"Montr\u00e9al","province":"QC","address":"2035 Avenue Du Mont-Royal E"},"geometry":{"type":"Point","coordinates":[-73.5727739,45.5350259]}},{"type":"Feature","properties":{"kind":"competitor","id":"comp_0356","name":"Pattes Et Griffes 2227 Beaubien","banner_or_chain":"Pattes et Griffes","competitor_type":"specialty_chain","city":"Montr\u00e9al","province":"QC","address":"2227 Rue Beaubien E"},"geometry":{"type":"Point","coordinates":[-73.5937312,45.546712]}},{"type":"Feature","properties":{"kind":"competitor","id":"comp_0357","name":"Pattes Et Griffes Masson","banner_or_chain":"Pattes et Griffes","competitor_type":"specialty_chain","city":"Montr\u00e9al","province":"QC","address":"2815 Rue Masson"},"geometry":{"type":"Point","coordinates":[-73.5756992,45.5472597]}},{"type":"Feature","properties":{"kind":"competitor","id":"comp_0358","name":"Pattes Et Griffes Hochelaga","banner_or_chain":"Pattes et Griffes","competitor_type":"specialty_chain","city":"Montr\u00e9al","province":"QC","address":"3683 Rue Hochelaga"},"geometry":{"type":"Point","coordinates":[-73.550956,45.548076]}},{"type":"Feature","properties":{"kind":"competitor","id":"comp_0359","name":"Pattes Et Griffes Saint-Henri","banner_or_chain":"Pattes et Griffes","competitor_type":"specialty_chain","city":"Montr\u00e9al","province":"QC","address":"3775 R. Notre Dame O"},"geometry":{"type":"Point","coordinates":[-73.5826135,45.4788614]}},{"type":"Feature","properties":{"kind":"competitor","id":"comp_0360","name":"Pattes Et Griffes Saint-Denis","banner_or_chain":"Pattes et Griffes","competitor_type":"specialty_chain","city":"Montr\u00e9al","province":"QC","address":"4810 R. Saint-Denis"},"geometry":{"type":"Point","coordinates":[-73.5861319,45.5252803]}},{"type":"Feature","properties":{"kind":"competitor","id":"comp_0361","name":"Pattes Et Griffes Parc","banner_or_chain":"Pattes et Griffes","competitor_type":"specialty_chain","city":"Montr\u00e9al","province":"QC","address":"4889 Av. Du Parc"},"geometry":{"type":"Point","coordinates":[-73.5937292,45.5189795]}},{"type":"Feature","properties":{"kind":"competitor","id":"comp_0362","name":"Pattes Et Griffes Jarry","banner_or_chain":"Pattes et Griffes","competitor_type":"specialty_chain","city":"Montr\u00e9al","province":"QC","address":"708 Rue Jarry E"},"geometry":{"type":"Point","coordinates":[-73.626903,45.545441]}},{"type":"Feature","properties":{"kind":"competitor","id":"comp_0363","name":"Pattes Et Griffes Tetreauville","banner_or_chain":"Pattes et Griffes","competitor_type":"specialty_chain","city":"Montr\u00e9al","province":"QC","address":"8810 Rue Hochelaga"},"geometry":{"type":"Point","coordinates":[-73.5188737,45.6025014]}},{"type":"Feature","properties":{"kind":"competitor","id":"comp_0364","name":"Pattes Et Griffes Acadie","banner_or_chain":"Pattes et Griffes","competitor_type":"specialty_chain","city":"Montr\u00e9al","province":"QC","address":"9185 Bd De L'Acadie"},"geometry":{"type":"Point","coordinates":[-73.6550525,45.5331399]}},{"type":"Feature","properties":{"kind":"competitor","id":"comp_0365","name":"Pattes Et Griffes 919 Beaubien","banner_or_chain":"Pattes et Griffes","competitor_type":"specialty_chain","city":"Montr\u00e9al","province":"QC","address":"919 Rue Beaubien E"},"geometry":{"type":"Point","coordinates":[-73.6025866,45.5368249]}},{"type":"Feature","properties":{"kind":"competitor","id":"comp_0366","name":"Pattes Et Griffes Piedmont","banner_or_chain":"Pattes et Griffes","competitor_type":"specialty_chain","city":"Piedmont","province":"QC","address":"745 Bd Des Laurentides"},"geometry":{"type":"Point","coordinates":[-74.1363805,45.9041213]}},{"type":"Feature","properties":{"kind":"competitor","id":"comp_0367","name":"Pattes Et Griffes Rawdon","banner_or_chain":"Pattes et Griffes","competitor_type":"specialty_chain","city":"Rawdon","province":"QC","address":"3285 1Re Av"},"geometry":{"type":"Point","coordinates":[-73.6983112,46.0390936]}},{"type":"Feature","properties":{"kind":"competitor","id":"comp_0368","name":"Pattes Et Griffes Brien","banner_or_chain":"Pattes et Griffes","competitor_type":"specialty_chain","city":"Repentigny","province":"QC","address":"211 Boul. Brien"},"geometry":{"type":"Point","coordinates":[-73.4615876,45.7478186]}},{"type":"Feature","properties":{"kind":"competitor","id":"comp_0369","name":"Pattes Et Griffes Notre-Dame","banner_or_chain":"Pattes et Griffes","competitor_type":"specialty_chain","city":"Repentigny","province":"QC","address":"220 Rue Notre-Dame"},"geometry":{"type":"Point","coordinates":[-73.4633054,45.7211308]}},{"type":"Feature","properties":{"kind":"competitor","id":"comp_0370","name":"Pattes Et Griffes Rosem\u00e8re","banner_or_chain":"Pattes et Griffes","competitor_type":"specialty_chain","city":"Rosem\u00e8re","province":"QC","address":"199 Boul. Labelle"},"geometry":{"type":"Point","coordinates":[-73.8025024,45.62316]}},{"type":"Feature","properties":{"kind":"competitor","id":"comp_0371","name":"Pattes Et Griffes Saint-Eustache","banner_or_chain":"Pattes et Griffes","competitor_type":"specialty_chain","city":"Saint-Eustache","province":"QC","address":"163 25E Av"},"geometry":{"type":"Point","coordinates":[-73.8729003,45.5742953]}},{"type":"Feature","properties":{"kind":"competitor","id":"comp_0372","name":"Pattes Et Griffes Saint-Hubert","banner_or_chain":"Pattes et Griffes","competitor_type":"specialty_chain","city":"Saint-Hubert","province":"QC","address":"1585 Bd Des Promenades"},"geometry":{"type":"Point","coordinates":[-73.3817273,45.4916406]}},{"type":"Feature","properties":{"kind":"competitor","id":"comp_0373","name":"Pattes Et Griffes Saint-J\u00e9r\u00f4me","banner_or_chain":"Pattes et Griffes","competitor_type":"specialty_chain","city":"Saint-J\u00e9r\u00f4me","province":"QC","address":"1050 Bd Du Grand H\u00e9ron"},"geometry":{"type":"Point","coordinates":[-74.0180968,45.7599993]}},{"type":"Feature","properties":{"kind":"competitor","id":"comp_0374","name":"Pattes Et Griffes Lafontaine","banner_or_chain":"Pattes et Griffes","competitor_type":"specialty_chain","city":"Saint-J\u00e9r\u00f4me","province":"QC","address":"1950 Bd Du Cur\u00e9-Labelle Local 3A"},"geometry":{"type":"Point","coordinates":[-74.0099508,45.794695]}},{"type":"Feature","properties":{"kind":"competitor","id":"comp_0375","name":"Pattes Et Griffes Saint-Lambert","banner_or_chain":"Pattes et Griffes","competitor_type":"specialty_chain","city":"Saint-Lambert","province":"QC","address":"1451 Av. Victoria"},"geometry":{"type":"Point","coordinates":[-73.4935143,45.4899715]}},{"type":"Feature","properties":{"kind":"competitor","id":"comp_0376","name":"Pattes Et Griffes Lacordaire","banner_or_chain":"Pattes et Griffes","competitor_type":"specialty_chain","city":"Saint-L\u00e9onard","province":"QC","address":"9220 Bd Lacordaire"},"geometry":{"type":"Point","coordinates":[-73.6098512,45.5968136]}},{"type":"Feature","properties":{"kind":"competitor","id":"comp_0377","name":"Pattes Et Griffes Sainte-Julie","banner_or_chain":"Pattes et Griffes","competitor_type":"specialty_chain","city":"Sainte-Julie","province":"QC","address":"320 Rue Murano Local 104"},"geometry":{"type":"Point","coordinates":[-73.3220487,45.5836282]}},{"type":"Feature","properties":{"kind":"competitor","id":"comp_0378","name":"Pattes Et Griffes Sainte-Th\u00e9r\u00e8se","banner_or_chain":"Pattes et Griffes","competitor_type":"specialty_chain","city":"Sainte-Th\u00e9r\u00e8se","province":"QC","address":"190 Bd Du Cur\u00e9-Labelle Suite 1B"},"geometry":{"type":"Point","coordinates":[-73.8325225,45.642817]}},{"type":"Feature","properties":{"kind":"competitor","id":"comp_0379","name":"Pattes Et Griffes Valleyfield","banner_or_chain":"Pattes et Griffes","competitor_type":"specialty_chain","city":"Salaberry-De-Valleyfield","province":"QC","address":"775 Bd Monseigneur-Langlois"},"geometry":{"type":"Point","coordinates":[-74.1437473,45.2677937]}},{"type":"Feature","properties":{"kind":"competitor","id":"comp_0380","name":"Pattes Et Griffes Sorel-Tracy","banner_or_chain":"Pattes et Griffes","competitor_type":"specialty_chain","city":"Sorel-Tracy","province":"QC","address":"1111 QC-132"},"geometry":{"type":"Point","coordinates":[-73.129549,46.0401044]}},{"type":"Feature","properties":{"kind":"competitor","id":"comp_0381","name":"Pattes Et Griffes Terrebonne Ouest","banner_or_chain":"Pattes et Griffes","competitor_type":"specialty_chain","city":"Terrebonne","province":"QC","address":"3465 Mnt Gagnon"},"geometry":{"type":"Point","coordinates":[-73.8089164,45.6978249]}},{"type":"Feature","properties":{"kind":"competitor","id":"comp_0382","name":"Pattes Et Griffes Vieux Terrebonne","banner_or_chain":"Pattes et Griffes","competitor_type":"specialty_chain","city":"Terrebonne","province":"QC","address":"905 Boul. Des Seigneurs"},"geometry":{"type":"Point","coordinates":[-73.6412384,45.7022287]}},{"type":"Feature","properties":{"kind":"competitor","id":"comp_0383","name":"Pattes Et Griffes Verdun","banner_or_chain":"Pattes et Griffes","competitor_type":"specialty_chain","city":"Verdun","province":"QC","address":"4702 Rue Wellington"},"geometry":{"type":"Point","coordinates":[-73.5673466,45.4577382]}},{"type":"Feature","properties":{"kind":"competitor","id":"comp_0384","name":"Stacy's Pet Depot","banner_or_chain":"Pet Depot","competitor_type":"specialty_chain","city":"Cornwall","province":"ON","address":"805 Sydney St"},"geometry":{"type":"Point","coordinates":[-74.7315782,45.0280804]}},{"type":"Feature","properties":{"kind":"competitor","id":"comp_0385","name":"Regina's Pet Depot","banner_or_chain":"Pet Depot","competitor_type":"specialty_chain","city":"Regina","province":"SK","address":"340 McCarthy Boulevard North"},"geometry":{"type":"Point","coordinates":[-104.6665613,50.4819342]}},{"type":"Feature","properties":{"kind":"competitor","id":"comp_0386","name":"Sierra Springs","banner_or_chain":"Pet Planet","competitor_type":"specialty_chain","city":"Airdrie","province":"AB","address":"130 Sierra Springs Drive, Unit 3007"},"geometry":{"type":"Point","coordinates":[-114.0025875,51.2670989]}},{"type":"Feature","properties":{"kind":"competitor","id":"comp_0387","name":"Airdrie Dickson Crossing","banner_or_chain":"Pet Planet","competitor_type":"specialty_chain","city":"Airdrie","province":"AB","address":"3 Stonegate Drive NW, Unit 501"},"geometry":{"type":"Point","coordinates":[-114.01379,51.3012532]}},{"type":"Feature","properties":{"kind":"competitor","id":"comp_0388","name":"Douglas Square","banner_or_chain":"Pet Planet","competitor_type":"specialty_chain","city":"Alberta","province":"AB","address":"11520 24th Street SE"},"geometry":{"type":"Point","coordinates":[-113.9992428,50.9527575]}},{"type":"Feature","properties":{"kind":"competitor","id":"comp_0389","name":"Gallerie Beaumont","banner_or_chain":"Pet Planet","competitor_type":"specialty_chain","city":"Beaumont","province":"AB","address":"6110 50th Street, Unit 110"},"geometry":{"type":"Point","coordinates":[-113.4171133,53.36247552]}},{"type":"Feature","properties":{"kind":"competitor","id":"comp_0390","name":"Auburn Bay","banner_or_chain":"Pet Planet","competitor_type":"specialty_chain","city":"Calgary","province":"AB","address":"100 Auburn Meadows Dr SE, Unit 322"},"geometry":{"type":"Point","coordinates":[-113.9457397,50.8949279]}},{"type":"Feature","properties":{"kind":"competitor","id":"comp_0391","name":"Beddington","banner_or_chain":"Pet Planet","competitor_type":"specialty_chain","city":"Calgary","province":"AB","address":"100 Beddington Blvd NE, Suite 110"},"geometry":{"type":"Point","coordinates":[-114.0694533,51.1255325]}},{"type":"Feature","properties":{"kind":"competitor","id":"comp_0392","name":"Southwood Corner","banner_or_chain":"Pet Planet","competitor_type":"specialty_chain","city":"Calgary","province":"AB","address":"10233 Elbow Drive SW"},"geometry":{"type":"Point","coordinates":[-114.0856549,50.9617737]}},{"type":"Feature","properties":{"kind":"competitor","id":"comp_0393","name":"Country Hills Town Centre","banner_or_chain":"Pet Planet","competitor_type":"specialty_chain","city":"Calgary","province":"AB","address":"104 450 Country Hills Blvd NE"},"geometry":{"type":"Point","coordinates":[-114.0588611,51.1554681]}},{"type":"Feature","properties":{"kind":"competitor","id":"comp_0394","name":"Kensington Gate","banner_or_chain":"Pet Planet","competitor_type":"specialty_chain","city":"Calgary","province":"AB","address":"1113 Kensington Road Northwest"},"geometry":{"type":"Point","coordinates":[-114.0869015,51.0523673]}},{"type":"Feature","properties":{"kind":"competitor","id":"comp_0395","name":"Oakridge","banner_or_chain":"Pet Planet","competitor_type":"specialty_chain","city":"Calgary","province":"AB","address":"130-2580 Southland Drive SW"},"geometry":{"type":"Point","coordinates":[-114.1211008,50.9626934]}},{"type":"Feature","properties":{"kind":"competitor","id":"comp_0396","name":"Millrise Plaza","banner_or_chain":"Pet Planet","competitor_type":"specialty_chain","city":"Calgary","province":"AB","address":"150 Millrise Blvd SW, Unit 3133"},"geometry":{"type":"Point","coordinates":[-114.071459,50.9139851]}},{"type":"Feature","properties":{"kind":"competitor","id":"comp_0397","name":"Gates Of Walden","banner_or_chain":"Pet Planet","competitor_type":"specialty_chain","city":"Calgary","province":"AB","address":"151 Walden Gate SE, Unit 250"},"geometry":{"type":"Point","coordinates":[-114.0372708,50.8752101]}},{"type":"Feature","properties":{"kind":"competitor","id":"comp_0398","name":"West Market","banner_or_chain":"Pet Planet","competitor_type":"specialty_chain","city":"Calgary","province":"AB","address":"1851 Sirocco Drive Southwest, #416"},"geometry":{"type":"Point","coordinates":[-114.1684294,51.0374186]}},{"type":"Feature","properties":{"kind":"competitor","id":"comp_0399","name":"Crowfoot Village","banner_or_chain":"Pet Planet","competitor_type":"specialty_chain","city":"Calgary","province":"AB","address":"20 Crowfoot Crescent Northwest, Unit 840"},"geometry":{"type":"Point","coordinates":[-114.1991095,51.125453]}},{"type":"Feature","properties":{"kind":"competitor","id":"comp_0400","name":"Aspen Landing","banner_or_chain":"Pet Planet","competitor_type":"specialty_chain","city":"Calgary","province":"AB","address":"306 Aspen Glen Landing SW, Unit 128"},"geometry":{"type":"Point","coordinates":[-114.2076652,51.0390561]}},{"type":"Feature","properties":{"kind":"competitor","id":"comp_0401","name":"Cranston Market","banner_or_chain":"Pet Planet","competitor_type":"specialty_chain","city":"Calgary","province":"AB","address":"356 Cranston Road SE, Unit 4032"},"geometry":{"type":"Point","coordinates":[-113.976315,50.8800296]}},{"type":"Feature","properties":{"kind":"competitor","id":"comp_0402","name":"Brentwood Village","banner_or_chain":"Pet Planet","competitor_type":"specialty_chain","city":"Calgary","province":"AB","address":"3630 Brentwood Road NW"},"geometry":{"type":"Point","coordinates":[-114.1249985,51.0854173]}},{"type":"Feature","properties":{"kind":"competitor","id":"comp_0403","name":"University District","banner_or_chain":"Pet Planet","competitor_type":"specialty_chain","city":"Calgary","province":"AB","address":"4121 University Ave NW"},"geometry":{"type":"Point","coordinates":[-114.1456453,51.0778414]}},{"type":"Feature","properties":{"kind":"competitor","id":"comp_0404","name":"Richmond Place","banner_or_chain":"Pet Planet","competitor_type":"specialty_chain","city":"Calgary","province":"AB","address":"4800 Richmond Road SW"},"geometry":{"type":"Point","coordinates":[-114.155374,51.018757]}},{"type":"Feature","properties":{"kind":"competitor","id":"comp_0405","name":"Royal Oak","banner_or_chain":"Pet Planet","competitor_type":"specialty_chain","city":"Calgary","province":"AB","address":"8650 112 Avenue Northwest, Unit 1121"},"geometry":{"type":"Point","coordinates":[-114.210556,51.151858]}},{"type":"Feature","properties":{"kind":"competitor","id":"comp_0406","name":"Canmore","banner_or_chain":"Pet Planet","competitor_type":"specialty_chain","city":"Canmore","province":"AB","address":"1160 Railway Avenue, Unit 116"},"geometry":{"type":"Point","coordinates":[-115.3565315,51.0925483]}},{"type":"Feature","properties":{"kind":"competitor","id":"comp_0407","name":"Chestermere Station","banner_or_chain":"Pet Planet","competitor_type":"specialty_chain","city":"Chestermere","province":"AB","address":"175 Chestermere Station Way, Unit 502"},"geometry":{"type":"Point","coordinates":[-113.8268607,51.0491486]}},{"type":"Feature","properties":{"kind":"competitor","id":"comp_0408","name":"Cochrane Towne Square","banner_or_chain":"Pet Planet","competitor_type":"specialty_chain","city":"Cochrane","province":"AB","address":"312 5th Avenue W, Unit 21"},"geometry":{"type":"Point","coordinates":[-114.475098,51.1843756]}},{"type":"Feature","properties":{"kind":"competitor","id":"comp_0409","name":"Jasper Gates","banner_or_chain":"Pet Planet","competitor_type":"specialty_chain","city":"Edmonton","province":"AB","address":"14979 Stony Plain Road SE"},"geometry":{"type":"Point","coordinates":[-113.5787369,53.5394911]}},{"type":"Feature","properties":{"kind":"competitor","id":"comp_0410","name":"Newcastle Centre","banner_or_chain":"Pet Planet","competitor_type":"specialty_chain","city":"Edmonton","province":"AB","address":"16961 127th Street NW"},"geometry":{"type":"Point","coordinates":[-113.5394235,53.6319818]}},{"type":"Feature","properties":{"kind":"competitor","id":"comp_0411","name":"Currents Of Windermere","banner_or_chain":"Pet Planet","competitor_type":"specialty_chain","city":"Edmonton","province":"AB","address":"5148 Windermere Blvd NW"},"geometry":{"type":"Point","coordinates":[-113.6019711,53.4353766]}},{"type":"Feature","properties":{"kind":"competitor","id":"comp_0412","name":"Riverbend Square","banner_or_chain":"Pet Planet","competitor_type":"specialty_chain","city":"Edmonton","province":"AB","address":"708 Riverbend Square"},"geometry":{"type":"Point","coordinates":[-113.5889413,53.4694769]}},{"type":"Feature","properties":{"kind":"competitor","id":"comp_0413","name":"West Granville Centre","banner_or_chain":"Pet Planet","competitor_type":"specialty_chain","city":"Edmonton","province":"AB","address":"7177 Winterburn Road"},"geometry":{"type":"Point","coordinates":[-113.6863025,53.5070553]}},{"type":"Feature","properties":{"kind":"competitor","id":"comp_0414","name":"Namao Centre","banner_or_chain":"Pet Planet","competitor_type":"specialty_chain","city":"Edmonton","province":"AB","address":"9631 167th Avenue"},"geometry":{"type":"Point","coordinates":[-113.4902871,53.6283065]}},{"type":"Feature","properties":{"kind":"competitor","id":"comp_0415","name":"Westpark Centre","banner_or_chain":"Pet Planet","competitor_type":"specialty_chain","city":"Fort Saskatchewan","province":"AB","address":"120 Westpark Blvd., Unit 106"},"geometry":{"type":"Point","coordinates":[-113.2482257,53.6822804]}},{"type":"Feature","properties":{"kind":"competitor","id":"comp_0416","name":"East 70 Station","banner_or_chain":"Pet Planet","competitor_type":"specialty_chain","city":"Lloydminster","province":"AB","address":"4157 70th Avenue"},"geometry":{"type":"Point","coordinates":[-110.0470554,53.2743521]}},{"type":"Feature","properties":{"kind":"competitor","id":"comp_0417","name":"Okotoks Westmount Center","banner_or_chain":"Pet Planet","competitor_type":"specialty_chain","city":"Okotoks","province":"AB","address":"200 Southridge Drive, Unit 429"},"geometry":{"type":"Point","coordinates":[-113.9757277,50.7065723]}},{"type":"Feature","properties":{"kind":"competitor","id":"comp_0418","name":"Cornerstone Olds","banner_or_chain":"Pet Planet","competitor_type":"specialty_chain","city":"Olds","province":"AB","address":"6900 46th Street, Unit 330"},"geometry":{"type":"Point","coordinates":[-114.1378971,51.796384]}},{"type":"Feature","properties":{"kind":"competitor","id":"comp_0419","name":"Clearview Market Square","banner_or_chain":"Pet Planet","competitor_type":"specialty_chain","city":"Red Deer","province":"AB","address":"27 Clearview Market Way, Suite 115"},"geometry":{"type":"Point","coordinates":[-113.7693043,52.2861871]}},{"type":"Feature","properties":{"kind":"competitor","id":"comp_0420","name":"Ranch Market","banner_or_chain":"Pet Planet","competitor_type":"specialty_chain","city":"Strathmore","province":"AB","address":"100, Unit 105H"},"geometry":{"type":"Point","coordinates":[-113.378127,51.039889]}},{"type":"Feature","properties":{"kind":"competitor","id":"comp_0421","name":"Sylvan Lake Hewlett Park","banner_or_chain":"Pet Planet","competitor_type":"specialty_chain","city":"Sylvan Lake","province":"AB","address":"90B Hewlett Park Landing"},"geometry":{"type":"Point","coordinates":[-114.0763463,52.3061156]}},{"type":"Feature","properties":{"kind":"competitor","id":"comp_0422","name":"Brunette - Coquitlam","banner_or_chain":"Pet Planet","competitor_type":"specialty_chain","city":"Coquitlam","province":"BC","address":"822 Brunette Ave"},"geometry":{"type":"Point","coordinates":[-122.873921,49.2356141]}},{"type":"Feature","properties":{"kind":"competitor","id":"comp_0423","name":"Columbia Square - Kamloops","banner_or_chain":"Pet Planet","competitor_type":"specialty_chain","city":"Kamloops","province":"BC","address":"1210 Summit Drive, #900"},"geometry":{"type":"Point","coordinates":[-120.3523623,50.664964]}},{"type":"Feature","properties":{"kind":"competitor","id":"comp_0424","name":"Pitt Meadows","banner_or_chain":"Pet Planet","competitor_type":"specialty_chain","city":"Pitt Meadows","province":"BC","address":"19130 Lougheed Highway, Unit 113"},"geometry":{"type":"Point","coordinates":[-122.6915351,49.23014706]}},{"type":"Feature","properties":{"kind":"competitor","id":"comp_0425","name":"Vernon Square","banner_or_chain":"Pet Planet","competitor_type":"specialty_chain","city":"Vernon","province":"BC","address":"4400 32nd Street, Unit E580"},"geometry":{"type":"Point","coordinates":[-119.2758217,50.2770781]}},{"type":"Feature","properties":{"kind":"competitor","id":"comp_0426","name":"Prairiewest","banner_or_chain":"Pet Planet","competitor_type":"specialty_chain","city":"West Kelowna","province":"BC","address":"1135 Stevens Road"},"geometry":{"type":"Point","coordinates":[-119.5639633,49.8648313]}},{"type":"Feature","properties":{"kind":"competitor","id":"comp_0427","name":"Prince Albert","banner_or_chain":"Pet Planet","competitor_type":"specialty_chain","city":"Prince Albert","province":"SK","address":"365C Marquis Road W"},"geometry":{"type":"Point","coordinates":[-105.764132,53.17994]}},{"type":"Feature","properties":{"kind":"competitor","id":"comp_0428","name":"Cumberland Square","banner_or_chain":"Pet Planet","competitor_type":"specialty_chain","city":"Saskatoon","province":"SK","address":"1519 8th Street E, Unit 40"},"geometry":{"type":"Point","coordinates":[-106.6322858,52.11554419]}},{"type":"Feature","properties":{"kind":"competitor","id":"comp_0429","name":"University Heights Square","banner_or_chain":"Pet Planet","competitor_type":"specialty_chain","city":"Saskatoon","province":"SK","address":"1824 McOrmond Drive, Unit 102"},"geometry":{"type":"Point","coordinates":[-106.568429,52.147515]}},{"type":"Feature","properties":{"kind":"competitor","id":"comp_0430","name":"Primrose","banner_or_chain":"Pet Planet","competitor_type":"specialty_chain","city":"Saskatoon","province":"SK","address":"234 Primrose Drive, 1A"},"geometry":{"type":"Point","coordinates":[-106.6335826,52.1716489]}},{"type":"Feature","properties":{"kind":"competitor","id":"comp_0431","name":"Airdrie","banner_or_chain":"PetSmart","competitor_type":"mass_merchant","city":"Airdrie","province":"AB","address":"2967 Main St. SW Unit 204"},"geometry":{"type":"Point","coordinates":[-114.0067507,51.25909556]}},{"type":"Feature","properties":{"kind":"competitor","id":"comp_0432","name":"Calgary South Centre","banner_or_chain":"PetSmart","competitor_type":"mass_merchant","city":"Calgary","province":"AB","address":"100 Anderson Rd SE Unit 195"},"geometry":{"type":"Point","coordinates":[-114.0662728,50.9534513]}},{"type":"Feature","properties":{"kind":"competitor","id":"comp_0433","name":"Calgary Trinity Hills","banner_or_chain":"PetSmart","competitor_type":"mass_merchant","city":"Calgary","province":"AB","address":"110 Na'A Plaza SW"},"geometry":{"type":"Point","coordinates":[-114.1940154,51.078964]}},{"type":"Feature","properties":{"kind":"competitor","id":"comp_0434","name":"NW Calgary","banner_or_chain":"PetSmart","competitor_type":"mass_merchant","city":"Calgary","province":"AB","address":"11694 Sarcee Trail NW"},"geometry":{"type":"Point","coordinates":[-114.1566074,51.1571191]}},{"type":"Feature","properties":{"kind":"competitor","id":"comp_0435","name":"Calgary East Hills Ab","banner_or_chain":"PetSmart","competitor_type":"mass_merchant","city":"Calgary","province":"AB","address":"145 East Hills Blvd. SE #70"},"geometry":{"type":"Point","coordinates":[-113.9148223,51.0401291]}},{"type":"Feature","properties":{"kind":"competitor","id":"comp_0436","name":"South Calgary","banner_or_chain":"PetSmart","competitor_type":"mass_merchant","city":"Calgary","province":"AB","address":"321 61 Ave SW 7"},"geometry":{"type":"Point","coordinates":[-114.0682969,50.996957]}},{"type":"Feature","properties":{"kind":"competitor","id":"comp_0437","name":"NE Calgary","banner_or_chain":"PetSmart","competitor_type":"mass_merchant","city":"Calgary","province":"AB","address":"600  3221 Sunridge Way NE"},"geometry":{"type":"Point","coordinates":[-113.9913535,51.0680519]}},{"type":"Feature","properties":{"kind":"competitor","id":"comp_0438","name":"Calgary Township","banner_or_chain":"PetSmart","competitor_type":"mass_merchant","city":"Calgary","province":"AB","address":"610 80 Longview Cm SE"},"geometry":{"type":"Point","coordinates":[-114.0307587,50.8658502]}},{"type":"Feature","properties":{"kind":"competitor","id":"comp_0439","name":"SE Calgary","banner_or_chain":"PetSmart","competitor_type":"mass_merchant","city":"Calgary","province":"AB","address":"81-4307-130 Ave"},"geometry":{"type":"Point","coordinates":[-113.970409,50.930364]}},{"type":"Feature","properties":{"kind":"competitor","id":"comp_0440","name":"Cochrane","banner_or_chain":"PetSmart","competitor_type":"mass_merchant","city":"Cochrane","province":"AB","address":"320 Fifth Ave W, Unit 1141"},"geometry":{"type":"Point","coordinates":[-114.4764427,51.1835968]}},{"type":"Feature","properties":{"kind":"competitor","id":"comp_0441","name":"NE Edmonton","banner_or_chain":"PetSmart","competitor_type":"mass_merchant","city":"Edmonton","province":"AB","address":"13680 50th St NW"},"geometry":{"type":"Point","coordinates":[-113.414372,53.596353]}},{"type":"Feature","properties":{"kind":"competitor","id":"comp_0442","name":"NW Edmonton","banner_or_chain":"PetSmart","competitor_type":"mass_merchant","city":"Edmonton","province":"AB","address":"13916 - 137 Ave"},"geometry":{"type":"Point","coordinates":[-113.5601371,53.600789]}},{"type":"Feature","properties":{"kind":"competitor","id":"comp_0443","name":"East Edmonton (Whitemud)","banner_or_chain":"PetSmart","competitor_type":"mass_merchant","city":"Edmonton","province":"AB","address":"2066 38th Avenue"},"geometry":{"type":"Point","coordinates":[-113.375138,53.478965]}},{"type":"Feature","properties":{"kind":"competitor","id":"comp_0444","name":"South Edmonton","banner_or_chain":"PetSmart","competitor_type":"mass_merchant","city":"Edmonton","province":"AB","address":"3289 Calgary Trail NW"},"geometry":{"type":"Point","coordinates":[-113.4933824,53.4650566]}},{"type":"Feature","properties":{"kind":"competitor","id":"comp_0445","name":"Edmonton North Town Centre","banner_or_chain":"PetSmart","competitor_type":"mass_merchant","city":"Edmonton","province":"AB","address":"9450 \u2013 137 Avenue NW"},"geometry":{"type":"Point","coordinates":[-113.4894575,53.6008506]}},{"type":"Feature","properties":{"kind":"competitor","id":"comp_0446","name":"West Edmonton (Terra Losa)","banner_or_chain":"PetSmart","competitor_type":"mass_merchant","city":"Edmonton","province":"AB","address":"9934 170th St NW"},"geometry":{"type":"Point","coordinates":[-113.618534,53.537406]}},{"type":"Feature","properties":{"kind":"competitor","id":"comp_0447","name":"Fort McMurray","banner_or_chain":"PetSmart","competitor_type":"mass_merchant","city":"Fort McMurray","province":"AB","address":"19 Riedel St. Suite 141"},"geometry":{"type":"Point","coordinates":[-111.3625068,56.7223368]}},{"type":"Feature","properties":{"kind":"competitor","id":"comp_0448","name":"Grande Prairie","banner_or_chain":"PetSmart","competitor_type":"mass_merchant","city":"Grande Prairie","province":"AB","address":"9809 116th Street"},"geometry":{"type":"Point","coordinates":[-118.848988,55.168327]}},{"type":"Feature","properties":{"kind":"competitor","id":"comp_0449","name":"Leduc","banner_or_chain":"PetSmart","competitor_type":"mass_merchant","city":"Leduc","province":"AB","address":"5309 Discovery Way Unit 7"},"geometry":{"type":"Point","coordinates":[-113.5673828,53.2664485]}},{"type":"Feature","properties":{"kind":"competitor","id":"comp_0450","name":"Lethbridge","banner_or_chain":"PetSmart","competitor_type":"mass_merchant","city":"Lethbridge","province":"AB","address":"3721 Mayor Magrath Dr South"},"geometry":{"type":"Point","coordinates":[-112.788388,49.657134]}},{"type":"Feature","properties":{"kind":"competitor","id":"comp_0451","name":"Lloydminster","banner_or_chain":"PetSmart","competitor_type":"mass_merchant","city":"Lloydminster","province":"AB","address":"4107 80 Avenue, Unit 107"},"geometry":{"type":"Point","coordinates":[-110.060656,53.2759555]}},{"type":"Feature","properties":{"kind":"competitor","id":"comp_0452","name":"Medicine Hat","banner_or_chain":"PetSmart","competitor_type":"mass_merchant","city":"Medicine Hat","province":"AB","address":"110-1921 Strachan Road SE"},"geometry":{"type":"Point","coordinates":[-110.647522,49.996114]}},{"type":"Feature","properties":{"kind":"competitor","id":"comp_0453","name":"Okotoks","banner_or_chain":"PetSmart","competitor_type":"mass_merchant","city":"Okotoks","province":"AB","address":"200 Southridge Dr Ste 681"},"geometry":{"type":"Point","coordinates":[-113.9768363,50.7053013]}},{"type":"Feature","properties":{"kind":"competitor","id":"comp_0454","name":"Red Deer","banner_or_chain":"PetSmart","competitor_type":"mass_merchant","city":"Red Deer","province":"AB","address":"5001 19th St"},"geometry":{"type":"Point","coordinates":[-113.8174081,52.231311]}},{"type":"Feature","properties":{"kind":"competitor","id":"comp_0455","name":"Sherwood Park","banner_or_chain":"PetSmart","competitor_type":"mass_merchant","city":"Sherwood Park","province":"AB","address":"5000 Emerald Drive"},"geometry":{"type":"Point","coordinates":[-113.287528,53.569222]}},{"type":"Feature","properties":{"kind":"competitor","id":"comp_0456","name":"Spruce Grove","banner_or_chain":"PetSmart","competitor_type":"mass_merchant","city":"Spruce Grove","province":"AB","address":"151 Century Crossing"},"geometry":{"type":"Point","coordinates":[-113.875036,53.542534]}},{"type":"Feature","properties":{"kind":"competitor","id":"comp_0457","name":"St Albert","banner_or_chain":"PetSmart","competitor_type":"mass_merchant","city":"St. Albert","province":"AB","address":"915 St Albert Trail Unit 115"},"geometry":{"type":"Point","coordinates":[-113.6337698,53.6668616]}},{"type":"Feature","properties":{"kind":"competitor","id":"comp_0458","name":"Abbotsford Sumas Bc","banner_or_chain":"PetSmart","competitor_type":"mass_merchant","city":"Abbotsford","province":"BC","address":"1305 Sumas Way"},"geometry":{"type":"Point","coordinates":[-122.2660679,49.026214]}},{"type":"Feature","properties":{"kind":"competitor","id":"comp_0459","name":"Abbotsford W High St   Bc","banner_or_chain":"PetSmart","competitor_type":"mass_merchant","city":"Abbotsford","province":"BC","address":"3122 Mount Lehman Rd. Unit M100"},"geometry":{"type":"Point","coordinates":[-122.3809,49.05819]}},{"type":"Feature","properties":{"kind":"competitor","id":"comp_0460","name":"Burnaby","banner_or_chain":"PetSmart","competitor_type":"mass_merchant","city":"Burnaby","province":"BC","address":"5771 Marine Way"},"geometry":{"type":"Point","coordinates":[-122.9769591,49.200241]}},{"type":"Feature","properties":{"kind":"competitor","id":"comp_0461","name":"Burnaby Station Square","banner_or_chain":"PetSmart","competitor_type":"mass_merchant","city":"Burnaby","province":"BC","address":"6200 McKay Ave  Unit #100"},"geometry":{"type":"Point","coordinates":[-123.0035174,49.2270728]}},{"type":"Feature","properties":{"kind":"competitor","id":"comp_0462","name":"Campbell River","banner_or_chain":"PetSmart","competitor_type":"mass_merchant","city":"Campbell River","province":"BC","address":"1324 Island Hwy Unit 120"},"geometry":{"type":"Point","coordinates":[-125.2462566,50.0333656]}},{"type":"Feature","properties":{"kind":"competitor","id":"comp_0463","name":"Chilliwack","banner_or_chain":"PetSmart","competitor_type":"mass_merchant","city":"Chilliwack","province":"BC","address":"Unit 926-8249 Eagle Landing Pkwy"},"geometry":{"type":"Point","coordinates":[-121.9773442,49.15084523]}},{"type":"Feature","properties":{"kind":"competitor","id":"comp_0464","name":"Coquitlam","banner_or_chain":"PetSmart","competitor_type":"mass_merchant","city":"Coquitlam","province":"BC","address":"1090 Lougheed Hwy"},"geometry":{"type":"Point","coordinates":[-122.863878,49.23419]}},{"type":"Feature","properties":{"kind":"competitor","id":"comp_0465","name":"Courtenay","banner_or_chain":"PetSmart","competitor_type":"mass_merchant","city":"Courtenay","province":"BC","address":"444 Lerwick Rd Unit 700"},"geometry":{"type":"Point","coordinates":[-124.9638892,49.7109403]}},{"type":"Feature","properties":{"kind":"competitor","id":"comp_0466","name":"Duncan","banner_or_chain":"PetSmart","competitor_type":"mass_merchant","city":"Duncan","province":"BC","address":"184 Trunk Road"},"geometry":{"type":"Point","coordinates":[-123.7041486,48.7755611]}},{"type":"Feature","properties":{"kind":"competitor","id":"comp_0467","name":"Kamloops Bc","banner_or_chain":"PetSmart","competitor_type":"mass_merchant","city":"Kamloops","province":"BC","address":"30-1395 Hillside Dr"},"geometry":{"type":"Point","coordinates":[-120.3766335,50.6533318]}},{"type":"Feature","properties":{"kind":"competitor","id":"comp_0468","name":"Kelowna","banner_or_chain":"PetSmart","competitor_type":"mass_merchant","city":"Kelowna","province":"BC","address":"1500 Banks Rd Unit 102"},"geometry":{"type":"Point","coordinates":[-119.4266472,49.8866355]}},{"type":"Feature","properties":{"kind":"competitor","id":"comp_0469","name":"Langley","banner_or_chain":"PetSmart","competitor_type":"mass_merchant","city":"Langley","province":"BC","address":"20015 Langley Bypass Unit 150"},"geometry":{"type":"Point","coordinates":[-122.665435,49.114718]}},{"type":"Feature","properties":{"kind":"competitor","id":"comp_0470","name":"Maple Ridge","banner_or_chain":"PetSmart","competitor_type":"mass_merchant","city":"Maple Ridge","province":"BC","address":"22475 Dewdney Trunk Rd"},"geometry":{"type":"Point","coordinates":[-122.6009713,49.2211015]}},{"type":"Feature","properties":{"kind":"competitor","id":"comp_0471","name":"Nanaimo","banner_or_chain":"PetSmart","competitor_type":"mass_merchant","city":"Nanaimo","province":"BC","address":"6950 Island Highway N Unit 40"},"geometry":{"type":"Point","coordinates":[-124.0558681,49.241318]}},{"type":"Feature","properties":{"kind":"competitor","id":"comp_0472","name":"North Vancouver","banner_or_chain":"PetSmart","competitor_type":"mass_merchant","city":"North Vancouver","province":"BC","address":"1325 Main Street"},"geometry":{"type":"Point","coordinates":[-123.0377719,49.3059563]}},{"type":"Feature","properties":{"kind":"competitor","id":"comp_0473","name":"Penticton Bc","banner_or_chain":"PetSmart","competitor_type":"mass_merchant","city":"Penticton","province":"BC","address":"102 Warren Ave E"},"geometry":{"type":"Point","coordinates":[-119.578978,49.474514]}},{"type":"Feature","properties":{"kind":"competitor","id":"comp_0474","name":"Port Coquitlam","banner_or_chain":"PetSmart","competitor_type":"mass_merchant","city":"Port Coquitlam","province":"BC","address":"2180 Hawkins St. Unit 110"},"geometry":{"type":"Point","coordinates":[-122.7375534,49.2551841]}},{"type":"Feature","properties":{"kind":"competitor","id":"comp_0475","name":"Prince George","banner_or_chain":"PetSmart","competitor_type":"mass_merchant","city":"Prince George","province":"BC","address":"3030 Recplace Drive, Unit 140"},"geometry":{"type":"Point","coordinates":[-122.7701477,53.8906277]}},{"type":"Feature","properties":{"kind":"competitor","id":"comp_0476","name":"Richmond","banner_or_chain":"PetSmart","competitor_type":"mass_merchant","city":"Richmond","province":"BC","address":"120-9751 Bridgeport Rd"},"geometry":{"type":"Point","coordinates":[-123.1148038,49.1931149]}},{"type":"Feature","properties":{"kind":"competitor","id":"comp_0477","name":"Surrey","banner_or_chain":"PetSmart","competitor_type":"mass_merchant","city":"Surrey","province":"BC","address":"12101 72nd Ave Unit 110"},"geometry":{"type":"Point","coordinates":[-122.8881326,49.1353749]}},{"type":"Feature","properties":{"kind":"competitor","id":"comp_0478","name":"South Surrey","banner_or_chain":"PetSmart","competitor_type":"mass_merchant","city":"Surrey","province":"BC","address":"15765 Croydon Drive, Unit# 108"},"geometry":{"type":"Point","coordinates":[-122.7849106,49.0469571]}},{"type":"Feature","properties":{"kind":"competitor","id":"comp_0479","name":"Surrey Panorama Bc","banner_or_chain":"PetSmart","competitor_type":"mass_merchant","city":"Surrey","province":"BC","address":"5713-152nd St Unit 101"},"geometry":{"type":"Point","coordinates":[-122.8024552,49.1062153]}},{"type":"Feature","properties":{"kind":"competitor","id":"comp_0480","name":"Surrey Boardwalk","banner_or_chain":"PetSmart","competitor_type":"mass_merchant","city":"Surrey","province":"BC","address":"C6-15285 101 Ave"},"geometry":{"type":"Point","coordinates":[-122.7990465,49.1863171]}},{"type":"Feature","properties":{"kind":"competitor","id":"comp_0481","name":"Tsawwassen","banner_or_chain":"PetSmart","competitor_type":"mass_merchant","city":"Tsawwassen","province":"BC","address":"4949 Canoe Pass Way #316"},"geometry":{"type":"Point","coordinates":[-123.0854419,49.0424899]}},{"type":"Feature","properties":{"kind":"competitor","id":"comp_0482","name":"Grandview","banner_or_chain":"PetSmart","competitor_type":"mass_merchant","city":"Vancouver","province":"BC","address":"2860 Bentall Street"},"geometry":{"type":"Point","coordinates":[-123.031495,49.258513]}},{"type":"Feature","properties":{"kind":"competitor","id":"comp_0483","name":"Vancouver","banner_or_chain":"PetSmart","competitor_type":"mass_merchant","city":"Vancouver","province":"BC","address":"409 West 2nd Avenue"},"geometry":{"type":"Point","coordinates":[-123.1136471,49.2676515]}},{"type":"Feature","properties":{"kind":"competitor","id":"comp_0484","name":"Langford","banner_or_chain":"PetSmart","competitor_type":"mass_merchant","city":"Victoria","province":"BC","address":"2401 Millstream Rd, Unit A"},"geometry":{"type":"Point","coordinates":[-123.4975519,48.4622459]}},{"type":"Feature","properties":{"kind":"competitor","id":"comp_0485","name":"Victoria","banner_or_chain":"PetSmart","competitor_type":"mass_merchant","city":"Victoria","province":"BC","address":"3501 Blanshard Street, Unit 10"},"geometry":{"type":"Point","coordinates":[-123.3732355,48.4552817]}},{"type":"Feature","properties":{"kind":"competitor","id":"comp_0486","name":"West Vancouver Park Royal, Bc","banner_or_chain":"PetSmart","competitor_type":"mass_merchant","city":"West Vancouver","province":"BC","address":"895 Park Royal North Mall"},"geometry":{"type":"Point","coordinates":[-123.1400487,49.3278976]}},{"type":"Feature","properties":{"kind":"competitor","id":"comp_0487","name":"Brandon","banner_or_chain":"PetSmart","competitor_type":"mass_merchant","city":"Brandon","province":"MB","address":"1350 18th Street , Unit E"},"geometry":{"type":"Point","coordinates":[-99.9629448,49.8282384]}},{"type":"Feature","properties":{"kind":"competitor","id":"comp_0488","name":"North Winnipeg","banner_or_chain":"PetSmart","competitor_type":"mass_merchant","city":"Winnipeg","province":"MB","address":"1050 Leila Ave  Unit 1"},"geometry":{"type":"Point","coordinates":[-97.1511931,49.9536208]}},{"type":"Feature","properties":{"kind":"competitor","id":"comp_0489","name":"East Winnipeg","banner_or_chain":"PetSmart","competitor_type":"mass_merchant","city":"Winnipeg","province":"MB","address":"1615 Regent Ave West"},"geometry":{"type":"Point","coordinates":[-97.068884,49.902478]}},{"type":"Feature","properties":{"kind":"competitor","id":"comp_0490","name":"SW Winnipeg Linden Ridge","banner_or_chain":"PetSmart","competitor_type":"mass_merchant","city":"Winnipeg","province":"MB","address":"1731 Kenaston Blvd"},"geometry":{"type":"Point","coordinates":[-97.1942979,49.8195254]}},{"type":"Feature","properties":{"kind":"competitor","id":"comp_0491","name":"Winnipeg Polo Park","banner_or_chain":"PetSmart","competitor_type":"mass_merchant","city":"Winnipeg","province":"MB","address":"915 Empress Street, Unit 500"},"geometry":{"type":"Point","coordinates":[-97.1936658,49.8947035]}},{"type":"Feature","properties":{"kind":"competitor","id":"comp_0492","name":"Fredericton Uptown Centre","banner_or_chain":"PetSmart","competitor_type":"mass_merchant","city":"Fredericton","province":"NB","address":"1150 Prospect St., Unit A009"},"geometry":{"type":"Point","coordinates":[-66.6656837,45.9401778]}},{"type":"Feature","properties":{"kind":"competitor","id":"comp_0493","name":"Miramichi Nb","banner_or_chain":"PetSmart","competitor_type":"mass_merchant","city":"Miramichi","province":"NB","address":"8-2441 King George Hwy"},"geometry":{"type":"Point","coordinates":[-65.4933851,47.0310585]}},{"type":"Feature","properties":{"kind":"competitor","id":"comp_0494","name":"Moncton","banner_or_chain":"PetSmart","competitor_type":"mass_merchant","city":"Moncton","province":"NB","address":"79 Wyse St., #400"},"geometry":{"type":"Point","coordinates":[-64.8237669,46.1188225]}},{"type":"Feature","properties":{"kind":"competitor","id":"comp_0495","name":"Saint John Nb","banner_or_chain":"PetSmart","competitor_type":"mass_merchant","city":"Saint John","province":"NB","address":"36 E Point Way"},"geometry":{"type":"Point","coordinates":[-66.0296308,45.3031507]}},{"type":"Feature","properties":{"kind":"competitor","id":"comp_0496","name":"Galway","banner_or_chain":"PetSmart","competitor_type":"mass_merchant","city":"St Johns","province":"NL","address":"48 Danny Dr Unit B1.7"},"geometry":{"type":"Point","coordinates":[-52.828532,47.5094993]}},{"type":"Feature","properties":{"kind":"competitor","id":"comp_0497","name":"St. Johns","banner_or_chain":"PetSmart","competitor_type":"mass_merchant","city":"St Johns","province":"NL","address":"5 Stavanger Dr"},"geometry":{"type":"Point","coordinates":[-52.7216492,47.6158008]}},{"type":"Feature","properties":{"kind":"competitor","id":"comp_0498","name":"Bedford","banner_or_chain":"PetSmart","competitor_type":"mass_merchant","city":"Bedford","province":"NS","address":"181 Damascus Rd, #5"},"geometry":{"type":"Point","coordinates":[-63.646286,44.751818]}},{"type":"Feature","properties":{"kind":"competitor","id":"comp_0499","name":"Dartmouth","banner_or_chain":"PetSmart","competitor_type":"mass_merchant","city":"Dartmouth","province":"NS","address":"65 Countryview Dr"},"geometry":{"type":"Point","coordinates":[-63.5671606,44.702431]}},{"type":"Feature","properties":{"kind":"competitor","id":"comp_0500","name":"Halifax","banner_or_chain":"PetSmart","competitor_type":"mass_merchant","city":"Halifax","province":"NS","address":"201 Chain Lake Drive, Unit 2"},"geometry":{"type":"Point","coordinates":[-63.6758007,44.6483671]}},{"type":"Feature","properties":{"kind":"competitor","id":"comp_0501","name":"Halifax West End","banner_or_chain":"PetSmart","competitor_type":"mass_merchant","city":"Halifax","province":"NS","address":"7001 Mumford Rd Unit 001"},"geometry":{"type":"Point","coordinates":[-63.618185,44.6493029]}},{"type":"Feature","properties":{"kind":"competitor","id":"comp_0502","name":"New Glasgow","banner_or_chain":"PetSmart","competitor_type":"mass_merchant","city":"New Glasgow","province":"NS","address":"689 Westville Rd Unit 0308"},"geometry":{"type":"Point","coordinates":[-62.6668978,45.5799447]}},{"type":"Feature","properties":{"kind":"competitor","id":"comp_0503","name":"New Minas","banner_or_chain":"PetSmart","competitor_type":"mass_merchant","city":"New Minas","province":"NS","address":"12 Millet Drive"},"geometry":{"type":"Point","coordinates":[-64.4383587,45.0674435]}},{"type":"Feature","properties":{"kind":"competitor","id":"comp_0504","name":"Sydney Ns","banner_or_chain":"PetSmart","competitor_type":"mass_merchant","city":"Sydney","province":"NS","address":"276 Prince Street"},"geometry":{"type":"Point","coordinates":[-60.1850401,46.1380946]}},{"type":"Feature","properties":{"kind":"competitor","id":"comp_0505","name":"Truro","banner_or_chain":"PetSmart","competitor_type":"mass_merchant","city":"Truro","province":"NS","address":"245 Robie St. Unit 124C"},"geometry":{"type":"Point","coordinates":[-63.3029311,45.3708557]}},{"type":"Feature","properties":{"kind":"competitor","id":"comp_0506","name":"Ajax On","banner_or_chain":"PetSmart","competitor_type":"mass_merchant","city":"Ajax","province":"ON","address":"100 Kingston Road E"},"geometry":{"type":"Point","coordinates":[-79.0220182,43.8653384]}},{"type":"Feature","properties":{"kind":"competitor","id":"comp_0507","name":"Ancaster West On","banner_or_chain":"PetSmart","competitor_type":"mass_merchant","city":"Ancaster","province":"ON","address":"120 Portia Dr Suite Unit 7"},"geometry":{"type":"Point","coordinates":[-80.02144597,43.19931374]}},{"type":"Feature","properties":{"kind":"competitor","id":"comp_0508","name":"Ancaster","banner_or_chain":"PetSmart","competitor_type":"mass_merchant","city":"Ancaster","province":"ON","address":"14 Martindale Crescent"},"geometry":{"type":"Point","coordinates":[-79.938534,43.229247]}},{"type":"Feature","properties":{"kind":"competitor","id":"comp_0509","name":"Aurora, On","banner_or_chain":"PetSmart","competitor_type":"mass_merchant","city":"Aurora","province":"ON","address":"15490 Bayview Ave Unit B5"},"geometry":{"type":"Point","coordinates":[-79.4477874,44.0117993]}},{"type":"Feature","properties":{"kind":"competitor","id":"comp_0510","name":"Barrie South","banner_or_chain":"PetSmart","competitor_type":"mass_merchant","city":"Barrie","province":"ON","address":"33 Mapleview Drive West"},"geometry":{"type":"Point","coordinates":[-79.6880878,44.333678]}},{"type":"Feature","properties":{"kind":"competitor","id":"comp_0511","name":"Barrie North","banner_or_chain":"PetSmart","competitor_type":"mass_merchant","city":"Barrie","province":"ON","address":"544 Bayfield Street Unit #3"},"geometry":{"type":"Point","coordinates":[-79.7140579,44.4150385]}},{"type":"Feature","properties":{"kind":"competitor","id":"comp_0512","name":"Belleville - Ontario","banner_or_chain":"PetSmart","competitor_type":"mass_merchant","city":"Belleville","province":"ON","address":"264 Millennium Parkway, Unit 3"},"geometry":{"type":"Point","coordinates":[-77.3953463,44.1939404]}},{"type":"Feature","properties":{"kind":"competitor","id":"comp_0513","name":"Bolton","banner_or_chain":"PetSmart","competitor_type":"mass_merchant","city":"Bolton","province":"ON","address":"12730 Highway 50, Unit F3"},"geometry":{"type":"Point","coordinates":[-79.7154946,43.8618983]}},{"type":"Feature","properties":{"kind":"competitor","id":"comp_0514","name":"Brampton Corners  On","banner_or_chain":"PetSmart","competitor_type":"mass_merchant","city":"Brampton","province":"ON","address":"76 Quarry Edge Drive"},"geometry":{"type":"Point","coordinates":[-79.7829713,43.7069249]}},{"type":"Feature","properties":{"kind":"competitor","id":"comp_0515","name":"East Brampton","banner_or_chain":"PetSmart","competitor_type":"mass_merchant","city":"Brampton","province":"ON","address":"9065 Airport Road"},"geometry":{"type":"Point","coordinates":[-79.696079,43.745837]}},{"type":"Feature","properties":{"kind":"competitor","id":"comp_0516","name":"Brantford","banner_or_chain":"PetSmart","competitor_type":"mass_merchant","city":"Brantford","province":"ON","address":"221 Henry St Unit 2"},"geometry":{"type":"Point","coordinates":[-80.2359814,43.1567134]}},{"type":"Feature","properties":{"kind":"competitor","id":"comp_0517","name":"Burlington","banner_or_chain":"PetSmart","competitor_type":"mass_merchant","city":"Burlington","province":"ON","address":"1200 Brant St Unit 3"},"geometry":{"type":"Point","coordinates":[-79.826366,43.341488]}},{"type":"Feature","properties":{"kind":"competitor","id":"comp_0518","name":"Burlington NE","banner_or_chain":"PetSmart","competitor_type":"mass_merchant","city":"Burlington","province":"ON","address":"2311 Appleby Line, Unit 2"},"geometry":{"type":"Point","coordinates":[-79.8021085,43.4034772]}},{"type":"Feature","properties":{"kind":"competitor","id":"comp_0519","name":"Burlington Centre","banner_or_chain":"PetSmart","competitor_type":"mass_merchant","city":"Burlington","province":"ON","address":"777 Guelph Line Unit G17"},"geometry":{"type":"Point","coordinates":[-79.7935979,43.3485131]}},{"type":"Feature","properties":{"kind":"competitor","id":"comp_0520","name":"Cambridge","banner_or_chain":"PetSmart","competitor_type":"mass_merchant","city":"Cambridge","province":"ON","address":"600 Hespeler Road, Unit 68B"},"geometry":{"type":"Point","coordinates":[-80.32929,43.404347]}},{"type":"Feature","properties":{"kind":"competitor","id":"comp_0521","name":"Chatham","banner_or_chain":"PetSmart","competitor_type":"mass_merchant","city":"Chatham","province":"ON","address":"823 St. Clair St"},"geometry":{"type":"Point","coordinates":[-82.219011,42.432949]}},{"type":"Feature","properties":{"kind":"competitor","id":"comp_0522","name":"Cobourg","banner_or_chain":"PetSmart","competitor_type":"mass_merchant","city":"Cobourg","province":"ON","address":"66 Strathy Rd Bldg F"},"geometry":{"type":"Point","coordinates":[-78.198878,43.9754864]}},{"type":"Feature","properties":{"kind":"competitor","id":"comp_0523","name":"Cornwall","banner_or_chain":"PetSmart","competitor_type":"mass_merchant","city":"Cornwall","province":"ON","address":"424 Ninth Street West"},"geometry":{"type":"Point","coordinates":[-74.7455394,45.0241376]}},{"type":"Feature","properties":{"kind":"competitor","id":"comp_0524","name":"Leaside","banner_or_chain":"PetSmart","competitor_type":"mass_merchant","city":"East York","province":"ON","address":"25 Industrial St"},"geometry":{"type":"Point","coordinates":[-79.3600726,43.7076105]}},{"type":"Feature","properties":{"kind":"competitor","id":"comp_0525","name":"Etobicoke","banner_or_chain":"PetSmart","competitor_type":"mass_merchant","city":"Etobicoke","province":"ON","address":"158 N Queen St"},"geometry":{"type":"Point","coordinates":[-79.5550874,43.6215047]}},{"type":"Feature","properties":{"kind":"competitor","id":"comp_0526","name":"Georgetown","banner_or_chain":"PetSmart","competitor_type":"mass_merchant","city":"Georgetown","province":"ON","address":"319 Guelph St Unit B"},"geometry":{"type":"Point","coordinates":[-79.887097,43.6502329]}},{"type":"Feature","properties":{"kind":"competitor","id":"comp_0527","name":"East Ottawa","banner_or_chain":"PetSmart","competitor_type":"mass_merchant","city":"Gloucester","province":"ON","address":"1750 Innes Rd"},"geometry":{"type":"Point","coordinates":[-75.600386,45.416368]}},{"type":"Feature","properties":{"kind":"competitor","id":"comp_0528","name":"Guelph","banner_or_chain":"PetSmart","competitor_type":"mass_merchant","city":"Guelph","province":"ON","address":"183 Silvercreek Pkwy. N"},"geometry":{"type":"Point","coordinates":[-80.2804167,43.5416311]}},{"type":"Feature","properties":{"kind":"competitor","id":"comp_0529","name":"South Guelph","banner_or_chain":"PetSmart","competitor_type":"mass_merchant","city":"Guelph","province":"ON","address":"7 Clair Rd W"},"geometry":{"type":"Point","coordinates":[-80.1905578,43.5009409]}},{"type":"Feature","properties":{"kind":"competitor","id":"comp_0530","name":"Hamilton - Relo","banner_or_chain":"PetSmart","competitor_type":"mass_merchant","city":"Hamilton","province":"ON","address":"1211 Barton Street E Unit D5"},"geometry":{"type":"Point","coordinates":[-79.80983121,43.2517933]}},{"type":"Feature","properties":{"kind":"competitor","id":"comp_0531","name":"Stoney Creek Centennial","banner_or_chain":"PetSmart","competitor_type":"mass_merchant","city":"Hamilton","province":"ON","address":"502 Centennial Pkwy Unit 2"},"geometry":{"type":"Point","coordinates":[-79.7568246,43.2415966]}},{"type":"Feature","properties":{"kind":"competitor","id":"comp_0532","name":"Huntsville","banner_or_chain":"PetSmart","competitor_type":"mass_merchant","city":"Huntsville","province":"ON","address":"70 King William St Ste C3"},"geometry":{"type":"Point","coordinates":[-79.2074016,45.3350862]}},{"type":"Feature","properties":{"kind":"competitor","id":"comp_0533","name":"Kanata","banner_or_chain":"PetSmart","competitor_type":"mass_merchant","city":"Kanata","province":"ON","address":"255 Kanata Ave"},"geometry":{"type":"Point","coordinates":[-75.9062514,45.3105878]}},{"type":"Feature","properties":{"kind":"competitor","id":"comp_0534","name":"Kingston","banner_or_chain":"PetSmart","competitor_type":"mass_merchant","city":"Kingston","province":"ON","address":"690 Gardiners Rd"},"geometry":{"type":"Point","coordinates":[-76.566359,44.247982]}},{"type":"Feature","properties":{"kind":"competitor","id":"comp_0535","name":"Kitchener (Fairway)","banner_or_chain":"PetSmart","competitor_type":"mass_merchant","city":"Kitchener","province":"ON","address":"655 Fairway Road South"},"geometry":{"type":"Point","coordinates":[-80.4502866,43.4183649]}},{"type":"Feature","properties":{"kind":"competitor","id":"comp_0536","name":"South London","banner_or_chain":"PetSmart","competitor_type":"mass_merchant","city":"London","province":"ON","address":"1270 Wellington Rd Bldg C"},"geometry":{"type":"Point","coordinates":[-81.2169119,42.9274003]}},{"type":"Feature","properties":{"kind":"competitor","id":"comp_0537","name":"London East","banner_or_chain":"PetSmart","competitor_type":"mass_merchant","city":"London","province":"ON","address":"1275 Highbury Avenue North"},"geometry":{"type":"Point","coordinates":[-81.2163164,43.0176131]}},{"type":"Feature","properties":{"kind":"competitor","id":"comp_0538","name":"London SW","banner_or_chain":"PetSmart","competitor_type":"mass_merchant","city":"London","province":"ON","address":"3165 Wonderland Road S., Unit 5"},"geometry":{"type":"Point","coordinates":[-81.2827714,42.9333799]}},{"type":"Feature","properties":{"kind":"competitor","id":"comp_0539","name":"North London","banner_or_chain":"PetSmart","competitor_type":"mass_merchant","city":"London","province":"ON","address":"86 Fanshawe Park Rd"},"geometry":{"type":"Point","coordinates":[-81.280722,43.028689]}},{"type":"Feature","properties":{"kind":"competitor","id":"comp_0540","name":"Vaughan NE","banner_or_chain":"PetSmart","competitor_type":"mass_merchant","city":"Maple","province":"ON","address":"1890 Major Mackenzie Drive Uni"},"geometry":{"type":"Point","coordinates":[-79.5017209,43.8583391]}},{"type":"Feature","properties":{"kind":"competitor","id":"comp_0541","name":"North Markham","banner_or_chain":"PetSmart","competitor_type":"mass_merchant","city":"Markham","province":"ON","address":"1210 Castlemore Ave"},"geometry":{"type":"Point","coordinates":[-79.2694838,43.9052408]}},{"type":"Feature","properties":{"kind":"competitor","id":"comp_0542","name":"Milton","banner_or_chain":"PetSmart","competitor_type":"mass_merchant","city":"Milton","province":"ON","address":"1095 Maple Ave Unit H3 & H4"},"geometry":{"type":"Point","coordinates":[-79.8733462,43.5380154]}},{"type":"Feature","properties":{"kind":"competitor","id":"comp_0543","name":"Mississauga (Argentia)","banner_or_chain":"PetSmart","competitor_type":"mass_merchant","city":"Mississauga","province":"ON","address":"3105 Argentia Rd"},"geometry":{"type":"Point","coordinates":[-79.787623,43.597959]}},{"type":"Feature","properties":{"kind":"competitor","id":"comp_0544","name":"Mississauga Lakeshore","banner_or_chain":"PetSmart","competitor_type":"mass_merchant","city":"Mississauga","province":"ON","address":"507 Lakeshore Rd E"},"geometry":{"type":"Point","coordinates":[-79.5715462,43.5653437]}},{"type":"Feature","properties":{"kind":"competitor","id":"comp_0545","name":"Mississauga (Heartland)","banner_or_chain":"PetSmart","competitor_type":"mass_merchant","city":"Mississauga","province":"ON","address":"5800 McLaughlin Road"},"geometry":{"type":"Point","coordinates":[-79.6872972,43.6134608]}},{"type":"Feature","properties":{"kind":"competitor","id":"comp_0546","name":"Ottawa Meadowlands","banner_or_chain":"PetSmart","competitor_type":"mass_merchant","city":"Nepean","province":"ON","address":"1585 Merivale Rd Unit 3"},"geometry":{"type":"Point","coordinates":[-75.7332172,45.3530349]}},{"type":"Feature","properties":{"kind":"competitor","id":"comp_0547","name":"West Ottawa","banner_or_chain":"PetSmart","competitor_type":"mass_merchant","city":"Nepean","province":"ON","address":"1851 Merivale Rd"},"geometry":{"type":"Point","coordinates":[-75.7243491,45.3366975]}},{"type":"Feature","properties":{"kind":"competitor","id":"comp_0548","name":"Barrhaven","banner_or_chain":"PetSmart","competitor_type":"mass_merchant","city":"Nepean","province":"ON","address":"3161 Greenbank Road"},"geometry":{"type":"Point","coordinates":[-75.7455308,45.269808]}},{"type":"Feature","properties":{"kind":"competitor","id":"comp_0549","name":"Newmarket","banner_or_chain":"PetSmart","competitor_type":"mass_merchant","city":"Newmarket","province":"ON","address":"Unit 3 - 18126 Yonge St Rr"},"geometry":{"type":"Point","coordinates":[-79.4888333,44.0692043]}},{"type":"Feature","properties":{"kind":"competitor","id":"comp_0550","name":"Niagara Falls","banner_or_chain":"PetSmart","competitor_type":"mass_merchant","city":"Niagara Falls","province":"ON","address":"7481 Oakwood Dr"},"geometry":{"type":"Point","coordinates":[-79.1208853,43.066108]}},{"type":"Feature","properties":{"kind":"competitor","id":"comp_0551","name":"North Bay","banner_or_chain":"PetSmart","competitor_type":"mass_merchant","city":"North Bay","province":"ON","address":"850 McKeown Avenue  Unit E-1"},"geometry":{"type":"Point","coordinates":[-79.4747548,46.3314259]}},{"type":"Feature","properties":{"kind":"competitor","id":"comp_0552","name":"Toronto Empress Walk","banner_or_chain":"PetSmart","competitor_type":"mass_merchant","city":"North York","province":"ON","address":"5095 Yonge St Ste A3"},"geometry":{"type":"Point","coordinates":[-79.4123463,43.7687022]}},{"type":"Feature","properties":{"kind":"competitor","id":"comp_0553","name":"Oakville Place","banner_or_chain":"PetSmart","competitor_type":"mass_merchant","city":"Oakville","province":"ON","address":"240 Leighland Ave., Suite M7"},"geometry":{"type":"Point","coordinates":[-79.6868686,43.461607]}},{"type":"Feature","properties":{"kind":"competitor","id":"comp_0554","name":"Oakville","banner_or_chain":"PetSmart","competitor_type":"mass_merchant","city":"Oakville","province":"ON","address":"2501 Hyde Park Gate"},"geometry":{"type":"Point","coordinates":[-79.686634,43.515682]}},{"type":"Feature","properties":{"kind":"competitor","id":"comp_0555","name":"Orangeville Mall","banner_or_chain":"PetSmart","competitor_type":"mass_merchant","city":"Orangeville","province":"ON","address":"150 1st St Unit 9"},"geometry":{"type":"Point","coordinates":[-80.1023366,43.9315576]}},{"type":"Feature","properties":{"kind":"competitor","id":"comp_0556","name":"Orillia","banner_or_chain":"PetSmart","competitor_type":"mass_merchant","city":"Orillia","province":"ON","address":"115 Murphy Road"},"geometry":{"type":"Point","coordinates":[-79.4480285,44.6127586]}},{"type":"Feature","properties":{"kind":"competitor","id":"comp_0557","name":"Orleans","banner_or_chain":"PetSmart","competitor_type":"mass_merchant","city":"Orleans","province":"ON","address":"2002 Mer Bleue Road Unit 6"},"geometry":{"type":"Point","coordinates":[-75.506374,45.454353]}},{"type":"Feature","properties":{"kind":"competitor","id":"comp_0558","name":"Oshawa Ritson","banner_or_chain":"PetSmart","competitor_type":"mass_merchant","city":"Oshawa","province":"ON","address":"222 Ritson Rd. N. Unit 1"},"geometry":{"type":"Point","coordinates":[-78.8576392,43.9051785]}},{"type":"Feature","properties":{"kind":"competitor","id":"comp_0559","name":"Oshawa Windfields","banner_or_chain":"PetSmart","competitor_type":"mass_merchant","city":"Oshawa","province":"ON","address":"2605 Simcoe St N"},"geometry":{"type":"Point","coordinates":[-78.9026784,43.9640795]}},{"type":"Feature","properties":{"kind":"competitor","id":"comp_0560","name":"Oshawa North","banner_or_chain":"PetSmart","competitor_type":"mass_merchant","city":"Oshawa","province":"ON","address":"891 Taunton Rd E"},"geometry":{"type":"Point","coordinates":[-78.8472247,43.938833]}},{"type":"Feature","properties":{"kind":"competitor","id":"comp_0561","name":"Ottawa Herongate","banner_or_chain":"PetSmart","competitor_type":"mass_merchant","city":"Ottawa","province":"ON","address":"1600 Heron Road, Unit 1"},"geometry":{"type":"Point","coordinates":[-75.6460884,45.3796197]}},{"type":"Feature","properties":{"kind":"competitor","id":"comp_0562","name":"Owen Sound","banner_or_chain":"PetSmart","competitor_type":"mass_merchant","city":"Owen Sound","province":"ON","address":"2125 16th St. East, Unit K2"},"geometry":{"type":"Point","coordinates":[-80.90703,44.5748266]}},{"type":"Feature","properties":{"kind":"competitor","id":"comp_0563","name":"Peterborough","banner_or_chain":"PetSmart","competitor_type":"mass_merchant","city":"Peterborough","province":"ON","address":"898 Monaghan Rd. Unit 2"},"geometry":{"type":"Point","coordinates":[-78.3288497,44.2878178]}},{"type":"Feature","properties":{"kind":"competitor","id":"comp_0564","name":"Pickering","banner_or_chain":"PetSmart","competitor_type":"mass_merchant","city":"Pickering","province":"ON","address":"Unit 4 1899 Brock Rd"},"geometry":{"type":"Point","coordinates":[-79.070465,43.847696]}},{"type":"Feature","properties":{"kind":"competitor","id":"comp_0565","name":"North Richmond Hills","banner_or_chain":"PetSmart","competitor_type":"mass_merchant","city":"Richmond Hill","province":"ON","address":"1700 Elgin Mills Road East, Unit 1"},"geometry":{"type":"Point","coordinates":[-79.3902977,43.9006504]}},{"type":"Feature","properties":{"kind":"competitor","id":"comp_0566","name":"Richmond Hill","banner_or_chain":"PetSmart","competitor_type":"mass_merchant","city":"Richmond Hill","province":"ON","address":"225 High Tech Road"},"geometry":{"type":"Point","coordinates":[-79.418077,43.841955]}},{"type":"Feature","properties":{"kind":"competitor","id":"comp_0567","name":"Sarnia","banner_or_chain":"PetSmart","competitor_type":"mass_merchant","city":"Sarnia","province":"ON","address":"1470 Quinn Drive Unit 2"},"geometry":{"type":"Point","coordinates":[-82.345875,42.988456]}},{"type":"Feature","properties":{"kind":"competitor","id":"comp_0568","name":"Sault Ste Marie","banner_or_chain":"PetSmart","competitor_type":"mass_merchant","city":"Sault Ste Marie","province":"ON","address":"710 Second Line East, Unit #2"},"geometry":{"type":"Point","coordinates":[-84.3147027,46.5398288]}},{"type":"Feature","properties":{"kind":"competitor","id":"comp_0569","name":"Scarborough","banner_or_chain":"PetSmart","competitor_type":"mass_merchant","city":"Scarborough","province":"ON","address":"12 William Kitchen Drive"},"geometry":{"type":"Point","coordinates":[-79.2812688,43.7712643]}},{"type":"Feature","properties":{"kind":"competitor","id":"comp_0570","name":"West Scarborough","banner_or_chain":"PetSmart","competitor_type":"mass_merchant","city":"Scarborough","province":"ON","address":"2050 Eglinton Ave E"},"geometry":{"type":"Point","coordinates":[-79.2820816,43.730081]}},{"type":"Feature","properties":{"kind":"competitor","id":"comp_0571","name":"North St Catharines - Relo","banner_or_chain":"PetSmart","competitor_type":"mass_merchant","city":"St Catharines","province":"ON","address":"285 Geneva St Unit G5"},"geometry":{"type":"Point","coordinates":[-79.2446744,43.179804]}},{"type":"Feature","properties":{"kind":"competitor","id":"comp_0572","name":"St Thomas","banner_or_chain":"PetSmart","competitor_type":"mass_merchant","city":"St Thomas","province":"ON","address":"1055 Talbot St"},"geometry":{"type":"Point","coordinates":[-81.17318391,42.78161781]}},{"type":"Feature","properties":{"kind":"competitor","id":"comp_0573","name":"Stoney Creek","banner_or_chain":"PetSmart","competitor_type":"mass_merchant","city":"Stoney Creek","province":"ON","address":"1779 Stone Church Road East"},"geometry":{"type":"Point","coordinates":[-79.811499,43.19508]}},{"type":"Feature","properties":{"kind":"competitor","id":"comp_0574","name":"Stratford","banner_or_chain":"PetSmart","competitor_type":"mass_merchant","city":"Stratford","province":"ON","address":"1086 Ontario St"},"geometry":{"type":"Point","coordinates":[-80.94366598,43.37154423]}},{"type":"Feature","properties":{"kind":"competitor","id":"comp_0575","name":"Sudbury","banner_or_chain":"PetSmart","competitor_type":"mass_merchant","city":"Sudbury","province":"ON","address":"1399 Marcus Dr Unit 2"},"geometry":{"type":"Point","coordinates":[-80.94283,46.501133]}},{"type":"Feature","properties":{"kind":"competitor","id":"comp_0576","name":"Thunder Bay","banner_or_chain":"PetSmart","competitor_type":"mass_merchant","city":"Thunder Bay","province":"ON","address":"787 Memorial Ave"},"geometry":{"type":"Point","coordinates":[-89.2398393,48.4118333]}},{"type":"Feature","properties":{"kind":"competitor","id":"comp_0577","name":"Timmins","banner_or_chain":"PetSmart","competitor_type":"mass_merchant","city":"Timmins","province":"ON","address":"77 Waterloo Rd Unit 1B"},"geometry":{"type":"Point","coordinates":[-81.3396134,48.4780295]}},{"type":"Feature","properties":{"kind":"competitor","id":"comp_0578","name":"Toronto Liberty","banner_or_chain":"PetSmart","competitor_type":"mass_merchant","city":"Toronto","province":"ON","address":"1104A King St W"},"geometry":{"type":"Point","coordinates":[-79.4229444,43.6400214]}},{"type":"Feature","properties":{"kind":"competitor","id":"comp_0579","name":"Toronto Lawrence Square","banner_or_chain":"PetSmart","competitor_type":"mass_merchant","city":"Toronto","province":"ON","address":"700 Lawrence Ave W Unit M3B"},"geometry":{"type":"Point","coordinates":[-79.4459139,43.716538]}},{"type":"Feature","properties":{"kind":"competitor","id":"comp_0580","name":"Toronto Stockyards","banner_or_chain":"PetSmart","competitor_type":"mass_merchant","city":"Toronto","province":"ON","address":"75 Gunns Road, Unit 103"},"geometry":{"type":"Point","coordinates":[-79.4716962,43.6750621]}},{"type":"Feature","properties":{"kind":"competitor","id":"comp_0581","name":"Vaughan","banner_or_chain":"PetSmart","competitor_type":"mass_merchant","city":"Vaughan","province":"ON","address":"7575 Weston Road"},"geometry":{"type":"Point","coordinates":[-79.5456989,43.7846076]}},{"type":"Feature","properties":{"kind":"competitor","id":"comp_0582","name":"Waterloo","banner_or_chain":"PetSmart","competitor_type":"mass_merchant","city":"Waterloo","province":"ON","address":"663-E Erb St. West"},"geometry":{"type":"Point","coordinates":[-80.5706835,43.4445067]}},{"type":"Feature","properties":{"kind":"competitor","id":"comp_0583","name":"Whitby","banner_or_chain":"PetSmart","competitor_type":"mass_merchant","city":"Whitby","province":"ON","address":"1650 Victoria St E"},"geometry":{"type":"Point","coordinates":[-78.9003744,43.8688602]}},{"type":"Feature","properties":{"kind":"competitor","id":"comp_0584","name":"North Whitby - New","banner_or_chain":"PetSmart","competitor_type":"mass_merchant","city":"Whitby","province":"ON","address":"320 Taunton Rd E Unit E1B"},"geometry":{"type":"Point","coordinates":[-78.9455153,43.9212572]}},{"type":"Feature","properties":{"kind":"competitor","id":"comp_0585","name":"South Windsor","banner_or_chain":"PetSmart","competitor_type":"mass_merchant","city":"Windsor","province":"ON","address":"3164 Dougall Ave"},"geometry":{"type":"Point","coordinates":[-83.0099915,42.2697368]}},{"type":"Feature","properties":{"kind":"competitor","id":"comp_0586","name":"Windsor - Relo","banner_or_chain":"PetSmart","competitor_type":"mass_merchant","city":"Windsor","province":"ON","address":"4115 Walker Rd Unit 60A"},"geometry":{"type":"Point","coordinates":[-82.9685119,42.2605866]}},{"type":"Feature","properties":{"kind":"competitor","id":"comp_0587","name":"Windsor Tecumseh Mall  On","banner_or_chain":"PetSmart","competitor_type":"mass_merchant","city":"Windsor","province":"ON","address":"7450 Tecumseh Rd E"},"geometry":{"type":"Point","coordinates":[-82.9355593,42.3155766]}},{"type":"Feature","properties":{"kind":"competitor","id":"comp_0588","name":"Woodstock On","banner_or_chain":"PetSmart","competitor_type":"mass_merchant","city":"Woodstock","province":"ON","address":"419 Norwich Ave"},"geometry":{"type":"Point","coordinates":[-80.7362223,43.118784]}},{"type":"Feature","properties":{"kind":"competitor","id":"comp_0589","name":"Charlottetown","banner_or_chain":"PetSmart","competitor_type":"mass_merchant","city":"Charlottetown","province":"PE","address":"51 Babineau Ave Unit 4"},"geometry":{"type":"Point","coordinates":[-63.147346,46.269053]}},{"type":"Feature","properties":{"kind":"competitor","id":"comp_0590","name":"Moose Jaw","banner_or_chain":"PetSmart","competitor_type":"mass_merchant","city":"Moose Jaw","province":"SK","address":"369C Thatcher Drive East, Unit 1"},"geometry":{"type":"Point","coordinates":[-105.5252665,50.4106035]}},{"type":"Feature","properties":{"kind":"competitor","id":"comp_0591","name":"Prince Albert Sk","banner_or_chain":"PetSmart","competitor_type":"mass_merchant","city":"Prince Albert","province":"SK","address":"641-801 15th St E"},"geometry":{"type":"Point","coordinates":[-105.7323811,53.1987941]}},{"type":"Feature","properties":{"kind":"competitor","id":"comp_0592","name":"Regina East","banner_or_chain":"PetSmart","competitor_type":"mass_merchant","city":"Regina","province":"SK","address":"2012 Aurora Blvd"},"geometry":{"type":"Point","coordinates":[-104.5142042,50.4469638]}},{"type":"Feature","properties":{"kind":"competitor","id":"comp_0593","name":"Regina Grasslands","banner_or_chain":"PetSmart","competitor_type":"mass_merchant","city":"Regina","province":"SK","address":"4835 Gordon Rd"},"geometry":{"type":"Point","coordinates":[-104.6501877,50.4033531]}},{"type":"Feature","properties":{"kind":"competitor","id":"comp_0594","name":"Saskatoon","banner_or_chain":"PetSmart","competitor_type":"mass_merchant","city":"Saskatoon","province":"SK","address":"1719 Preston Ave N"},"geometry":{"type":"Point","coordinates":[-106.620263,52.147836]}},{"type":"Feature","properties":{"kind":"competitor","id":"comp_0595","name":"Meadows Mrkt Saskatoon","banner_or_chain":"PetSmart","competitor_type":"mass_merchant","city":"Saskatoon","province":"SK","address":"3020 Meadows Pky, Unit 120"},"geometry":{"type":"Point","coordinates":[-106.5323307,52.09084702]}},{"type":"Feature","properties":{"kind":"competitor","id":"comp_0596","name":"Petland Airdrie","banner_or_chain":"Petland","competitor_type":"mass_merchant","city":"Airdrie","province":"AB","address":"120-2771 Main Street SW"},"geometry":{"type":"Point","coordinates":[-114.0082814,51.2650965]}},{"type":"Feature","properties":{"kind":"competitor","id":"comp_0597","name":"Petland Fort Saskatchewan","banner_or_chain":"Petland","competitor_type":"mass_merchant","city":"Calgary","province":"AB","address":"111 - 9344 Southfort Dr"},"geometry":{"type":"Point","coordinates":[-113.2178826,53.6945049]}},{"type":"Feature","properties":{"kind":"competitor","id":"comp_0598","name":"Petland Seton","banner_or_chain":"Petland","competitor_type":"mass_merchant","city":"Calgary","province":"AB","address":"19587 SEton Crescent SE #740"},"geometry":{"type":"Point","coordinates":[-113.9611528,50.8803568]}},{"type":"Feature","properties":{"kind":"competitor","id":"comp_0599","name":"Petland Westhills","banner_or_chain":"Petland","competitor_type":"mass_merchant","city":"Calgary","province":"AB","address":"290 Stewart Green SW"},"geometry":{"type":"Point","coordinates":[-114.1713304,51.0144482]}},{"type":"Feature","properties":{"kind":"competitor","id":"comp_0600","name":"Petland Deerfoot Meadows","banner_or_chain":"Petland","competitor_type":"mass_merchant","city":"Calgary","province":"AB","address":"300-33 Heritage Meadows Way"},"geometry":{"type":"Point","coordinates":[-114.038882,50.9826273]}},{"type":"Feature","properties":{"kind":"competitor","id":"comp_0601","name":"Petland South Trail","banner_or_chain":"Petland","competitor_type":"mass_merchant","city":"Calgary","province":"AB","address":"300-4915 130th Ave East"},"geometry":{"type":"Point","coordinates":[-113.9627312,50.9303638]}},{"type":"Feature","properties":{"kind":"competitor","id":"comp_0602","name":"Petland Sunridge (Calgary)","banner_or_chain":"Petland","competitor_type":"mass_merchant","city":"Calgary","province":"AB","address":"3014 Sunridge Blvd NE"},"geometry":{"type":"Point","coordinates":[-113.9917904,51.076757]}},{"type":"Feature","properties":{"kind":"competitor","id":"comp_0603","name":"Petland Coventry Hills","banner_or_chain":"Petland","competitor_type":"mass_merchant","city":"Calgary","province":"AB","address":"323-130 Country Villiage Rod"},"geometry":{"type":"Point","coordinates":[-114.0641597,51.1622212]}},{"type":"Feature","properties":{"kind":"competitor","id":"comp_0604","name":"Sunridge Plaza","banner_or_chain":"Petland","competitor_type":"mass_merchant","city":"Calgary","province":"AB","address":"3363 26th Ave. NE"},"geometry":{"type":"Point","coordinates":[-113.9863582,51.0772783]}},{"type":"Feature","properties":{"kind":"competitor","id":"comp_0605","name":"Petland Crowfoot","banner_or_chain":"Petland","competitor_type":"mass_merchant","city":"Calgary","province":"AB","address":"40 Crowfoot Terrace NW"},"geometry":{"type":"Point","coordinates":[-114.1994641,51.1278766]}},{"type":"Feature","properties":{"kind":"competitor","id":"comp_0606","name":"Petland Shawnessy Courtyard","banner_or_chain":"Petland","competitor_type":"mass_merchant","city":"Calgary","province":"AB","address":"580-303 Shawville Blvd. SE"},"geometry":{"type":"Point","coordinates":[-114.065317,50.9003097]}},{"type":"Feature","properties":{"kind":"competitor","id":"comp_0607","name":"Petland Deerfoot City","banner_or_chain":"Petland","competitor_type":"mass_merchant","city":"Calgary","province":"AB","address":"Unit 4175 - 901 64th Ave. NE"},"geometry":{"type":"Point","coordinates":[-114.0395534,51.1086122]}},{"type":"Feature","properties":{"kind":"competitor","id":"comp_0608","name":"Petland Cold Lake","banner_or_chain":"Petland","competitor_type":"mass_merchant","city":"Cold Lake","province":"AB","address":"105-4902 69th Avenue"},"geometry":{"type":"Point","coordinates":[-110.2041042,54.4346539]}},{"type":"Feature","properties":{"kind":"competitor","id":"comp_0609","name":"Petland Brewery District","banner_or_chain":"Petland","competitor_type":"mass_merchant","city":"Edmonton","province":"AB","address":"101-11962 104 Avenue NW"},"geometry":{"type":"Point","coordinates":[-113.5260789,53.5474856]}},{"type":"Feature","properties":{"kind":"competitor","id":"comp_0610","name":"Petland Manning Crossing","banner_or_chain":"Petland","competitor_type":"mass_merchant","city":"Edmonton","province":"AB","address":"155526 37th Street NW"},"geometry":{"type":"Point","coordinates":[-113.4004118,53.6165367]}},{"type":"Feature","properties":{"kind":"competitor","id":"comp_0611","name":"Petland Edmonton West","banner_or_chain":"Petland","competitor_type":"mass_merchant","city":"Edmonton","province":"AB","address":"18423 Stony Plain Road NW"},"geometry":{"type":"Point","coordinates":[-113.6404731,53.5400487]}},{"type":"Feature","properties":{"kind":"competitor","id":"comp_0612","name":"Petland Harvest Pointe","banner_or_chain":"Petland","competitor_type":"mass_merchant","city":"Edmonton","province":"AB","address":"40 - 244 Watt Common SW"},"geometry":{"type":"Point","coordinates":[-113.4251423,53.4229001]}},{"type":"Feature","properties":{"kind":"competitor","id":"comp_0613","name":"Petland Windmere","banner_or_chain":"Petland","competitor_type":"mass_merchant","city":"Edmonton","province":"AB","address":"6268-6004 Currents Dr NW"},"geometry":{"type":"Point","coordinates":[-113.6097907,53.4374673]}},{"type":"Feature","properties":{"kind":"competitor","id":"comp_0614","name":"Petland Capilano","banner_or_chain":"Petland","competitor_type":"mass_merchant","city":"Edmonton","province":"AB","address":"Unit 185, 5055-101 Avenue NW"},"geometry":{"type":"Point","coordinates":[-113.4242958,53.5389838]}},{"type":"Feature","properties":{"kind":"competitor","id":"comp_0615","name":"Petland South Park","banner_or_chain":"Petland","competitor_type":"mass_merchant","city":"Edmonton","province":"AB","address":"Unit 556, 3803 Calgary Trail NW"},"geometry":{"type":"Point","coordinates":[-113.493602,53.4708029]}},{"type":"Feature","properties":{"kind":"competitor","id":"comp_0616","name":"Petland Grand Prairie","banner_or_chain":"Petland","competitor_type":"mass_merchant","city":"Grand Prairie","province":"AB","address":"10310 108 A Street"},"geometry":{"type":"Point","coordinates":[-118.8219172,55.172631]}},{"type":"Feature","properties":{"kind":"competitor","id":"comp_0617","name":"Petland Lethbridge","banner_or_chain":"Petland","competitor_type":"mass_merchant","city":"Lethbridge","province":"AB","address":"212-905 1st Ave. South"},"geometry":{"type":"Point","coordinates":[-112.8310489,49.6989103]}},{"type":"Feature","properties":{"kind":"competitor","id":"comp_0618","name":"Petland Medicine Hat","banner_or_chain":"Petland","competitor_type":"mass_merchant","city":"Medicine Hat","province":"AB","address":"1-3341 Dunmore Road SE"},"geometry":{"type":"Point","coordinates":[-110.6420297,50.0047317]}},{"type":"Feature","properties":{"kind":"competitor","id":"comp_0619","name":"Petland Red Deer","banner_or_chain":"Petland","competitor_type":"mass_merchant","city":"Red Deer","province":"AB","address":"100-5250 22nd Street"},"geometry":{"type":"Point","coordinates":[-113.8167822,52.2403166]}},{"type":"Feature","properties":{"kind":"competitor","id":"comp_0620","name":"Petland Emerald Hills","banner_or_chain":"Petland","competitor_type":"mass_merchant","city":"Sherwood Park","province":"AB","address":"Unit 210-170 Ebony Blvd"},"geometry":{"type":"Point","coordinates":[-113.2914803,53.5654168]}},{"type":"Feature","properties":{"kind":"competitor","id":"comp_0621","name":"Kamloops","banner_or_chain":"Petland","competitor_type":"mass_merchant","city":"Kamloops","province":"BC","address":"905 Notre Dame Drive"},"geometry":{"type":"Point","coordinates":[-120.3643639,50.6631565]}},{"type":"Feature","properties":{"kind":"competitor","id":"comp_0622","name":"Petland Port Coquitlam","banner_or_chain":"Petland","competitor_type":"mass_merchant","city":"Port Coauitlam","province":"BC","address":"110-1097 Nicola Ave"},"geometry":{"type":"Point","coordinates":[-122.7448952,49.2580644]}},{"type":"Feature","properties":{"kind":"competitor","id":"comp_0623","name":"Petland Prince George","banner_or_chain":"Petland","competitor_type":"mass_merchant","city":"Prince George","province":"BC","address":"5910 Southridge Ave"},"geometry":{"type":"Point","coordinates":[-122.783342,53.8655082]}},{"type":"Feature","properties":{"kind":"competitor","id":"comp_0624","name":"Petland Grandview-South Surrey","banner_or_chain":"Petland","competitor_type":"mass_merchant","city":"Surrey","province":"BC","address":"10-2215 160th Street"},"geometry":{"type":"Point","coordinates":[-122.7802959,49.0420423]}},{"type":"Feature","properties":{"kind":"competitor","id":"comp_0625","name":"Petland Terrace","banner_or_chain":"Petland","competitor_type":"mass_merchant","city":"Terrace","province":"BC","address":"4706 Keith Avenue"},"geometry":{"type":"Point","coordinates":[-128.5937279,54.5137324]}},{"type":"Feature","properties":{"kind":"competitor","id":"comp_0626","name":"Petland Vernon","banner_or_chain":"Petland","competitor_type":"mass_merchant","city":"Vernon","province":"BC","address":"5604 24th Street"},"geometry":{"type":"Point","coordinates":[-119.2640578,50.2871123]}},{"type":"Feature","properties":{"kind":"competitor","id":"comp_0627","name":"Petland Kenaston Commons","banner_or_chain":"Petland","competitor_type":"mass_merchant","city":"Winnapeg","province":"MB","address":"100A-2355 McGillivray Blvd"},"geometry":{"type":"Point","coordinates":[-97.2084528,49.8215556]}},{"type":"Feature","properties":{"kind":"competitor","id":"comp_0628","name":"Kenaston","banner_or_chain":"Petland","competitor_type":"mass_merchant","city":"Winnipeg","province":"MB","address":"100A-2355 McGillivray Blvd"},"geometry":{"type":"Point","coordinates":[-97.208527,49.8216859]}},{"type":"Feature","properties":{"kind":"competitor","id":"comp_0629","name":"St. Vital","banner_or_chain":"Petland","competitor_type":"mass_merchant","city":"Winnipeg","province":"MB","address":"1225 St. Mary's Rd., Unit 38"},"geometry":{"type":"Point","coordinates":[-97.1104587,49.8290686]}},{"type":"Feature","properties":{"kind":"competitor","id":"comp_0630","name":"Petland Pembina","banner_or_chain":"Petland","competitor_type":"mass_merchant","city":"Winnipeg","province":"MB","address":"15 - 1910 Pembina Highway"},"geometry":{"type":"Point","coordinates":[-97.151455,49.821995]}},{"type":"Feature","properties":{"kind":"competitor","id":"comp_0631","name":"Petland Crossroads","banner_or_chain":"Petland","competitor_type":"mass_merchant","city":"Winnipeg","province":"MB","address":"1546 Regent Avenue West"},"geometry":{"type":"Point","coordinates":[-97.0618639,49.8937911]}},{"type":"Feature","properties":{"kind":"competitor","id":"comp_0632","name":"St. Catharines","banner_or_chain":"Petland","competitor_type":"mass_merchant","city":"St. Catharines","province":"ON","address":"318 Ontario Street"},"geometry":{"type":"Point","coordinates":[-79.262796,43.17008]}},{"type":"Feature","properties":{"kind":"competitor","id":"comp_0633","name":"Petland Victoria Gate","banner_or_chain":"Petland","competitor_type":"mass_merchant","city":"Regina","province":"SK","address":"3010 Quance Street"},"geometry":{"type":"Point","coordinates":[-104.5401058,50.4465289]}},{"type":"Feature","properties":{"kind":"competitor","id":"comp_0634","name":"Petland Stonegate","banner_or_chain":"Petland","competitor_type":"mass_merchant","city":"Saskatoon","province":"SK","address":"110-3047 Clarence Ave South"},"geometry":{"type":"Point","coordinates":[-106.6437424,52.0860507]}},{"type":"Feature","properties":{"kind":"competitor","id":"comp_0635","name":"Petland Confederation","banner_or_chain":"Petland","competitor_type":"mass_merchant","city":"Saskatoon","province":"SK","address":"40-300 Confederation Dr"},"geometry":{"type":"Point","coordinates":[-106.7232938,52.1325564]}},{"type":"Feature","properties":{"kind":"competitor","id":"comp_0636","name":"Dieppe","banner_or_chain":"Ren's Pets","competitor_type":"specialty_chain","city":"Dieppe","province":"NB","address":"40 Champlain Street Unit 12"},"geometry":{"type":"Point","coordinates":[-64.757527,46.0927207]}},{"type":"Feature","properties":{"kind":"competitor","id":"comp_0637","name":"Fredericton","banner_or_chain":"Ren's Pets","competitor_type":"specialty_chain","city":"Fredericton","province":"NB","address":"11 Trinity Avenue"},"geometry":{"type":"Point","coordinates":[-66.6627172,45.9302874]}},{"type":"Feature","properties":{"kind":"competitor","id":"comp_0638","name":"Saint John","banner_or_chain":"Ren's Pets","competitor_type":"specialty_chain","city":"Saint John","province":"NB","address":"90 Consumers Dr"},"geometry":{"type":"Point","coordinates":[-66.0226486,45.3078982]}},{"type":"Feature","properties":{"kind":"competitor","id":"comp_0639","name":"St. John's","banner_or_chain":"Ren's Pets","competitor_type":"specialty_chain","city":"St. Johns","province":"NL","address":"56 Aberdeen Avenue"},"geometry":{"type":"Point","coordinates":[-52.714163,47.616925]}},{"type":"Feature","properties":{"kind":"competitor","id":"comp_0640","name":"Dartmouth","banner_or_chain":"Ren's Pets","competitor_type":"specialty_chain","city":"Dartmouth","province":"NS","address":"185 Hector Gate Unit 3M1-F001"},"geometry":{"type":"Point","coordinates":[-63.5619947,44.7060756]}},{"type":"Feature","properties":{"kind":"competitor","id":"comp_0641","name":"Halifax (Bayer's Lake)","banner_or_chain":"Ren's Pets","competitor_type":"specialty_chain","city":"Halifax","province":"NS","address":"212 Chain Lake Drive, Unit 2"},"geometry":{"type":"Point","coordinates":[-63.6752309,44.651731]}},{"type":"Feature","properties":{"kind":"competitor","id":"comp_0642","name":"Truro","banner_or_chain":"Ren's Pets","competitor_type":"specialty_chain","city":"Truro","province":"NS","address":"172 Wade Road"},"geometry":{"type":"Point","coordinates":[-63.3027785,45.3526434]}},{"type":"Feature","properties":{"kind":"competitor","id":"comp_0643","name":"Ajax","banner_or_chain":"Ren's Pets","competitor_type":"specialty_chain","city":"Ajax","province":"ON","address":"280 Kingston Road E Unit E003"},"geometry":{"type":"Point","coordinates":[-79.0117606,43.8651268]}},{"type":"Feature","properties":{"kind":"competitor","id":"comp_0644","name":"Ancaster","banner_or_chain":"Ren's Pets","competitor_type":"specialty_chain","city":"Ancaster","province":"ON","address":"821 Golf Links Rd Unit 10"},"geometry":{"type":"Point","coordinates":[-79.9499919,43.2267888]}},{"type":"Feature","properties":{"kind":"competitor","id":"comp_0645","name":"Aurora","banner_or_chain":"Ren's Pets","competitor_type":"specialty_chain","city":"Aurora","province":"ON","address":"239 Earl Stewart Drive Unit 52-9"},"geometry":{"type":"Point","coordinates":[-79.4478052,44.0199301]}},{"type":"Feature","properties":{"kind":"competitor","id":"comp_0646","name":"Barrie","banner_or_chain":"Ren's Pets","competitor_type":"specialty_chain","city":"Barrie","province":"ON","address":"110 Concert Way Unit 2"},"geometry":{"type":"Point","coordinates":[-79.6836131,44.3374311]}},{"type":"Feature","properties":{"kind":"competitor","id":"comp_0647","name":"Belleville","banner_or_chain":"Ren's Pets","competitor_type":"specialty_chain","city":"Belleville","province":"ON","address":"366 North Front St"},"geometry":{"type":"Point","coordinates":[-77.3966433,44.1874187]}},{"type":"Feature","properties":{"kind":"competitor","id":"comp_0648","name":"Brampton","banner_or_chain":"Ren's Pets","competitor_type":"specialty_chain","city":"Brampton","province":"ON","address":"200 Great Lakes Drive"},"geometry":{"type":"Point","coordinates":[-79.7659222,43.7317158]}},{"type":"Feature","properties":{"kind":"competitor","id":"comp_0649","name":"Brantford","banner_or_chain":"Ren's Pets","competitor_type":"specialty_chain","city":"Brantford","province":"ON","address":"218 Henry Street Unit F1"},"geometry":{"type":"Point","coordinates":[-80.2381085,43.1540929]}},{"type":"Feature","properties":{"kind":"competitor","id":"comp_0650","name":"Brockville","banner_or_chain":"Ren's Pets","competitor_type":"specialty_chain","city":"Brockville","province":"ON","address":"2089 Parkdale Ave"},"geometry":{"type":"Point","coordinates":[-75.6830462,44.6149507]}},{"type":"Feature","properties":{"kind":"competitor","id":"comp_0651","name":"Burlington","banner_or_chain":"Ren's Pets","competitor_type":"specialty_chain","city":"Burlington","province":"ON","address":"2424 Queensway Drive"},"geometry":{"type":"Point","coordinates":[-79.8039535,43.3497431]}},{"type":"Feature","properties":{"kind":"competitor","id":"comp_0652","name":"Cambridge","banner_or_chain":"Ren's Pets","competitor_type":"specialty_chain","city":"Cambridge","province":"ON","address":"34 Pinebush Rd"},"geometry":{"type":"Point","coordinates":[-80.3244138,43.4106165]}},{"type":"Feature","properties":{"kind":"competitor","id":"comp_0653","name":"Collingwood","banner_or_chain":"Ren's Pets","competitor_type":"specialty_chain","city":"Collingwood","province":"ON","address":"54 Mountain Road Unit B-001"},"geometry":{"type":"Point","coordinates":[-80.2368583,44.5022614]}},{"type":"Feature","properties":{"kind":"competitor","id":"comp_0654","name":"Cornwall","banner_or_chain":"Ren's Pets","competitor_type":"specialty_chain","city":"Cornwall","province":"ON","address":"501 Tollgate Rd W Unit 5"},"geometry":{"type":"Point","coordinates":[-74.7626131,45.0405303]}},{"type":"Feature","properties":{"kind":"competitor","id":"comp_0655","name":"Guelph","banner_or_chain":"Ren's Pets","competitor_type":"specialty_chain","city":"Guelph","province":"ON","address":"492 Edinburgh Rd S"},"geometry":{"type":"Point","coordinates":[-80.2353243,43.5217478]}},{"type":"Feature","properties":{"kind":"competitor","id":"comp_0656","name":"Hamilton","banner_or_chain":"Ren's Pets","competitor_type":"specialty_chain","city":"Hannon","province":"ON","address":"2120 Rymal Road East Unit K1"},"geometry":{"type":"Point","coordinates":[-79.7905324,43.1762174]}},{"type":"Feature","properties":{"kind":"competitor","id":"comp_0657","name":"Kanata","banner_or_chain":"Ren's Pets","competitor_type":"specialty_chain","city":"Kanata","province":"ON","address":"155 Roland Michener Drive"},"geometry":{"type":"Point","coordinates":[-75.9111315,45.3084782]}},{"type":"Feature","properties":{"kind":"competitor","id":"comp_0658","name":"Kingston","banner_or_chain":"Ren's Pets","competitor_type":"specialty_chain","city":"Kingston","province":"ON","address":"628 Gardiners Road Unit F5"},"geometry":{"type":"Point","coordinates":[-76.5643597,44.2443629]}},{"type":"Feature","properties":{"kind":"competitor","id":"comp_0659","name":"Kitchener","banner_or_chain":"Ren's Pets","competitor_type":"specialty_chain","city":"Kitchener","province":"ON","address":"1525 Victoria St N"},"geometry":{"type":"Point","coordinates":[-80.4389229,43.4720289]}},{"type":"Feature","properties":{"kind":"competitor","id":"comp_0660","name":"London North","banner_or_chain":"Ren's Pets","competitor_type":"specialty_chain","city":"London","province":"ON","address":"1979 Hyde Park"},"geometry":{"type":"Point","coordinates":[-81.3344076,43.0087445]}},{"type":"Feature","properties":{"kind":"competitor","id":"comp_0661","name":"South London","banner_or_chain":"Ren's Pets","competitor_type":"specialty_chain","city":"London","province":"ON","address":"3409 Wonderland Road South Unit 10"},"geometry":{"type":"Point","coordinates":[-81.2793263,42.9278535]}},{"type":"Feature","properties":{"kind":"competitor","id":"comp_0662","name":"Markham","banner_or_chain":"Ren's Pets","competitor_type":"specialty_chain","city":"Markham","province":"ON","address":"3135 Hwy 7 Unit 1Aa"},"geometry":{"type":"Point","coordinates":[-79.3541241,43.8494304]}},{"type":"Feature","properties":{"kind":"competitor","id":"comp_0663","name":"Milton","banner_or_chain":"Ren's Pets","competitor_type":"specialty_chain","city":"Milton","province":"ON","address":"1220 Steeles Avenue East Unit G4-2"},"geometry":{"type":"Point","coordinates":[-79.8687817,43.5405798]}},{"type":"Feature","properties":{"kind":"competitor","id":"comp_0664","name":"Heartland","banner_or_chain":"Ren's Pets","competitor_type":"specialty_chain","city":"Mississauga","province":"ON","address":"5985 Rodeo Drive Unit 2"},"geometry":{"type":"Point","coordinates":[-79.6908224,43.6147335]}},{"type":"Feature","properties":{"kind":"competitor","id":"comp_0665","name":"Napanee","banner_or_chain":"Ren's Pets","competitor_type":"specialty_chain","city":"Napanee","province":"ON","address":"89 Jim Kimmett Blvd Unit D0003"},"geometry":{"type":"Point","coordinates":[-76.9681998,44.2603831]}},{"type":"Feature","properties":{"kind":"competitor","id":"comp_0666","name":"Barrhaven","banner_or_chain":"Ren's Pets","competitor_type":"specialty_chain","city":"Nepean","province":"ON","address":"4325 Strandherd Dr Unit 5"},"geometry":{"type":"Point","coordinates":[-75.783757,45.2707979]}},{"type":"Feature","properties":{"kind":"competitor","id":"comp_0667","name":"Newmarket","banner_or_chain":"Ren's Pets","competitor_type":"specialty_chain","city":"Newmarket","province":"ON","address":"17820 Yonge Street Unit B3"},"geometry":{"type":"Point","coordinates":[-79.4834832,44.0614324]}},{"type":"Feature","properties":{"kind":"competitor","id":"comp_0668","name":"Niagara Falls","banner_or_chain":"Ren's Pets","competitor_type":"specialty_chain","city":"Niagara","province":"ON","address":"7555 Montrose Rd. Unit A2-A3"},"geometry":{"type":"Point","coordinates":[-79.1278638,43.068077]}},{"type":"Feature","properties":{"kind":"competitor","id":"comp_0669","name":"Downsview","banner_or_chain":"Ren's Pets","competitor_type":"specialty_chain","city":"North York","province":"ON","address":"81 Billy Bishop Way"},"geometry":{"type":"Point","coordinates":[-79.4517651,43.7325003]}},{"type":"Feature","properties":{"kind":"competitor","id":"comp_0670","name":"Oakville Dorval","banner_or_chain":"Ren's Pets","competitor_type":"specialty_chain","city":"Oakville","province":"ON","address":"270 North Service Rd W"},"geometry":{"type":"Point","coordinates":[-79.7032635,43.447527]}},{"type":"Feature","properties":{"kind":"competitor","id":"comp_0671","name":"Oakville","banner_or_chain":"Ren's Pets","competitor_type":"specialty_chain","city":"Oakville","province":"ON","address":"4002 Trafalgar Road"},"geometry":{"type":"Point","coordinates":[-79.7391417,43.5016464]}},{"type":"Feature","properties":{"kind":"competitor","id":"comp_0672","name":"Orillia","banner_or_chain":"Ren's Pets","competitor_type":"specialty_chain","city":"Orillia","province":"ON","address":"3275 Monarch Dr"},"geometry":{"type":"Point","coordinates":[-79.4499426,44.6091153]}},{"type":"Feature","properties":{"kind":"competitor","id":"comp_0673","name":"Orleans","banner_or_chain":"Ren's Pets","competitor_type":"specialty_chain","city":"Orleans","province":"ON","address":"4130 Innes Road Unit M-1"},"geometry":{"type":"Point","coordinates":[-75.5021,45.4561856]}},{"type":"Feature","properties":{"kind":"competitor","id":"comp_0674","name":"Oshawa","banner_or_chain":"Ren's Pets","competitor_type":"specialty_chain","city":"Oshawa","province":"ON","address":"560 Laval Drive Unit 300"},"geometry":{"type":"Point","coordinates":[-78.8794142,43.8818735]}},{"type":"Feature","properties":{"kind":"competitor","id":"comp_0675","name":"Baseline","banner_or_chain":"Ren's Pets","competitor_type":"specialty_chain","city":"Ottawa","province":"ON","address":"1385 Baseline Rd Unit 3"},"geometry":{"type":"Point","coordinates":[-75.7382776,45.3626238]}},{"type":"Feature","properties":{"kind":"competitor","id":"comp_0676","name":"Owen Sound","banner_or_chain":"Ren's Pets","competitor_type":"specialty_chain","city":"Owen","province":"ON","address":"1989 16th St E Unit D01A-2"},"geometry":{"type":"Point","coordinates":[-80.911009,44.5748314]}},{"type":"Feature","properties":{"kind":"competitor","id":"comp_0677","name":"Peterborough","banner_or_chain":"Ren's Pets","competitor_type":"specialty_chain","city":"Peterborough","province":"ON","address":"821 Rye St. Unit 1001A"},"geometry":{"type":"Point","coordinates":[-78.3459696,44.2806571]}},{"type":"Feature","properties":{"kind":"competitor","id":"comp_0678","name":"Aberfoyle","banner_or_chain":"Ren's Pets","competitor_type":"specialty_chain","city":"Puslinch","province":"ON","address":"20 Brock Road North"},"geometry":{"type":"Point","coordinates":[-80.1561358,43.474987]}},{"type":"Feature","properties":{"kind":"competitor","id":"comp_0679","name":"Sarnia","banner_or_chain":"Ren's Pets","competitor_type":"specialty_chain","city":"Sarnia","province":"ON","address":"1330 Exmouth St"},"geometry":{"type":"Point","coordinates":[-82.3554456,42.9849415]}},{"type":"Feature","properties":{"kind":"competitor","id":"comp_0680","name":"Scarborough","banner_or_chain":"Ren's Pets","competitor_type":"specialty_chain","city":"Scarborough","province":"ON","address":"8 Lebovic Ave"},"geometry":{"type":"Point","coordinates":[-79.2916178,43.7256179]}},{"type":"Feature","properties":{"kind":"competitor","id":"comp_0681","name":"St. Catharines","banner_or_chain":"Ren's Pets","competitor_type":"specialty_chain","city":"St. Catharines","province":"ON","address":"121 Fourth Ave"},"geometry":{"type":"Point","coordinates":[-79.2636085,43.1557822]}},{"type":"Feature","properties":{"kind":"competitor","id":"comp_0682","name":"St. Thomas","banner_or_chain":"Ren's Pets","competitor_type":"specialty_chain","city":"St. Thomas","province":"ON","address":"1063 Talbot St. Unit 70"},"geometry":{"type":"Point","coordinates":[-81.1701812,42.7801559]}},{"type":"Feature","properties":{"kind":"competitor","id":"comp_0683","name":"Stouffville","banner_or_chain":"Ren's Pets","competitor_type":"specialty_chain","city":"Stouffville","province":"ON","address":"1040 Hoover Park Dr. Unit 2"},"geometry":{"type":"Point","coordinates":[-79.2761664,43.9569566]}},{"type":"Feature","properties":{"kind":"competitor","id":"comp_0684","name":"Sudbury","banner_or_chain":"Ren's Pets","competitor_type":"specialty_chain","city":"Sudbury","province":"ON","address":"1425 Kingsway"},"geometry":{"type":"Point","coordinates":[-80.9484754,46.5028801]}},{"type":"Feature","properties":{"kind":"competitor","id":"comp_0685","name":"Thornhill","banner_or_chain":"Ren's Pets","competitor_type":"specialty_chain","city":"Thornhill","province":"ON","address":"1054 Centre St"},"geometry":{"type":"Point","coordinates":[-79.4596059,43.8104618]}},{"type":"Feature","properties":{"kind":"competitor","id":"comp_0686","name":"Thunder Bay","banner_or_chain":"Ren's Pets","competitor_type":"specialty_chain","city":"Thunder","province":"ON","address":"343 Main St"},"geometry":{"type":"Point","coordinates":[-89.2368046,48.4047061]}},{"type":"Feature","properties":{"kind":"competitor","id":"comp_0687","name":"Tillsonburg","banner_or_chain":"Ren's Pets","competitor_type":"specialty_chain","city":"Tillsonburg","province":"ON","address":"164 Broadway Street Unit A1011"},"geometry":{"type":"Point","coordinates":[-80.7284366,42.8616514]}},{"type":"Feature","properties":{"kind":"competitor","id":"comp_0688","name":"The Beach","banner_or_chain":"Ren's Pets","competitor_type":"specialty_chain","city":"Toronto","province":"ON","address":"2050 Queen St. E"},"geometry":{"type":"Point","coordinates":[-79.2977643,43.6707836]}},{"type":"Feature","properties":{"kind":"competitor","id":"comp_0689","name":"Junction","banner_or_chain":"Ren's Pets","competitor_type":"specialty_chain","city":"Toronto","province":"ON","address":"2995 Dundas Street West"},"geometry":{"type":"Point","coordinates":[-79.4692766,43.6653367]}},{"type":"Feature","properties":{"kind":"competitor","id":"comp_0690","name":"Liberty Village","banner_or_chain":"Ren's Pets","competitor_type":"specialty_chain","city":"Toronto","province":"ON","address":"99 Atlantic Avenue"},"geometry":{"type":"Point","coordinates":[-79.42023,43.6390358]}},{"type":"Feature","properties":{"kind":"competitor","id":"comp_0691","name":"Waterdown","banner_or_chain":"Ren's Pets","competitor_type":"specialty_chain","city":"Waterdown","province":"ON","address":"94 Dundas St E"},"geometry":{"type":"Point","coordinates":[-79.9090616,43.3175667]}},{"type":"Feature","properties":{"kind":"competitor","id":"comp_0692","name":"Waterloo","banner_or_chain":"Ren's Pets","competitor_type":"specialty_chain","city":"Waterloo","province":"ON","address":"400 The Boardwalk"},"geometry":{"type":"Point","coordinates":[-80.5637343,43.4391498]}},{"type":"Feature","properties":{"kind":"competitor","id":"comp_0693","name":"Whitby","banner_or_chain":"Ren's Pets","competitor_type":"specialty_chain","city":"Whitby","province":"ON","address":"980 Taunton Road E"},"geometry":{"type":"Point","coordinates":[-78.9141667,43.9255556]}},{"type":"Feature","properties":{"kind":"competitor","id":"comp_0694","name":"Windsor","banner_or_chain":"Ren's Pets","competitor_type":"specialty_chain","city":"Windsor","province":"ON","address":"4315 Walker Road"},"geometry":{"type":"Point","coordinates":[-82.9668739,42.2579945]}},{"type":"Feature","properties":{"kind":"competitor","id":"comp_0695","name":"Woodbridge","banner_or_chain":"Ren's Pets","competitor_type":"specialty_chain","city":"Woodbridge","province":"ON","address":"3900 Highway 7 Unit 6"},"geometry":{"type":"Point","coordinates":[-79.553978,43.7897167]}},{"type":"Feature","properties":{"kind":"competitor","id":"comp_0696","name":"Charlottetown","banner_or_chain":"Ren's Pets","competitor_type":"specialty_chain","city":"Charlottetown","province":"PE","address":"121 Sandstone Rd"},"geometry":{"type":"Point","coordinates":[-63.1532841,46.2635803]}},{"type":"Feature","properties":{"kind":"competitor","id":"comp_0697","name":"The Bone & Biscuit Co.","banner_or_chain":"The Bone & Biscuit Co.","competitor_type":"independent_boutique","city":"Airdrie","province":"AB","address":"35 Mackenzie Way SW, Unit 1102"},"geometry":{"type":"Point","coordinates":[-114.0240355,51.2924236]}},{"type":"Feature","properties":{"kind":"competitor","id":"comp_0698","name":"The Bone & Biscuit Co.","banner_or_chain":"The Bone & Biscuit Co.","competitor_type":"independent_boutique","city":"Calgary","province":"AB","address":"1625 210 Avenue SE, Unit 118"},"geometry":{"type":"Point","coordinates":[-114.0256958,50.8636259]}},{"type":"Feature","properties":{"kind":"competitor","id":"comp_0699","name":"The Bone & Biscuit Co.","banner_or_chain":"The Bone & Biscuit Co.","competitor_type":"independent_boutique","city":"Calgary","province":"AB","address":"2040 34th Avenue SW"},"geometry":{"type":"Point","coordinates":[-114.1091804,51.0234274]}},{"type":"Feature","properties":{"kind":"competitor","id":"comp_0700","name":"The Bone & Biscuit Co.","banner_or_chain":"The Bone & Biscuit Co.","competitor_type":"independent_boutique","city":"Calgary","province":"AB","address":"4700 130th Avenue SE, Unit 609"},"geometry":{"type":"Point","coordinates":[-113.967802,50.9329472]}},{"type":"Feature","properties":{"kind":"competitor","id":"comp_0701","name":"The Bone & Biscuit Co.","banner_or_chain":"The Bone & Biscuit Co.","competitor_type":"independent_boutique","city":"Calgary","province":"AB","address":"7 Mahogany Plaza SE, Unit 1330"},"geometry":{"type":"Point","coordinates":[-113.9409517,50.8981621]}},{"type":"Feature","properties":{"kind":"competitor","id":"comp_0702","name":"The Bone & Biscuit Co.","banner_or_chain":"The Bone & Biscuit Co.","competitor_type":"independent_boutique","city":"Calgary","province":"AB","address":"930 85th Street SW"},"geometry":{"type":"Point","coordinates":[-114.2106095,51.0580887]}},{"type":"Feature","properties":{"kind":"competitor","id":"comp_0703","name":"The Bone & Biscuit Co.","banner_or_chain":"The Bone & Biscuit Co.","competitor_type":"independent_boutique","city":"Edmonton","province":"AB","address":"1058 91st Street SW"},"geometry":{"type":"Point","coordinates":[-113.4765148,53.4233429]}},{"type":"Feature","properties":{"kind":"competitor","id":"comp_0704","name":"The Bone & Biscuit Co.","banner_or_chain":"The Bone & Biscuit Co.","competitor_type":"independent_boutique","city":"Edmonton","province":"AB","address":"11825 26th Ave SW"},"geometry":{"type":"Point","coordinates":[-113.5345075,53.4076015]}},{"type":"Feature","properties":{"kind":"competitor","id":"comp_0705","name":"The Bone & Biscuit Co.","banner_or_chain":"The Bone & Biscuit Co.","competitor_type":"independent_boutique","city":"Edmonton","province":"AB","address":"14251 23rd Avenue NW"},"geometry":{"type":"Point","coordinates":[-113.5624792,53.4528478]}},{"type":"Feature","properties":{"kind":"competitor","id":"comp_0706","name":"The Bone & Biscuit Co.","banner_or_chain":"The Bone & Biscuit Co.","competitor_type":"independent_boutique","city":"Edmonton","province":"AB","address":"17309 Hiller Road SW, Unit 108"},"geometry":{"type":"Point","coordinates":[-113.6193897,53.4206282]}},{"type":"Feature","properties":{"kind":"competitor","id":"comp_0707","name":"The Bone & Biscuit Co.","banner_or_chain":"The Bone & Biscuit Co.","competitor_type":"independent_boutique","city":"Edmonton","province":"AB","address":"4937 167th Avenue NW"},"geometry":{"type":"Point","coordinates":[-113.4104231,53.6282879]}},{"type":"Feature","properties":{"kind":"competitor","id":"comp_0708","name":"The Bone & Biscuit Co.","banner_or_chain":"The Bone & Biscuit Co.","competitor_type":"independent_boutique","city":"Edmonton","province":"AB","address":"6282 199th Street NW"},"geometry":{"type":"Point","coordinates":[-113.6663357,53.4957145]}},{"type":"Feature","properties":{"kind":"competitor","id":"comp_0709","name":"The Bone & Biscuit Co.","banner_or_chain":"The Bone & Biscuit Co.","competitor_type":"independent_boutique","city":"Edmonton","province":"AB","address":"8212 109th Street NW"},"geometry":{"type":"Point","coordinates":[-113.5048844,53.562128]}},{"type":"Feature","properties":{"kind":"competitor","id":"comp_0710","name":"The Bone & Biscuit Co.","banner_or_chain":"The Bone & Biscuit Co.","competitor_type":"independent_boutique","city":"Edmonton","province":"AB","address":"9676 142nd Street"},"geometry":{"type":"Point","coordinates":[-113.5663549,53.534366]}},{"type":"Feature","properties":{"kind":"competitor","id":"comp_0711","name":"The Bone & Biscuit Co.","banner_or_chain":"The Bone & Biscuit Co.","competitor_type":"independent_boutique","city":"Edmonton","province":"AB","address":"9950 137 Ave NW, Unit 104"},"geometry":{"type":"Point","coordinates":[-113.49513,53.59998076]}},{"type":"Feature","properties":{"kind":"competitor","id":"comp_0712","name":"The Bone & Biscuit Co.","banner_or_chain":"The Bone & Biscuit Co.","competitor_type":"independent_boutique","city":"Fort McMurray","province":"AB","address":"108 Riverstone Ridge, Unit 105"},"geometry":{"type":"Point","coordinates":[-111.4390412,56.7600346]}},{"type":"Feature","properties":{"kind":"competitor","id":"comp_0713","name":"The Bone & Biscuit Co.","banner_or_chain":"The Bone & Biscuit Co.","competitor_type":"independent_boutique","city":"Fort McMurray","province":"AB","address":"414 Thickwood Blvd, Unit 2"},"geometry":{"type":"Point","coordinates":[-111.431728,56.7328259]}},{"type":"Feature","properties":{"kind":"competitor","id":"comp_0714","name":"The Bone & Biscuit Co.","banner_or_chain":"The Bone & Biscuit Co.","competitor_type":"independent_boutique","city":"Fort McMurray","province":"AB","address":"8412 Franklin Ave, Unit 110"},"geometry":{"type":"Point","coordinates":[-111.356443,56.718757]}},{"type":"Feature","properties":{"kind":"competitor","id":"comp_0715","name":"The Bone & Biscuit Co.","banner_or_chain":"The Bone & Biscuit Co.","competitor_type":"independent_boutique","city":"Fort Saskatchewan","province":"AB","address":"9378 Southfort Drive, Unit 105"},"geometry":{"type":"Point","coordinates":[-113.2154839,53.6946023]}},{"type":"Feature","properties":{"kind":"competitor","id":"comp_0716","name":"The Bone & Biscuit Co.","banner_or_chain":"The Bone & Biscuit Co.","competitor_type":"independent_boutique","city":"Grande Prairie","province":"AB","address":"11509 Westgate Drive, Unit 102"},"geometry":{"type":"Point","coordinates":[-118.8420698,55.171301]}},{"type":"Feature","properties":{"kind":"competitor","id":"comp_0717","name":"The Bone & Biscuit Co.","banner_or_chain":"The Bone & Biscuit Co.","competitor_type":"independent_boutique","city":"Grande Prairie","province":"AB","address":"13209 102nd Street, Unit 111"},"geometry":{"type":"Point","coordinates":[-118.7969375,55.2002084]}},{"type":"Feature","properties":{"kind":"competitor","id":"comp_0718","name":"The Bone & Biscuit Co.","banner_or_chain":"The Bone & Biscuit Co.","competitor_type":"independent_boutique","city":"Leduc","province":"AB","address":"5411 Discovery Way, Unit 107"},"geometry":{"type":"Point","coordinates":[-113.5640939,53.2701731]}},{"type":"Feature","properties":{"kind":"competitor","id":"comp_0719","name":"The Bone & Biscuit Co.","banner_or_chain":"The Bone & Biscuit Co.","competitor_type":"independent_boutique","city":"Lethbridge","province":"AB","address":"14 Aquitania Blvd W"},"geometry":{"type":"Point","coordinates":[-112.9054631,49.67231]}},{"type":"Feature","properties":{"kind":"competitor","id":"comp_0720","name":"The Bone & Biscuit Co.","banner_or_chain":"The Bone & Biscuit Co.","competitor_type":"independent_boutique","city":"Okotoks","province":"AB","address":"201 Southridge Drive, Unit 331"},"geometry":{"type":"Point","coordinates":[-113.9721198,50.7061414]}},{"type":"Feature","properties":{"kind":"competitor","id":"comp_0721","name":"The Bone & Biscuit Co.","banner_or_chain":"The Bone & Biscuit Co.","competitor_type":"independent_boutique","city":"Red Deer","province":"AB","address":"2004 50th Avenue, Unit 113"},"geometry":{"type":"Point","coordinates":[-113.816512,52.233946]}},{"type":"Feature","properties":{"kind":"competitor","id":"comp_0722","name":"The Bone & Biscuit Co.","banner_or_chain":"The Bone & Biscuit Co.","competitor_type":"independent_boutique","city":"Sherwood Park","province":"AB","address":"410 Baseline Rd, Unit 220"},"geometry":{"type":"Point","coordinates":[-113.2945774,53.5416258]}},{"type":"Feature","properties":{"kind":"competitor","id":"comp_0723","name":"The Bone & Biscuit Co.","banner_or_chain":"The Bone & Biscuit Co.","competitor_type":"independent_boutique","city":"Spruce Grove","province":"AB","address":"11 Westwind Drive, Unit 515"},"geometry":{"type":"Point","coordinates":[-113.8831421,53.5646025]}},{"type":"Feature","properties":{"kind":"competitor","id":"comp_0724","name":"The Bone & Biscuit Co.","banner_or_chain":"The Bone & Biscuit Co.","competitor_type":"independent_boutique","city":"St. Albert","province":"AB","address":"10 Rose Gate, Unit 450"},"geometry":{"type":"Point","coordinates":[-113.6583316,53.6306495]}},{"type":"Feature","properties":{"kind":"competitor","id":"comp_0725","name":"The Bone & Biscuit Co.","banner_or_chain":"The Bone & Biscuit Co.","competitor_type":"independent_boutique","city":"St. Albert","province":"AB","address":"860 St. Albert Trail, Unit 430"},"geometry":{"type":"Point","coordinates":[-113.6365204,53.6644592]}},{"type":"Feature","properties":{"kind":"competitor","id":"comp_0726","name":"The Bone & Biscuit Co.","banner_or_chain":"The Bone & Biscuit Co.","competitor_type":"independent_boutique","city":"Burnaby","province":"BC","address":"6026 McKay Ave"},"geometry":{"type":"Point","coordinates":[-123.0029649,49.2290111]}},{"type":"Feature","properties":{"kind":"competitor","id":"comp_0727","name":"The Bone & Biscuit Co.","banner_or_chain":"The Bone & Biscuit Co.","competitor_type":"independent_boutique","city":"Cloverdale","province":"BC","address":"17433 Highway 10, Unit 111"},"geometry":{"type":"Point","coordinates":[-122.7402675,49.1054436]}},{"type":"Feature","properties":{"kind":"competitor","id":"comp_0728","name":"The Bone & Biscuit Co.","banner_or_chain":"The Bone & Biscuit Co.","competitor_type":"independent_boutique","city":"Fort St. John","province":"BC","address":"9536 111th Street, Unit 102"},"geometry":{"type":"Point","coordinates":[-120.8667374,56.2424358]}},{"type":"Feature","properties":{"kind":"competitor","id":"comp_0729","name":"The Bone & Biscuit Co.","banner_or_chain":"The Bone & Biscuit Co.","competitor_type":"independent_boutique","city":"Kelowna","province":"BC","address":"1876 Cooper Road, Unit 136"},"geometry":{"type":"Point","coordinates":[-119.445832,49.879333]}},{"type":"Feature","properties":{"kind":"competitor","id":"comp_0730","name":"The Bone & Biscuit Co.","banner_or_chain":"The Bone & Biscuit Co.","competitor_type":"independent_boutique","city":"Langley","province":"BC","address":"20689 Willoughby Town Center Drive, Unit B125"},"geometry":{"type":"Point","coordinates":[-122.6490926,49.1465281]}},{"type":"Feature","properties":{"kind":"competitor","id":"comp_0731","name":"The Bone & Biscuit Co.","banner_or_chain":"The Bone & Biscuit Co.","competitor_type":"independent_boutique","city":"Maple Ridge","province":"BC","address":"11939 240th Street, Unit 120"},"geometry":{"type":"Point","coordinates":[-122.557873,49.218845]}},{"type":"Feature","properties":{"kind":"competitor","id":"comp_0732","name":"The Bone & Biscuit Co.","banner_or_chain":"The Bone & Biscuit Co.","competitor_type":"independent_boutique","city":"Port Moody","province":"BC","address":"265A Newport Drive"},"geometry":{"type":"Point","coordinates":[-122.8260851,49.28321551]}},{"type":"Feature","properties":{"kind":"competitor","id":"comp_0733","name":"The Bone & Biscuit Co.","banner_or_chain":"The Bone & Biscuit Co.","competitor_type":"independent_boutique","city":"Prince George","province":"BC","address":"5240 Domano Boulevard, Unit 450"},"geometry":{"type":"Point","coordinates":[-122.7754658,53.8671806]}},{"type":"Feature","properties":{"kind":"competitor","id":"comp_0734","name":"The Bone & Biscuit Co.","banner_or_chain":"The Bone & Biscuit Co.","competitor_type":"independent_boutique","city":"Surrey","province":"BC","address":"16033 108th Ave, Unit 303"},"geometry":{"type":"Point","coordinates":[-122.7784205,49.1991495]}},{"type":"Feature","properties":{"kind":"competitor","id":"comp_0735","name":"The Bone & Biscuit Co.","banner_or_chain":"The Bone & Biscuit Co.","competitor_type":"independent_boutique","city":"Surrey","province":"BC","address":"16050 24th Ave, Unit 150"},"geometry":{"type":"Point","coordinates":[-122.7776739,49.0445815]}},{"type":"Feature","properties":{"kind":"competitor","id":"comp_0736","name":"The Bone & Biscuit Co.","banner_or_chain":"The Bone & Biscuit Co.","competitor_type":"independent_boutique","city":"Victoria","province":"BC","address":"3571 Blanshard Street, Unit 105"},"geometry":{"type":"Point","coordinates":[-123.3761483,48.45627968]}},{"type":"Feature","properties":{"kind":"competitor","id":"comp_0737","name":"The Bone & Biscuit Co.","banner_or_chain":"The Bone & Biscuit Co.","competitor_type":"independent_boutique","city":"Moncton","province":"NB","address":"21 Granite Drive, Unit 102"},"geometry":{"type":"Point","coordinates":[-64.771778,46.131217]}},{"type":"Feature","properties":{"kind":"competitor","id":"comp_0738","name":"The Bone & Biscuit Co.","banner_or_chain":"The Bone & Biscuit Co.","competitor_type":"independent_boutique","city":"Yellowknife","province":"NT","address":"312 Old Airport Road"},"geometry":{"type":"Point","coordinates":[-114.406438,62.4482132]}},{"type":"Feature","properties":{"kind":"competitor","id":"comp_0739","name":"The Bone & Biscuit Co.","banner_or_chain":"The Bone & Biscuit Co.","competitor_type":"independent_boutique","city":"Aurora","province":"ON","address":"14889 Yonge St, Unit 1"},"geometry":{"type":"Point","coordinates":[-79.4651252,43.9911798]}},{"type":"Feature","properties":{"kind":"competitor","id":"comp_0740","name":"The Bone & Biscuit Co.","banner_or_chain":"The Bone & Biscuit Co.","competitor_type":"independent_boutique","city":"Burlington","province":"ON","address":"3061 Walkers Line, Unit 3"},"geometry":{"type":"Point","coordinates":[-79.8244252,43.3936368]}},{"type":"Feature","properties":{"kind":"competitor","id":"comp_0741","name":"The Bone & Biscuit Co.","banner_or_chain":"The Bone & Biscuit Co.","competitor_type":"independent_boutique","city":"Collingwood","province":"ON","address":"1 Hume Street, Unit 101"},"geometry":{"type":"Point","coordinates":[-80.2158968,44.4964]}},{"type":"Feature","properties":{"kind":"competitor","id":"comp_0742","name":"The Bone & Biscuit Co.","banner_or_chain":"The Bone & Biscuit Co.","competitor_type":"independent_boutique","city":"Guelph","province":"ON","address":"30 Clair Road West, Unit 2A"},"geometry":{"type":"Point","coordinates":[-80.18877,43.4997293]}},{"type":"Feature","properties":{"kind":"competitor","id":"comp_0743","name":"The Bone & Biscuit Co.","banner_or_chain":"The Bone & Biscuit Co.","competitor_type":"independent_boutique","city":"Hamilton","province":"ON","address":"2172 Rymal Road East, Unit 105"},"geometry":{"type":"Point","coordinates":[-79.7863573,43.1748306]}},{"type":"Feature","properties":{"kind":"competitor","id":"comp_0744","name":"The Bone & Biscuit Co.","banner_or_chain":"The Bone & Biscuit Co.","competitor_type":"independent_boutique","city":"Kleinburg","province":"ON","address":"40 Barons Street, Unit 5"},"geometry":{"type":"Point","coordinates":[-79.6519637,43.8258623]}},{"type":"Feature","properties":{"kind":"competitor","id":"comp_0745","name":"The Bone & Biscuit Co.","banner_or_chain":"The Bone & Biscuit Co.","competitor_type":"independent_boutique","city":"Mississauga","province":"ON","address":"175 Lakeshore Road West, Unit 4"},"geometry":{"type":"Point","coordinates":[-79.589523,43.5475939]}},{"type":"Feature","properties":{"kind":"competitor","id":"comp_0746","name":"The Bone & Biscuit Co.","banner_or_chain":"The Bone & Biscuit Co.","competitor_type":"independent_boutique","city":"Mississauga","province":"ON","address":"434 Square One Drive, Unit 432"},"geometry":{"type":"Point","coordinates":[-79.6507,43.58817]}},{"type":"Feature","properties":{"kind":"competitor","id":"comp_0747","name":"The Bone & Biscuit Co.","banner_or_chain":"The Bone & Biscuit Co.","competitor_type":"independent_boutique","city":"North York","province":"ON","address":"4841 Yonge Street, Unit 119A"},"geometry":{"type":"Point","coordinates":[-79.4594455,43.8489688]}},{"type":"Feature","properties":{"kind":"competitor","id":"comp_0748","name":"The Bone & Biscuit Co.","banner_or_chain":"The Bone & Biscuit Co.","competitor_type":"independent_boutique","city":"Oakville","province":"ON","address":"487 Cornwall Road, Unit 9"},"geometry":{"type":"Point","coordinates":[-79.6740998,43.4638091]}},{"type":"Feature","properties":{"kind":"competitor","id":"comp_0749","name":"The Bone & Biscuit Co.","banner_or_chain":"The Bone & Biscuit Co.","competitor_type":"independent_boutique","city":"Oakville","province":"ON","address":"515 Dundas Street West, Unit 11"},"geometry":{"type":"Point","coordinates":[-79.7466107,43.4663532]}},{"type":"Feature","properties":{"kind":"competitor","id":"comp_0750","name":"The Bone & Biscuit Co.","banner_or_chain":"The Bone & Biscuit Co.","competitor_type":"independent_boutique","city":"St. Catharines","province":"ON","address":"295 4th Avenue West, Unit G01"},"geometry":{"type":"Point","coordinates":[-79.2736466,43.1562256]}},{"type":"Feature","properties":{"kind":"competitor","id":"comp_0751","name":"The Bone & Biscuit Co.","banner_or_chain":"The Bone & Biscuit Co.","competitor_type":"independent_boutique","city":"Toronto","province":"ON","address":"486 Front Street West"},"geometry":{"type":"Point","coordinates":[-79.3967532,43.6424635]}},{"type":"Feature","properties":{"kind":"competitor","id":"comp_0752","name":"The Bone & Biscuit Co.","banner_or_chain":"The Bone & Biscuit Co.","competitor_type":"independent_boutique","city":"Toronto","province":"ON","address":"8 Park Lawn, Unit 1"},"geometry":{"type":"Point","coordinates":[-79.4836982,43.6232688]}},{"type":"Feature","properties":{"kind":"competitor","id":"comp_0753","name":"The Bone & Biscuit Co.","banner_or_chain":"The Bone & Biscuit Co.","competitor_type":"independent_boutique","city":"Toronto","province":"ON","address":"899 College Street"},"geometry":{"type":"Point","coordinates":[-79.4248065,43.6537756]}},{"type":"Feature","properties":{"kind":"competitor","id":"comp_0754","name":"The Bone & Biscuit Co.","banner_or_chain":"The Bone & Biscuit Co.","competitor_type":"independent_boutique","city":"Vaughan","province":"ON","address":"3604 Major Mackenzie Drive, Unit 8"},"geometry":{"type":"Point","coordinates":[-79.5564586,43.8462179]}},{"type":"Feature","properties":{"kind":"competitor","id":"comp_0755","name":"The Bone & Biscuit Co.","banner_or_chain":"The Bone & Biscuit Co.","competitor_type":"independent_boutique","city":"Vaughan","province":"ON","address":"9330 Bathurst Street, Unit 4"},"geometry":{"type":"Point","coordinates":[-79.4594455,43.8489688]}},{"type":"Feature","properties":{"kind":"competitor","id":"comp_0756","name":"The Bone & Biscuit Co.","banner_or_chain":"The Bone & Biscuit Co.","competitor_type":"independent_boutique","city":"Welland","province":"ON","address":"589 South Pelham Road, Unit 140"},"geometry":{"type":"Point","coordinates":[-79.2860303,43.0030157]}},{"type":"Feature","properties":{"kind":"competitor","id":"comp_0757","name":"The Bone & Biscuit Co.","banner_or_chain":"The Bone & Biscuit Co.","competitor_type":"independent_boutique","city":"Whitby","province":"ON","address":"5560 Baldwin St South, Unit 7"},"geometry":{"type":"Point","coordinates":[-78.96272,43.9513009]}},{"type":"Feature","properties":{"kind":"competitor","id":"comp_0758","name":"The Bone & Biscuit Co.","banner_or_chain":"The Bone & Biscuit Co.","competitor_type":"independent_boutique","city":"Charlottetown","province":"PE","address":"690 University Avenue"},"geometry":{"type":"Point","coordinates":[-63.1468418,46.2659579]}},{"type":"Feature","properties":{"kind":"competitor","id":"comp_0759","name":"The Bone & Biscuit Co.","banner_or_chain":"The Bone & Biscuit Co.","competitor_type":"independent_boutique","city":"Regina","province":"SK","address":"2101 Quance Street East, Unit 300"},"geometry":{"type":"Point","coordinates":[-104.5544883,50.44391339]}},{"type":"Feature","properties":{"kind":"competitor","id":"comp_0760","name":"The Bone & Biscuit Co.","banner_or_chain":"The Bone & Biscuit Co.","competitor_type":"independent_boutique","city":"Saskatoon","province":"SK","address":"3020 Preston Avenue South, Unit 120"},"geometry":{"type":"Point","coordinates":[-106.6256529,52.08808082]}},{"type":"Feature","properties":{"kind":"competitor","id":"comp_0761","name":"Three Dog Bakery","banner_or_chain":"Three Dog Bakery","competitor_type":"independent_boutique","city":"Port Moody","province":"BC","address":"201 Morrissey Rd"},"geometry":{"type":"Point","coordinates":[-122.8292031,49.2789396]}},{"type":"Feature","properties":{"kind":"competitor","id":"comp_0762","name":"Three Dog Bakery","banner_or_chain":"Three Dog Bakery","competitor_type":"independent_boutique","city":"Vancouver","province":"BC","address":"4348 Main St"},"geometry":{"type":"Point","coordinates":[-123.1009543,49.2462607]}},{"type":"Feature","properties":{"kind":"competitor","id":"comp_0763","name":"Willow Park Animal Clinic","banner_or_chain":"VetCor","competitor_type":"services_other","city":"Calgary","province":"AB","address":"108-580 Acadia Drive SE"},"geometry":{"type":"Point","coordinates":[-114.0478546,50.9644099]}},{"type":"Feature","properties":{"kind":"competitor","id":"comp_0764","name":"Service Center - Canada","banner_or_chain":"VetCor","competitor_type":"services_other","city":"Vancouver","province":"BC","address":"1055 West Georgia Street"},"geometry":{"type":"Point","coordinates":[-123.121571,49.2853363]}},{"type":"Feature","properties":{"kind":"competitor","id":"comp_0765","name":"Black Creek Animal Hospital","banner_or_chain":"VetCor","competitor_type":"services_other","city":"Acton","province":"ON","address":"13383 Fourth Line"},"geometry":{"type":"Point","coordinates":[-80.0167679,43.6469957]}},{"type":"Feature","properties":{"kind":"competitor","id":"comp_0766","name":"Blue Springs Rehabilitation Center","banner_or_chain":"VetCor","competitor_type":"services_other","city":"Acton","province":"ON","address":"13383 Fourth Line"},"geometry":{"type":"Point","coordinates":[-80.0167679,43.6469957]}},{"type":"Feature","properties":{"kind":"competitor","id":"comp_0767","name":"Mississippi Mills Animal Hospital","banner_or_chain":"VetCor","competitor_type":"services_other","city":"Almonte","province":"ON","address":"497 Ottawa Street"},"geometry":{"type":"Point","coordinates":[-76.1794717,45.2362613]}},{"type":"Feature","properties":{"kind":"competitor","id":"comp_0768","name":"Aspen Springs Animal Hospital","banner_or_chain":"VetCor","competitor_type":"services_other","city":"Bowmanville","province":"ON","address":"1550 Bowmanville Ave"},"geometry":{"type":"Point","coordinates":[-78.7002341,43.9051224]}},{"type":"Feature","properties":{"kind":"competitor","id":"comp_0769","name":"Valley Veterinary Clinic","banner_or_chain":"VetCor","competitor_type":"services_other","city":"Carleton Place","province":"ON","address":"339 Townline Road East"},"geometry":{"type":"Point","coordinates":[-76.1420917,45.1516043]}},{"type":"Feature","properties":{"kind":"competitor","id":"comp_0770","name":"Dunnville Veterinary Clinic","banner_or_chain":"VetCor","competitor_type":"services_other","city":"Dunnville","province":"ON","address":"1017 Broad St E"},"geometry":{"type":"Point","coordinates":[-79.6002421,42.9037128]}},{"type":"Feature","properties":{"kind":"competitor","id":"comp_0771","name":"Balfour Animal Hospital","banner_or_chain":"VetCor","competitor_type":"services_other","city":"Fenwick","province":"ON","address":"701 Canboro Rd"},"geometry":{"type":"Point","coordinates":[-79.351176,43.0284412]}},{"type":"Feature","properties":{"kind":"competitor","id":"comp_0772","name":"West Park Animal Hospital","banner_or_chain":"VetCor","competitor_type":"services_other","city":"Hamilton","province":"ON","address":"1632 Main St. W"},"geometry":{"type":"Point","coordinates":[-79.9319997,43.2577158]}},{"type":"Feature","properties":{"kind":"competitor","id":"comp_0773","name":"Mohawk Animal Clinic","banner_or_chain":"VetCor","competitor_type":"services_other","city":"Hamilton","province":"ON","address":"962 Upper James St"},"geometry":{"type":"Point","coordinates":[-79.8841514,43.2240195]}},{"type":"Feature","properties":{"kind":"competitor","id":"comp_0774","name":"Innisfil Veterinary Hospital","banner_or_chain":"VetCor","competitor_type":"services_other","city":"Innisfil","province":"ON","address":"1538 Innisfil Beach Road"},"geometry":{"type":"Point","coordinates":[-79.5790004,44.3081211]}},{"type":"Feature","properties":{"kind":"competitor","id":"comp_0775","name":"Lasalle Animal Hospital","banner_or_chain":"VetCor","competitor_type":"services_other","city":"Lasalle","province":"ON","address":"1391 Front Road"},"geometry":{"type":"Point","coordinates":[-83.1024563,42.2348182]}},{"type":"Feature","properties":{"kind":"competitor","id":"comp_0776","name":"Bridle Trail Veterinary Clinic","banner_or_chain":"VetCor","competitor_type":"services_other","city":"Markham","province":"ON","address":"33 The Bridle Trail"},"geometry":{"type":"Point","coordinates":[-79.3092767,43.8764722]}},{"type":"Feature","properties":{"kind":"competitor","id":"comp_0777","name":"Armitage Animal Clinic","banner_or_chain":"VetCor","competitor_type":"services_other","city":"Newmarket","province":"ON","address":"18025 Yonge Street #6"},"geometry":{"type":"Point","coordinates":[-79.4824287,44.0676587]}},{"type":"Feature","properties":{"kind":"competitor","id":"comp_0778","name":"Heartland Niagara Animal Hospital","banner_or_chain":"VetCor","competitor_type":"services_other","city":"Niagara Falls","province":"ON","address":"7885 McLeod Rd"},"geometry":{"type":"Point","coordinates":[-79.1265406,43.0710242]}},{"type":"Feature","properties":{"kind":"competitor","id":"comp_0779","name":"Renfrew Animal Hospital","banner_or_chain":"VetCor","competitor_type":"services_other","city":"Renfrew","province":"ON","address":"825 O'Brien Road"},"geometry":{"type":"Point","coordinates":[-76.6582622,45.4751387]}},{"type":"Feature","properties":{"kind":"competitor","id":"comp_0780","name":"Town And Country Animal Hospital","banner_or_chain":"VetCor","competitor_type":"services_other","city":"Stouffville","province":"ON","address":"5208 Stouffville Rd"},"geometry":{"type":"Point","coordinates":[-79.2818921,43.9638009]}},{"type":"Feature","properties":{"kind":"competitor","id":"comp_0781","name":"Strathroy Animal Clinic","banner_or_chain":"VetCor","competitor_type":"services_other","city":"Strathroy","province":"ON","address":"425 Frances Street"},"geometry":{"type":"Point","coordinates":[-81.6105403,42.9475486]}},{"type":"Feature","properties":{"kind":"competitor","id":"comp_0782","name":"Spadina Animal Hospital","banner_or_chain":"VetCor","competitor_type":"services_other","city":"Toronto","province":"ON","address":"125 Spadina Ave"},"geometry":{"type":"Point","coordinates":[-79.3952775,43.6472168]}},{"type":"Feature","properties":{"kind":"competitor","id":"comp_0783","name":"Laird-Eglinton Pet Hospital","banner_or_chain":"VetCor","competitor_type":"services_other","city":"Toronto","province":"ON","address":"211 Laird Drive"},"geometry":{"type":"Point","coordinates":[-79.3635177,43.7114919]}},{"type":"Feature","properties":{"kind":"competitor","id":"comp_0784","name":"Downtown Toronto Cat Clinic","banner_or_chain":"VetCor","competitor_type":"services_other","city":"Toronto","province":"ON","address":"739 Bloor Street West"},"geometry":{"type":"Point","coordinates":[-79.4189643,43.6632417]}},{"type":"Feature","properties":{"kind":"competitor","id":"comp_0785","name":"Main West Animal Hospital","banner_or_chain":"VetCor","competitor_type":"services_other","city":"Welland","province":"ON","address":"1 Broadway Ave"},"geometry":{"type":"Point","coordinates":[-79.2590784,42.9750047]}},{"type":"Feature","properties":{"kind":"competitor","id":"comp_0786","name":"Clearwater Animal Hospital","banner_or_chain":"VetCor","competitor_type":"services_other","city":"Windsor","province":"ON","address":"1117 Walker Road"},"geometry":{"type":"Point","coordinates":[-83.0044322,42.3173225]}},{"type":"Feature","properties":{"kind":"competitor","id":"comp_0787","name":"Darlington Veterinary Hospital","banner_or_chain":"VetCor","competitor_type":"services_other","city":"Woodbridge","province":"ON","address":"200 Marycroft Ave, Unit 24"},"geometry":{"type":"Point","coordinates":[-79.5675656,43.7847354]}},{"type":"Feature","properties":{"kind":"competitor","id":"comp_0788","name":"1444860 Alberta Ltd","banner_or_chain":"Wild Birds Unlimited","competitor_type":"services_other","city":"Edmonton","province":"AB","address":"12204 107th Avenue N.W"},"geometry":{"type":"Point","coordinates":[-113.5327224,53.5512995]}},{"type":"Feature","properties":{"kind":"competitor","id":"comp_0789","name":"Wild Birds Unlimited","banner_or_chain":"Wild Birds Unlimited","competitor_type":"services_other","city":"Abbotsford","province":"BC","address":"13-33324 S. Fraser Way"},"geometry":{"type":"Point","coordinates":[-122.3010609,49.0492121]}},{"type":"Feature","properties":{"kind":"competitor","id":"comp_0790","name":"Wild Birds Unlimited","banner_or_chain":"Wild Birds Unlimited","competitor_type":"services_other","city":"Chilliwack","province":"BC","address":"13-8635 Young Road"},"geometry":{"type":"Point","coordinates":[-121.9532434,49.1597126]}},{"type":"Feature","properties":{"kind":"competitor","id":"comp_0791","name":"K. R. Huston Enterprises, Inc","banner_or_chain":"Wild Birds Unlimited","competitor_type":"services_other","city":"Kamloops","province":"BC","address":"760 Tranquille Road"},"geometry":{"type":"Point","coordinates":[-120.3619662,50.6983456]}},{"type":"Feature","properties":{"kind":"competitor","id":"comp_0792","name":"Wild Birds Unlimited","banner_or_chain":"Wild Birds Unlimited","competitor_type":"services_other","city":"Langley","province":"BC","address":"2 - 6131 200th Street"},"geometry":{"type":"Point","coordinates":[-122.6702094,49.1138716]}},{"type":"Feature","properties":{"kind":"competitor","id":"comp_0793","name":"M42 Sales & Consulting, Ltd","banner_or_chain":"Wild Birds Unlimited","competitor_type":"services_other","city":"North Vancouver","province":"BC","address":"1190 Marine Drive"},"geometry":{"type":"Point","coordinates":[-123.1064881,49.3242516]}},{"type":"Feature","properties":{"kind":"competitor","id":"comp_0794","name":"1316642 Bc Ltd","banner_or_chain":"Wild Birds Unlimited","competitor_type":"services_other","city":"Surrey","province":"BC","address":"Unit 1 - 3033 King George Blvd"},"geometry":{"type":"Point","coordinates":[-122.8085921,49.0570987]}},{"type":"Feature","properties":{"kind":"competitor","id":"comp_0795","name":"Morton & Morton Ltd","banner_or_chain":"Wild Birds Unlimited","competitor_type":"services_other","city":"Vancouver","province":"BC","address":"1302 W. Broadway (At Birch)"},"geometry":{"type":"Point","coordinates":[-123.1339584,49.2633592]}},{"type":"Feature","properties":{"kind":"competitor","id":"comp_0796","name":"South Island Back Yard Bird Supply, Inc","banner_or_chain":"Wild Birds Unlimited","competitor_type":"services_other","city":"Victoria","province":"BC","address":"3631 Shelbourne Street"},"geometry":{"type":"Point","coordinates":[-123.3322888,48.4594618]}},{"type":"Feature","properties":{"kind":"competitor","id":"comp_0797","name":"R & J Gobeil Holdings Ltd","banner_or_chain":"Wild Birds Unlimited","competitor_type":"services_other","city":"Winnipeg","province":"MB","address":"Unit 45, 11 Reenders Drive"},"geometry":{"type":"Point","coordinates":[-97.0668295,49.9041698]}},{"type":"Feature","properties":{"kind":"competitor","id":"comp_0798","name":"2319860 Ontario, Inc","banner_or_chain":"Wild Birds Unlimited","competitor_type":"services_other","city":"Barrie","province":"ON","address":"515 Bryne Drive, Unit B"},"geometry":{"type":"Point","coordinates":[-79.6879931,44.3318222]}},{"type":"Feature","properties":{"kind":"competitor","id":"comp_0799","name":"1000365796 Ontario Inc","banner_or_chain":"Wild Birds Unlimited","competitor_type":"services_other","city":"Belleville","province":"ON","address":"170 North Front Street, , Unit 4B"},"geometry":{"type":"Point","coordinates":[-77.3917437,44.177594]}},{"type":"Feature","properties":{"kind":"competitor","id":"comp_0800","name":"1057825 Ontario, Inc","banner_or_chain":"Wild Birds Unlimited","competitor_type":"services_other","city":"Burlington","province":"ON","address":"3350 Fairview Street"},"geometry":{"type":"Point","coordinates":[-79.7845384,43.3542952]}},{"type":"Feature","properties":{"kind":"competitor","id":"comp_0801","name":"1000170081 Ontario, Inc","banner_or_chain":"Wild Birds Unlimited","competitor_type":"services_other","city":"Guelph","province":"ON","address":"987 Gordon Street, Unit 2"},"geometry":{"type":"Point","coordinates":[-80.212466,43.521431]}},{"type":"Feature","properties":{"kind":"competitor","id":"comp_0802","name":"11768204 Canada Inc","banner_or_chain":"Wild Birds Unlimited","competitor_type":"services_other","city":"Kanata","province":"ON","address":"420 Hazeldean Road, Unit 11"},"geometry":{"type":"Point","coordinates":[-75.8809855,45.3013766]}},{"type":"Feature","properties":{"kind":"competitor","id":"comp_0803","name":"2616180 Ontario Inc","banner_or_chain":"Wild Birds Unlimited","competitor_type":"services_other","city":"Kitchener","province":"ON","address":"501 Krug Street"},"geometry":{"type":"Point","coordinates":[-80.4606815,43.4564334]}},{"type":"Feature","properties":{"kind":"competitor","id":"comp_0804","name":"Crazy About Birds 1089 Inc","banner_or_chain":"Wild Birds Unlimited","competitor_type":"services_other","city":"London","province":"ON","address":"502 Springbank Drive"},"geometry":{"type":"Point","coordinates":[-81.289897,42.96458]}},{"type":"Feature","properties":{"kind":"competitor","id":"comp_0805","name":"2718924 Ontario, Inc","banner_or_chain":"Wild Birds Unlimited","competitor_type":"services_other","city":"Newmarket","province":"ON","address":"16655 Yonge Street, Unit #2"},"geometry":{"type":"Point","coordinates":[-79.474264,44.035151]}},{"type":"Feature","properties":{"kind":"competitor","id":"comp_0806","name":"9615857 Canada Corporation","banner_or_chain":"Wild Birds Unlimited","competitor_type":"services_other","city":"Ottawa","province":"ON","address":"Blue Heron Mall, 1500 Bank Street"},"geometry":{"type":"Point","coordinates":[-75.6703203,45.3809221]}},{"type":"Feature","properties":{"kind":"competitor","id":"comp_0807","name":"Birdtyme Too, Inc","banner_or_chain":"Wild Birds Unlimited","competitor_type":"services_other","city":"Thornhill","province":"ON","address":"Unit-4 7690 Yonge Street"},"geometry":{"type":"Point","coordinates":[-79.4244495,43.8147316]}},{"type":"Feature","properties":{"kind":"competitor","id":"comp_0808","name":"Orenda Holdings, Inc","banner_or_chain":"Wild Birds Unlimited","competitor_type":"services_other","city":"Toronto","province":"ON","address":"5468 Dundas Street West"},"geometry":{"type":"Point","coordinates":[-79.5448453,43.6327106]}},{"type":"Feature","properties":{"kind":"competitor","id":"comp_0809","name":"101220300 Saskatchewan Ltd","banner_or_chain":"Wild Birds Unlimited","competitor_type":"services_other","city":"Saskatoon","province":"SK","address":"330A 2600 8th Street East"},"geometry":{"type":"Point","coordinates":[-106.6157455,52.1142768]}},{"type":"Feature","properties":{"kind":"competitor","id":"comp_0810","name":"Newmarket East","banner_or_chain":"Woof Gang Bakery & Grooming","competitor_type":"independent_boutique","city":"Newmarket","province":"ON","address":"77 Harry Walker Parkway South, Suite 4"},"geometry":{"type":"Point","coordinates":[-79.4206667,44.0585315]}},{"type":"Feature","properties":{"kind":"competitor","id":"comp_0811","name":"Oakville Bronte Village","banner_or_chain":"Woof Gang Bakery & Grooming","competitor_type":"independent_boutique","city":"Oakville","province":"ON","address":"133 Bronte Rd., Suite B1-B"},"geometry":{"type":"Point","coordinates":[-79.7122984,43.395039]}},{"type":"Feature","properties":{"kind":"competitor","id":"comp_0812","name":"Oakville West","banner_or_chain":"Woof Gang Bakery & Grooming","competitor_type":"independent_boutique","city":"Oakville","province":"ON","address":"2460 Neyagawa Blvd., Unit 7B"},"geometry":{"type":"Point","coordinates":[-79.7442112,43.4632051]}},{"type":"Feature","properties":{"kind":"competitor","id":"comp_0813","name":"King West Village","banner_or_chain":"Woof Gang Bakery & Grooming","competitor_type":"independent_boutique","city":"Toronto","province":"ON","address":"1005 King St. W"},"geometry":{"type":"Point","coordinates":[-79.414705,43.6413424]}},{"type":"Feature","properties":{"kind":"competitor","id":"comp_0814","name":"Leslieville","banner_or_chain":"Woof Gang Bakery & Grooming","competitor_type":"independent_boutique","city":"Toronto","province":"ON","address":"1151 Queen St. E"},"geometry":{"type":"Point","coordinates":[-79.3338376,43.6622319]}},{"type":"Feature","properties":{"kind":"competitor","id":"comp_0815","name":"St. Lawrence Market","banner_or_chain":"Woof Gang Bakery & Grooming","competitor_type":"independent_boutique","city":"Toronto","province":"ON","address":"132 Front Street E., Suite E"},"geometry":{"type":"Point","coordinates":[-79.3692716,43.6501914]}},{"type":"Feature","properties":{"kind":"competitor","id":"comp_0816","name":"Waterloo West","banner_or_chain":"Woof Gang Bakery & Grooming","competitor_type":"independent_boutique","city":"Waterloo","province":"ON","address":"922 Erb St W., Suite C3.5A"},"geometry":{"type":"Point","coordinates":[-80.5796577,43.4438744]}},{"type":"Feature","properties":{"kind":"competitor","id":"comp_0817","name":"Woodbridge","banner_or_chain":"Woof Gang Bakery & Grooming","competitor_type":"independent_boutique","city":"Woodbridge","province":"ON","address":"8565 Ontario Hwy 27, Suite 106"},"geometry":{"type":"Point","coordinates":[-79.6248568,43.7935962]}}]}