{"type":"FeatureCollection","features":[{"type":"Feature","properties":{"h3_id":"882b98860bfffff","market_class":"true_whitespace","opportunity_score":89.0,"province":"ON","households":4551},"geometry":{"type":"Point","coordinates":[-78.06554128497224,44.562287371934765]}},{"type":"Feature","properties":{"h3_id":"882ba1358bfffff","market_class":"true_whitespace","opportunity_score":85.7,"province":"QC","households":3825},"geometry":{"type":"Point","coordinates":[-71.19133642654985,47.01384647361966]}},{"type":"Feature","properties":{"h3_id":"882baa4437fffff","market_class":"proven_market_no_pv","opportunity_score":69.9,"province":"QC","households":5763},"geometry":{"type":"Point","coordinates":[-73.63358905212432,45.49760201521025]}},{"type":"Feature","properties":{"h3_id":"882baa45dbfffff","market_class":"proven_market_no_pv","opportunity_score":66.6,"province":"QC","households":5060},"geometry":{"type":"Point","coordinates":[-73.62829196241591,45.48101259754742]}},{"type":"Feature","properties":{"h3_id":"881bb06ea7fffff","market_class":"true_whitespace","opportunity_score":95.6,"province":"NL","households":4020},"geometry":{"type":"Point","coordinates":[-60.33124142656835,53.302036440877714]}},{"type":"Feature","properties":{"h3_id":"882baa45d9fffff","market_class":"proven_market_no_pv","opportunity_score":68.6,"province":"QC","households":4513},"geometry":{"type":"Point","coordinates":[-73.63094001182073,45.489307006846644]}},{"type":"Feature","properties":{"h3_id":"882ab5d30dfffff","market_class":"true_whitespace","opportunity_score":88.1,"province":"ON","households":3417},"geometry":{"type":"Point","coordinates":[-80.05459266469477,42.97053572831192]}},{"type":"Feature","properties":{"h3_id":"882baa44a1fffff","market_class":"proven_market_no_pv","opportunity_score":68.2,"province":"QC","households":4810},"geometry":{"type":"Point","coordinates":[-73.62299883412473,45.464425577488]}},{"type":"Feature","properties":{"h3_id":"882baa4431fffff","market_class":"proven_market_no_pv","opportunity_score":68.2,"province":"QC","households":4617},"geometry":{"type":"Point","coordinates":[-73.62428904739265,45.5033630695098]}},{"type":"Feature","properties":{"h3_id":"882baa44adfffff","market_class":"proven_market_no_pv","opportunity_score":66.5,"province":"QC","households":3055},"geometry":{"type":"Point","coordinates":[-73.62564490336531,45.47271878764908]}},{"type":"Feature","properties":{"h3_id":"882baa4599fffff","market_class":"proven_market_no_pv","opportunity_score":68.9,"province":"QC","households":4251},"geometry":{"type":"Point","coordinates":[-73.64687934164967,45.46949158199678]}},{"type":"Feature","properties":{"h3_id":"882baa7a5dfffff","market_class":"proven_market_no_pv","opportunity_score":68.6,"province":"QC","households":4096},"geometry":{"type":"Point","coordinates":[-73.62435439174857,45.43379247199535]}},{"type":"Feature","properties":{"h3_id":"88120c5a5bfffff","market_class":"true_whitespace","opportunity_score":95.2,"province":"AB","households":3346},"geometry":{"type":"Point","coordinates":[-116.39668878776067,58.195268382441675]}},{"type":"Feature","properties":{"h3_id":"882baa45cbfffff","market_class":"proven_market_no_pv","opportunity_score":66.9,"province":"QC","households":3812},"geometry":{"type":"Point","coordinates":[-73.64553815939007,45.50013544440562]}},{"type":"Feature","properties":{"h3_id":"882703c89dfffff","market_class":"true_whitespace","opportunity_score":90.5,"province":"MB","households":2976},"geometry":{"type":"Point","coordinates":[-96.51220531370296,50.06284329895003]}},{"type":"Feature","properties":{"h3_id":"8812c1cc9bfffff","market_class":"true_whitespace","opportunity_score":87.5,"province":"AB","households":4048},"geometry":{"type":"Point","coordinates":[-115.56815465896278,51.176587450436564]}},{"type":"Feature","properties":{"h3_id":"8813867047fffff","market_class":"true_whitespace","opportunity_score":95.5,"province":"YT","households":2892},"geometry":{"type":"Point","coordinates":[-135.09334664669524,60.73368265273828]}},{"type":"Feature","properties":{"h3_id":"882baa441bfffff","market_class":"proven_market_no_pv","opportunity_score":66.5,"province":"QC","households":4031},"geometry":{"type":"Point","coordinates":[-73.57914264433626,45.50150963514149]}},{"type":"Feature","properties":{"h3_id":"882baa44a5fffff","market_class":"proven_market_no_pv","opportunity_score":69.5,"province":"QC","households":3696},"geometry":{"type":"Point","coordinates":[-73.63493835419202,45.46695915991377]}},{"type":"Feature","properties":{"h3_id":"882b850d31fffff","market_class":"true_whitespace","opportunity_score":90.7,"province":"QC","households":3239},"geometry":{"type":"Point","coordinates":[-74.21082767058405,46.33110497444069]}},{"type":"Feature","properties":{"h3_id":"882baa44ebfffff","market_class":"proven_market_no_pv","opportunity_score":65.9,"province":"QC","households":3151},"geometry":{"type":"Point","coordinates":[-73.59510870261806,45.48169963572094]}},{"type":"Feature","properties":{"h3_id":"882711570bfffff","market_class":"true_whitespace","opportunity_score":93.1,"province":"MB","households":3061},"geometry":{"type":"Point","coordinates":[-99.4619540230958,50.231422087066456]}},{"type":"Feature","properties":{"h3_id":"882702294bfffff","market_class":"true_whitespace","opportunity_score":88.7,"province":"MB","households":2732},"geometry":{"type":"Point","coordinates":[-97.32197242839428,50.139437751934615]}},{"type":"Feature","properties":{"h3_id":"88124db935fffff","market_class":"true_whitespace","opportunity_score":94.9,"province":"MB","households":3311},"geometry":{"type":"Point","coordinates":[-101.25586516345582,53.82562260751942]}},{"type":"Feature","properties":{"h3_id":"882baa4413fffff","market_class":"proven_market_no_pv","opportunity_score":67.5,"province":"QC","households":3560},"geometry":{"type":"Point","coordinates":[-73.58844776475719,45.49575243999439]}},{"type":"Feature","properties":{"h3_id":"882b85ac51fffff","market_class":"true_whitespace","opportunity_score":88.4,"province":"QC","households":3040},"geometry":{"type":"Point","coordinates":[-73.47925076388476,46.209976131707116]}},{"type":"Feature","properties":{"h3_id":"8812e105e3fffff","market_class":"true_whitespace","opportunity_score":87.9,"province":"AB","households":2744},"geometry":{"type":"Point","coordinates":[-114.1894624277798,53.705663074934]}},{"type":"Feature","properties":{"h3_id":"882baa45ddfffff","market_class":"proven_market_no_pv","opportunity_score":68.2,"province":"QC","households":3259},"geometry":{"type":"Point","coordinates":[-73.64288672092701,45.49184047478112]}},{"type":"Feature","properties":{"h3_id":"882baa7165fffff","market_class":"proven_market_no_pv","opportunity_score":66.9,"province":"QC","households":3361},"geometry":{"type":"Point","coordinates":[-73.60049596383662,45.428723852181285]}},{"type":"Feature","properties":{"h3_id":"882baa84edfffff","market_class":"true_whitespace","opportunity_score":89.8,"province":"QC","households":3158},"geometry":{"type":"Point","coordinates":[-72.56547849253633,45.64573967712112]}},{"type":"Feature","properties":{"h3_id":"882b852181fffff","market_class":"true_whitespace","opportunity_score":88.0,"province":"QC","households":3051},"geometry":{"type":"Point","coordinates":[-73.92748884199489,46.02415640921581]}},{"type":"Feature","properties":{"h3_id":"882baa4433fffff","market_class":"proven_market_no_pv","opportunity_score":69.1,"province":"QC","households":3557},"geometry":{"type":"Point","coordinates":[-73.62164141437268,45.49506742393988]}},{"type":"Feature","properties":{"h3_id":"8812e41a83fffff","market_class":"true_whitespace","opportunity_score":94.2,"province":"AB","households":2719},"geometry":{"type":"Point","coordinates":[-116.49247287198129,55.432765843688294]}},{"type":"Feature","properties":{"h3_id":"8812c21aadfffff","market_class":"true_whitespace","opportunity_score":93.3,"province":"BC","households":2510},"geometry":{"type":"Point","coordinates":[-118.19911540140222,51.00186791940247]}},{"type":"Feature","properties":{"h3_id":"882baa472bfffff","market_class":"proven_market_no_pv","opportunity_score":66.4,"province":"QC","households":3225},"geometry":{"type":"Point","coordinates":[-73.64816240874377,45.57805077969617]}},{"type":"Feature","properties":{"h3_id":"882bac0db1fffff","market_class":"true_whitespace","opportunity_score":89.4,"province":"QC","households":2738},"geometry":{"type":"Point","coordinates":[-70.88127394128333,46.30839826048956]}},{"type":"Feature","properties":{"h3_id":"882baa4533fffff","market_class":"proven_market_no_pv","opportunity_score":67.2,"province":"QC","households":2225},"geometry":{"type":"Point","coordinates":[-73.70530571150911,45.5127851431814]}},{"type":"Feature","properties":{"h3_id":"882b9d5591fffff","market_class":"true_whitespace","opportunity_score":88.1,"province":"ON","households":2561},"geometry":{"type":"Point","coordinates":[-77.49815561256847,44.50094257564288]}},{"type":"Feature","properties":{"h3_id":"882baa4435fffff","market_class":"proven_market_no_pv","opportunity_score":66.9,"province":"QC","households":3245},"geometry":{"type":"Point","coordinates":[-73.63623908387164,45.50589762230146]}},{"type":"Feature","properties":{"h3_id":"882baa4591fffff","market_class":"proven_market_no_pv","opportunity_score":70.4,"province":"QC","households":2899},"geometry":{"type":"Point","coordinates":[-73.65616953113651,45.46373034759971]}},{"type":"Feature","properties":{"h3_id":"882baa473dfffff","market_class":"proven_market_no_pv","opportunity_score":66.6,"province":"QC","households":3045},"geometry":{"type":"Point","coordinates":[-73.64550583632995,45.56974975816684]}},{"type":"Feature","properties":{"h3_id":"8812c89855fffff","market_class":"true_whitespace","opportunity_score":92.3,"province":"AB","households":2532},"geometry":{"type":"Point","coordinates":[-113.58279095646252,50.02596360466384]}},{"type":"Feature","properties":{"h3_id":"882b984299fffff","market_class":"true_whitespace","opportunity_score":87.6,"province":"ON","households":2296},"geometry":{"type":"Point","coordinates":[-79.15769955256998,44.42179762128364]}},{"type":"Feature","properties":{"h3_id":"882b054969fffff","market_class":"true_whitespace","opportunity_score":88.9,"province":"PE","households":2295},"geometry":{"type":"Point","coordinates":[-63.34502419944172,46.409237238195324]}},{"type":"Feature","properties":{"h3_id":"882baa44edfffff","market_class":"proven_market_no_pv","opportunity_score":69.3,"province":"QC","households":3136},"geometry":{"type":"Point","coordinates":[-73.60969524690294,45.492531671054294]}},{"type":"Feature","properties":{"h3_id":"882babd9c1fffff","market_class":"true_whitespace","opportunity_score":90.2,"province":"QC","households":2619},"geometry":{"type":"Point","coordinates":[-72.60749859266568,45.11185702895391]}},{"type":"Feature","properties":{"h3_id":"882baa4723fffff","market_class":"proven_market_no_pv","opportunity_score":67.5,"province":"QC","households":2878},"geometry":{"type":"Point","coordinates":[-73.65747509534964,45.57228399275216]}},{"type":"Feature","properties":{"h3_id":"882baa45d1fffff","market_class":"proven_market_no_pv","opportunity_score":68.3,"province":"QC","households":2325},"geometry":{"type":"Point","coordinates":[-73.64023627426961,45.483546103933215]}},{"type":"Feature","properties":{"h3_id":"882b9850e7fffff","market_class":"true_whitespace","opportunity_score":88.9,"province":"ON","households":2238},"geometry":{"type":"Point","coordinates":[-79.17925841246758,44.545082199649954]}},{"type":"Feature","properties":{"h3_id":"8827034815fffff","market_class":"true_whitespace","opportunity_score":85.7,"province":"MB","households":1805},"geometry":{"type":"Point","coordinates":[-96.87469895478874,49.740486836082695]}},{"type":"Feature","properties":{"h3_id":"882bacda65fffff","market_class":"true_whitespace","opportunity_score":88.4,"province":"QC","households":2090},"geometry":{"type":"Point","coordinates":[-70.85278059653393,47.11710446307061]}},{"type":"Feature","properties":{"h3_id":"8812492e81fffff","market_class":"true_whitespace","opportunity_score":94.5,"province":"MB","households":2635},"geometry":{"type":"Point","coordinates":[-101.26236706092479,52.10084240446881]}},{"type":"Feature","properties":{"h3_id":"88120105e9fffff","market_class":"true_whitespace","opportunity_score":94.8,"province":"AB","households":2334},"geometry":{"type":"Point","coordinates":[-117.15339122153532,58.511125617631286]}},{"type":"Feature","properties":{"h3_id":"882b834137fffff","market_class":"true_whitespace","opportunity_score":91.4,"province":"ON","households":2230},"geometry":{"type":"Point","coordinates":[-77.098081625673,45.5290231676494]}},{"type":"Feature","properties":{"h3_id":"8812c855a1fffff","market_class":"true_whitespace","opportunity_score":93.6,"province":"AB","households":2463},"geometry":{"type":"Point","coordinates":[-113.94928187538483,49.48968318133307]}},{"type":"Feature","properties":{"h3_id":"8812ab558bfffff","market_class":"true_whitespace","opportunity_score":93.6,"province":"BC","households":2173},"geometry":{"type":"Point","coordinates":[-124.00956030653477,54.01320303492855]}},{"type":"Feature","properties":{"h3_id":"882b9a6715fffff","market_class":"true_whitespace","opportunity_score":88.2,"province":"ON","households":1971},"geometry":{"type":"Point","coordinates":[-80.54008003061287,43.848758093872355]}},{"type":"Feature","properties":{"h3_id":"882713ccbdfffff","market_class":"true_whitespace","opportunity_score":92.6,"province":"MB","households":2095},"geometry":{"type":"Point","coordinates":[-100.92727627263767,49.8533317673291]}},{"type":"Feature","properties":{"h3_id":"882bb31283fffff","market_class":"true_whitespace","opportunity_score":93.4,"province":"QC","households":2520},"geometry":{"type":"Point","coordinates":[-77.35176214892968,48.40494448160051]}},{"type":"Feature","properties":{"h3_id":"8812151055fffff","market_class":"true_whitespace","opportunity_score":94.8,"province":"BC","households":1908},"geometry":{"type":"Point","coordinates":[-122.6988753472263,58.803286934216345]}},{"type":"Feature","properties":{"h3_id":"882b05124dfffff","market_class":"true_whitespace","opportunity_score":90.7,"province":"PE","households":2350},"geometry":{"type":"Point","coordinates":[-62.248525705368166,46.349458475859684]}},{"type":"Feature","properties":{"h3_id":"8812c8295bfffff","market_class":"true_whitespace","opportunity_score":93.6,"province":"AB","households":2370},"geometry":{"type":"Point","coordinates":[-113.29272657254779,49.197317861848425]}},{"type":"Feature","properties":{"h3_id":"88124ab5c7fffff","market_class":"true_whitespace","opportunity_score":89.0,"province":"SK","households":2414},"geometry":{"type":"Point","coordinates":[-104.0453734438939,52.84558243638899]}},{"type":"Feature","properties":{"h3_id":"882ba134b1fffff","market_class":"true_whitespace","opportunity_score":83.4,"province":"QC","households":1887},"geometry":{"type":"Point","coordinates":[-71.13585510408647,46.977152670999]}},{"type":"Feature","properties":{"h3_id":"882baaa595fffff","market_class":"true_whitespace","opportunity_score":88.1,"province":"QC","households":2234},"geometry":{"type":"Point","coordinates":[-72.50492142112911,45.212860469274574]}},{"type":"Feature","properties":{"h3_id":"882baa456bfffff","market_class":"proven_market_no_pv","opportunity_score":67.2,"province":"QC","households":2666},"geometry":{"type":"Point","coordinates":[-73.69736701613336,45.55751039289927]}},{"type":"Feature","properties":{"h3_id":"881252c741fffff","market_class":"true_whitespace","opportunity_score":93.9,"province":"AB","households":2046},"geometry":{"type":"Point","coordinates":[-113.2901272673966,54.7206213598593]}},{"type":"Feature","properties":{"h3_id":"882baa4ec5fffff","market_class":"proven_market_no_pv","opportunity_score":68.1,"province":"QC","households":2589},"geometry":{"type":"Point","coordinates":[-73.7531461258866,45.52288393803666]}},{"type":"Feature","properties":{"h3_id":"882b80b2bdfffff","market_class":"true_whitespace","opportunity_score":90.9,"province":"QC","households":2464},"geometry":{"type":"Point","coordinates":[-74.87937560389754,46.41892206511245]}},{"type":"Feature","properties":{"h3_id":"8812c88da7fffff","market_class":"true_whitespace","opportunity_score":89.3,"province":"AB","households":2206},"geometry":{"type":"Point","coordinates":[-113.40417214209106,49.72262090352386]}},{"type":"Feature","properties":{"h3_id":"88271c5635fffff","market_class":"true_whitespace","opportunity_score":89.5,"province":"MB","households":1964},"geometry":{"type":"Point","coordinates":[-98.00945032156928,49.51301105722653]}},{"type":"Feature","properties":{"h3_id":"8812ee08d9fffff","market_class":"true_whitespace","opportunity_score":89.5,"province":"AB","households":2061},"geometry":{"type":"Point","coordinates":[-114.24224108223042,52.64324209363931]}},{"type":"Feature","properties":{"h3_id":"88121b10a3fffff","market_class":"true_whitespace","opportunity_score":89.6,"province":"AB","households":2040},"geometry":{"type":"Point","coordinates":[-119.43717776272753,55.21134144488309]}},{"type":"Feature","properties":{"h3_id":"880d61876bfffff","market_class":"true_whitespace","opportunity_score":95.1,"province":"NT_NU","households":1823},"geometry":{"type":"Point","coordinates":[-133.73050773965556,68.35595179266852]}},{"type":"Feature","properties":{"h3_id":"882b9bd5b3fffff","market_class":"proven_market_no_pv","opportunity_score":67.1,"province":"ON","households":2464},"geometry":{"type":"Point","coordinates":[-79.34236127977658,43.69892268462843]}},{"type":"Feature","properties":{"h3_id":"882baa7a57fffff","market_class":"proven_market_no_pv","opportunity_score":67.1,"province":"QC","households":2371},"geometry":{"type":"Point","coordinates":[-73.63099497247235,45.41974538006356]}},{"type":"Feature","properties":{"h3_id":"882baa4523fffff","market_class":"proven_market_no_pv","opportunity_score":66.1,"province":"QC","households":2550},"geometry":{"type":"Point","coordinates":[-73.72259828266962,45.53190283141636]}},{"type":"Feature","properties":{"h3_id":"882baa459dfffff","market_class":"proven_market_no_pv","opportunity_score":70.3,"province":"QC","households":2190},"geometry":{"type":"Point","coordinates":[-73.65882179573073,45.472022843278125]}},{"type":"Feature","properties":{"h3_id":"882b98cdd1fffff","market_class":"true_whitespace","opportunity_score":90.8,"province":"ON","households":1918},"geometry":{"type":"Point","coordinates":[-78.97669065331117,44.56466478277209]}},{"type":"Feature","properties":{"h3_id":"88270c98b7fffff","market_class":"true_whitespace","opportunity_score":94.2,"province":"ON","households":1819},"geometry":{"type":"Point","coordinates":[-92.84007325769815,49.78393170985343]}},{"type":"Feature","properties":{"h3_id":"882bac0623fffff","market_class":"true_whitespace","opportunity_score":93.0,"province":"QC","households":2214},"geometry":{"type":"Point","coordinates":[-70.52152741639632,46.396092757889804]}},{"type":"Feature","properties":{"h3_id":"882baa7a55fffff","market_class":"proven_market_no_pv","opportunity_score":67.4,"province":"QC","households":2385},"geometry":{"type":"Point","coordinates":[-73.63363989462681,45.428034911893064]}},{"type":"Feature","properties":{"h3_id":"8812ce0083fffff","market_class":"true_whitespace","opportunity_score":94.2,"province":"BC","households":1656},"geometry":{"type":"Point","coordinates":[-114.92328121567382,49.99782010404577]}},{"type":"Feature","properties":{"h3_id":"882b1d8047fffff","market_class":"true_whitespace","opportunity_score":88.9,"province":"NS","households":2293},"geometry":{"type":"Point","coordinates":[-65.49775638017448,44.74078052304341]}},{"type":"Feature","properties":{"h3_id":"882baa4593fffff","market_class":"proven_market_no_pv","opportunity_score":66.4,"province":"QC","households":1639},"geometry":{"type":"Point","coordinates":[-73.65351825798018,45.455438451468595]}},{"type":"Feature","properties":{"h3_id":"8812e6869dfffff","market_class":"true_whitespace","opportunity_score":93.6,"province":"AB","households":1972},"geometry":{"type":"Point","coordinates":[-117.27867642550973,55.06628810275741]}},{"type":"Feature","properties":{"h3_id":"882b9854d3fffff","market_class":"true_whitespace","opportunity_score":88.0,"province":"ON","households":1735},"geometry":{"type":"Point","coordinates":[-78.98213324211991,44.400712710347456]}},{"type":"Feature","properties":{"h3_id":"8812504ebbfffff","market_class":"true_whitespace","opportunity_score":93.9,"province":"AB","households":1972},"geometry":{"type":"Point","coordinates":[-111.9772298862429,54.76502384330753]}},{"type":"Feature","properties":{"h3_id":"882baa7593fffff","market_class":"true_whitespace","opportunity_score":87.2,"province":"QC","households":1955},"geometry":{"type":"Point","coordinates":[-73.41362189493948,45.18795399284008]}},{"type":"Feature","properties":{"h3_id":"882baa459bfffff","market_class":"proven_market_no_pv","opportunity_score":69.1,"province":"QC","households":2070},"geometry":{"type":"Point","coordinates":[-73.64422947226704,45.46119904763444]}},{"type":"Feature","properties":{"h3_id":"882baa4535fffff","market_class":"proven_market_no_pv","opportunity_score":67.7,"province":"QC","households":1905},"geometry":{"type":"Point","coordinates":[-73.71993045201067,45.52360691266526]}},{"type":"Feature","properties":{"h3_id":"882b128a3dfffff","market_class":"true_whitespace","opportunity_score":88.5,"province":"QC","households":1937},"geometry":{"type":"Point","coordinates":[-69.48180563791557,47.76077749684177]}},{"type":"Feature","properties":{"h3_id":"882b91711bfffff","market_class":"true_whitespace","opportunity_score":88.4,"province":"ON","households":1823},"geometry":{"type":"Point","coordinates":[-79.35351514701622,46.08171641378188]}},{"type":"Feature","properties":{"h3_id":"882baa45d3fffff","market_class":"proven_market_no_pv","opportunity_score":67.0,"province":"QC","households":1831},"geometry":{"type":"Point","coordinates":[-73.63758681887285,45.4752523321986]}},{"type":"Feature","properties":{"h3_id":"882bac56a9fffff","market_class":"true_whitespace","opportunity_score":87.9,"province":"QC","households":1951},"geometry":{"type":"Point","coordinates":[-70.96426048215415,46.62817279313432]}},{"type":"Feature","properties":{"h3_id":"881219c647fffff","market_class":"true_whitespace","opportunity_score":92.4,"province":"AB","households":1942},"geometry":{"type":"Point","coordinates":[-118.38979890592373,56.06289108064542]}},{"type":"Feature","properties":{"h3_id":"882baa458bfffff","market_class":"proven_market_no_pv","opportunity_score":71.9,"province":"QC","households":2227},"geometry":{"type":"Point","coordinates":[-73.66147505230768,45.480315938167415]}},{"type":"Feature","properties":{"h3_id":"882baa7a5bfffff","market_class":"proven_market_no_pv","opportunity_score":68.8,"province":"QC","households":2186},"geometry":{"type":"Point","coordinates":[-73.60978331605303,45.42296853449942]}},{"type":"Feature","properties":{"h3_id":"882b127253fffff","market_class":"true_whitespace","opportunity_score":94.0,"province":"QC","households":2194},"geometry":{"type":"Point","coordinates":[-70.05383381441145,47.35612729745423]}},{"type":"Feature","properties":{"h3_id":"8828ddc507fffff","market_class":"true_whitespace","opportunity_score":94.0,"province":"BC","households":1873},"geometry":{"type":"Point","coordinates":[-125.35926616114999,49.0187954313667]}},{"type":"Feature","properties":{"h3_id":"8812abd185fffff","market_class":"true_whitespace","opportunity_score":94.0,"province":"BC","households":1827},"geometry":{"type":"Point","coordinates":[-124.25002297353737,54.44167539019746]}},{"type":"Feature","properties":{"h3_id":"882baa4597fffff","market_class":"proven_market_no_pv","opportunity_score":68.3,"province":"QC","households":1970},"geometry":{"type":"Point","coordinates":[-73.66545738772378,45.457968629665]}},{"type":"Feature","properties":{"h3_id":"88276c5ac3fffff","market_class":"true_whitespace","opportunity_score":91.2,"province":"ON","households":2002},"geometry":{"type":"Point","coordinates":[-82.8981608057728,46.18512396189527]}},{"type":"Feature","properties":{"h3_id":"881b99184dfffff","market_class":"true_whitespace","opportunity_score":92.3,"province":"NL","households":2099},"geometry":{"type":"Point","coordinates":[-55.05638513867966,49.244835040573065]}},{"type":"Feature","properties":{"h3_id":"882b8532a3fffff","market_class":"true_whitespace","opportunity_score":88.0,"province":"QC","households":1948},"geometry":{"type":"Point","coordinates":[-73.69510881596905,46.177643533685554]}},{"type":"Feature","properties":{"h3_id":"8812f13701fffff","market_class":"true_whitespace","opportunity_score":92.9,"province":"AB","households":1943},"geometry":{"type":"Point","coordinates":[-118.07619609219327,52.87504771177722]}},{"type":"Feature","properties":{"h3_id":"882baa4595fffff","market_class":"proven_market_no_pv","opportunity_score":70.5,"province":"QC","households":1659},"geometry":{"type":"Point","coordinates":[-73.66811105552416,45.466260486852285]}},{"type":"Feature","properties":{"h3_id":"882b9d0b53fffff","market_class":"true_whitespace","opportunity_score":88.3,"province":"ON","households":1875},"geometry":{"type":"Point","coordinates":[-77.31441550425791,44.48329647066313]}},{"type":"Feature","properties":{"h3_id":"882b852a3dfffff","market_class":"true_whitespace","opportunity_score":88.3,"province":"QC","households":1852},"geometry":{"type":"Point","coordinates":[-74.0503500314721,46.088423732830215]}},{"type":"Feature","properties":{"h3_id":"882baa456dfffff","market_class":"proven_market_no_pv","opportunity_score":65.8,"province":"QC","households":2097},"geometry":{"type":"Point","coordinates":[-73.71200442777986,45.56833790062439]}},{"type":"Feature","properties":{"h3_id":"882bae083dfffff","market_class":"true_whitespace","opportunity_score":80.8,"province":"QC","households":1638},"geometry":{"type":"Point","coordinates":[-72.590476587582,46.48694958382914]}},{"type":"Feature","properties":{"h3_id":"882b9c8c15fffff","market_class":"true_whitespace","opportunity_score":92.7,"province":"ON","households":1779},"geometry":{"type":"Point","coordinates":[-77.67917950756608,45.48661411111189]}},{"type":"Feature","properties":{"h3_id":"882baa4ed9fffff","market_class":"proven_market_no_pv","opportunity_score":65.2,"province":"QC","households":1492},"geometry":{"type":"Point","coordinates":[-73.71459778517972,45.50701686461083]}},{"type":"Feature","properties":{"h3_id":"882baa5713fffff","market_class":"proven_market_no_pv","opportunity_score":67.2,"province":"QC","households":1845},"geometry":{"type":"Point","coordinates":[-73.49475554469167,45.69263609434148]}},{"type":"Feature","properties":{"h3_id":"882baa5517fffff","market_class":"proven_market_no_pv","opportunity_score":66.7,"province":"QC","households":1622},"geometry":{"type":"Point","coordinates":[-73.57218013458427,45.65485353684671]}},{"type":"Feature","properties":{"h3_id":"882b81cdddfffff","market_class":"true_whitespace","opportunity_score":89.8,"province":"QC","households":1905},"geometry":{"type":"Point","coordinates":[-75.05426515214423,45.726910276654074]}},{"type":"Feature","properties":{"h3_id":"882bb37a23fffff","market_class":"true_whitespace","opportunity_score":88.3,"province":"QC","households":1895},"geometry":{"type":"Point","coordinates":[-78.11723650566961,48.142728995316695]}},{"type":"Feature","properties":{"h3_id":"8827115841fffff","market_class":"true_whitespace","opportunity_score":90.3,"province":"MB","households":1769},"geometry":{"type":"Point","coordinates":[-99.84657301987615,50.24193650790865]}},{"type":"Feature","properties":{"h3_id":"882ba80c09fffff","market_class":"true_whitespace","opportunity_score":87.0,"province":"QC","households":1852},"geometry":{"type":"Point","coordinates":[-71.6246316665132,45.41635090297476]}},{"type":"Feature","properties":{"h3_id":"8812e22139fffff","market_class":"true_whitespace","opportunity_score":91.2,"province":"AB","households":1749},"geometry":{"type":"Point","coordinates":[-116.96615203059775,53.34634594426932]}},{"type":"Feature","properties":{"h3_id":"882b1675c9fffff","market_class":"true_whitespace","opportunity_score":93.8,"province":"QC","households":2002},"geometry":{"type":"Point","coordinates":[-69.18292081519544,48.12959214187036]}},{"type":"Feature","properties":{"h3_id":"882bac5159fffff","market_class":"proven_market_no_pv","opportunity_score":75.4,"province":"QC","households":1957},"geometry":{"type":"Point","coordinates":[-71.18125560721737,46.805617231956994]}},{"type":"Feature","properties":{"h3_id":"8812c9da17fffff","market_class":"true_whitespace","opportunity_score":88.0,"province":"AB","households":1834},"geometry":{"type":"Point","coordinates":[-112.65133952875374,49.46968249089154]}},{"type":"Feature","properties":{"h3_id":"8812f50d29fffff","market_class":"true_whitespace","opportunity_score":93.6,"province":"AB","households":1640},"geometry":{"type":"Point","coordinates":[-119.11683535021113,53.88862467685341]}},{"type":"Feature","properties":{"h3_id":"882ba8d4c3fffff","market_class":"true_whitespace","opportunity_score":91.6,"province":"QC","households":1989},"geometry":{"type":"Point","coordinates":[-71.3583703736857,45.9095451742581]}},{"type":"Feature","properties":{"h3_id":"8812ad6815fffff","market_class":"true_whitespace","opportunity_score":93.8,"province":"BC","households":1625},"geometry":{"type":"Point","coordinates":[-123.09455049060782,55.33449435629301]}},{"type":"Feature","properties":{"h3_id":"882baa4e1bfffff","market_class":"proven_market_no_pv","opportunity_score":67.0,"province":"QC","households":1833},"geometry":{"type":"Point","coordinates":[-73.74652809882987,45.53695205615138]}},{"type":"Feature","properties":{"h3_id":"882b9ac53dfffff","market_class":"true_whitespace","opportunity_score":81.9,"province":"ON","households":1338},"geometry":{"type":"Point","coordinates":[-80.40825878819025,44.504883463329826]}},{"type":"Feature","properties":{"h3_id":"882baa44e1fffff","market_class":"proven_market_no_pv","opportunity_score":66.1,"province":"QC","households":1214},"geometry":{"type":"Point","coordinates":[-73.60705100189939,45.4842365868568]}},{"type":"Feature","properties":{"h3_id":"882baa4439fffff","market_class":"proven_market_no_pv","opportunity_score":65.8,"province":"QC","households":1905},"geometry":{"type":"Point","coordinates":[-73.61498670634184,45.50912363702127]}},{"type":"Feature","properties":{"h3_id":"882703d63bfffff","market_class":"true_whitespace","opportunity_score":91.8,"province":"MB","households":1549},"geometry":{"type":"Point","coordinates":[-96.06191216139125,50.25795852444375]}},{"type":"Feature","properties":{"h3_id":"88271ecda5fffff","market_class":"true_whitespace","opportunity_score":93.2,"province":"MB","households":1598},"geometry":{"type":"Point","coordinates":[-99.65846848835757,49.1806623504179]}},{"type":"Feature","properties":{"h3_id":"882bac1987fffff","market_class":"true_whitespace","opportunity_score":89.0,"province":"QC","households":1751},"geometry":{"type":"Point","coordinates":[-70.86566381658103,46.59695662599223]}},{"type":"Feature","properties":{"h3_id":"882b911625fffff","market_class":"true_whitespace","opportunity_score":91.6,"province":"ON","households":1782},"geometry":{"type":"Point","coordinates":[-78.71757706265173,46.30797559372826]}},{"type":"Feature","properties":{"h3_id":"882bac31c9fffff","market_class":"true_whitespace","opportunity_score":92.5,"province":"QC","households":1738},"geometry":{"type":"Point","coordinates":[-70.48737796193616,46.21399466438274]}},{"type":"Feature","properties":{"h3_id":"882b337029fffff","market_class":"true_whitespace","opportunity_score":93.3,"province":"QC","households":1817},"geometry":{"type":"Point","coordinates":[-65.84633934908932,48.17489646489712]}},{"type":"Feature","properties":{"h3_id":"882baa4eddfffff","market_class":"proven_market_no_pv","opportunity_score":66.9,"province":"QC","households":1388},"geometry":{"type":"Point","coordinates":[-73.72655475696756,45.50954218900518]}},{"type":"Feature","properties":{"h3_id":"88276659c7fffff","market_class":"true_whitespace","opportunity_score":93.3,"province":"ON","households":1594},"geometry":{"type":"Point","coordinates":[-86.38487610495882,48.71764886518775]}},{"type":"Feature","properties":{"h3_id":"8812e18813fffff","market_class":"true_whitespace","opportunity_score":92.4,"province":"AB","households":1524},"geometry":{"type":"Point","coordinates":[-114.4082833248703,54.119070785628494]}},{"type":"Feature","properties":{"h3_id":"882baa4537fffff","market_class":"proven_market_no_pv","opportunity_score":65.1,"province":"QC","households":1304},"geometry":{"type":"Point","coordinates":[-73.71726361969695,45.51531159028408]}},{"type":"Feature","properties":{"h3_id":"882b9a6eb7fffff","market_class":"true_whitespace","opportunity_score":87.5,"province":"ON","households":1327},"geometry":{"type":"Point","coordinates":[-80.68067366862572,43.751498291448]}},{"type":"Feature","properties":{"h3_id":"8828d1ae1dfffff","market_class":"proven_market_no_pv","opportunity_score":72.0,"province":"BC","households":1415},"geometry":{"type":"Point","coordinates":[-123.51677418353508,48.466010308138266]}},{"type":"Feature","properties":{"h3_id":"882ba86113fffff","market_class":"true_whitespace","opportunity_score":83.4,"province":"QC","households":1372},"geometry":{"type":"Point","coordinates":[-72.045734927926,45.26424098736567]}},{"type":"Feature","properties":{"h3_id":"882baa44b7fffff","market_class":"proven_market_no_pv","opportunity_score":66.6,"province":"QC","households":1729},"geometry":{"type":"Point","coordinates":[-73.61506655982713,45.43954954878868]}},{"type":"Feature","properties":{"h3_id":"882763ba8dfffff","market_class":"true_whitespace","opportunity_score":89.3,"province":"ON","households":1482},"geometry":{"type":"Point","coordinates":[-84.38003913417944,46.71810392369273]}},{"type":"Feature","properties":{"h3_id":"880ee1653dfffff","market_class":"true_whitespace","opportunity_score":94.3,"province":"QC","households":1443},"geometry":{"type":"Point","coordinates":[-78.88836943348657,53.78457676994489]}},{"type":"Feature","properties":{"h3_id":"882b9ed407fffff","market_class":"true_whitespace","opportunity_score":91.8,"province":"ON","households":1642},"geometry":{"type":"Point","coordinates":[-79.5898337424887,45.648679649048084]}},{"type":"Feature","properties":{"h3_id":"882b9a6169fffff","market_class":"true_whitespace","opportunity_score":89.9,"province":"ON","households":1443},"geometry":{"type":"Point","coordinates":[-80.75179833207223,43.96919894261778]}},{"type":"Feature","properties":{"h3_id":"8812ea69bbfffff","market_class":"proven_market_no_pv","opportunity_score":67.4,"province":"AB","households":1446},"geometry":{"type":"Point","coordinates":[-114.24238510281545,51.13537140893697]}},{"type":"Feature","properties":{"h3_id":"8827b072a1fffff","market_class":"true_whitespace","opportunity_score":92.8,"province":"SK","households":1618},"geometry":{"type":"Point","coordinates":[-109.48356020579503,49.90527800466774]}},{"type":"Feature","properties":{"h3_id":"882b126049fffff","market_class":"true_whitespace","opportunity_score":93.4,"province":"QC","households":1768},"geometry":{"type":"Point","coordinates":[-70.25973917855866,47.214428884579675]}},{"type":"Feature","properties":{"h3_id":"882baa44e9fffff","market_class":"proven_market_no_pv","opportunity_score":65.9,"province":"QC","households":1263},"geometry":{"type":"Point","coordinates":[-73.59775055048215,45.48999475701341]}},{"type":"Feature","properties":{"h3_id":"882ab6a1b3fffff","market_class":"true_whitespace","opportunity_score":86.5,"province":"ON","households":1443},"geometry":{"type":"Point","coordinates":[-81.8803858471066,42.94855657054283]}},{"type":"Feature","properties":{"h3_id":"88270d12a3fffff","market_class":"true_whitespace","opportunity_score":93.6,"province":"ON","households":1568},"geometry":{"type":"Point","coordinates":[-91.6253910035565,48.75980057237771]}},{"type":"Feature","properties":{"h3_id":"882b9d949dfffff","market_class":"true_whitespace","opportunity_score":89.4,"province":"ON","households":1476},"geometry":{"type":"Point","coordinates":[-76.40901954127756,44.68056807677832]}},{"type":"Feature","properties":{"h3_id":"8812ee9195fffff","market_class":"true_whitespace","opportunity_score":88.5,"province":"AB","households":1567},"geometry":{"type":"Point","coordinates":[-114.04603041588808,53.22787675749365]}},{"type":"Feature","properties":{"h3_id":"882ba87117fffff","market_class":"proven_market_no_pv","opportunity_score":72.2,"province":"QC","households":2034},"geometry":{"type":"Point","coordinates":[-71.94142103281074,45.4037217717557]}},{"type":"Feature","properties":{"h3_id":"882ab0536dfffff","market_class":"true_whitespace","opportunity_score":87.5,"province":"ON","households":1505},"geometry":{"type":"Point","coordinates":[-81.97402235422213,42.55415222174193]}},{"type":"Feature","properties":{"h3_id":"881b98a863fffff","market_class":"true_whitespace","opportunity_score":93.0,"province":"NL","households":1765},"geometry":{"type":"Point","coordinates":[-56.06968800938356,49.50393678740488]}},{"type":"Feature","properties":{"h3_id":"882b257083fffff","market_class":"true_whitespace","opportunity_score":93.5,"province":"NL","households":1723},"geometry":{"type":"Point","coordinates":[-59.14464442303044,47.57602072216081]}},{"type":"Feature","properties":{"h3_id":"882b8504dbfffff","market_class":"true_whitespace","opportunity_score":90.7,"province":"QC","households":1713},"geometry":{"type":"Point","coordinates":[-73.80735158546523,46.27892769462639]}},{"type":"Feature","properties":{"h3_id":"882ba86009fffff","market_class":"true_whitespace","opportunity_score":82.7,"province":"QC","households":1442},"geometry":{"type":"Point","coordinates":[-71.97263606431483,45.27861287957882]}},{"type":"Feature","properties":{"h3_id":"882b984619fffff","market_class":"true_whitespace","opportunity_score":87.6,"province":"ON","households":1387},"geometry":{"type":"Point","coordinates":[-79.0491379647427,44.35178494272788]}},{"type":"Feature","properties":{"h3_id":"88125b0dddfffff","market_class":"true_whitespace","opportunity_score":91.8,"province":"SK","households":1460},"geometry":{"type":"Point","coordinates":[-107.98968758231486,51.54821356206673]}},{"type":"Feature","properties":{"h3_id":"882ba87115fffff","market_class":"proven_market_no_pv","opportunity_score":71.0,"province":"QC","households":1808},"geometry":{"type":"Point","coordinates":[-71.94374649248988,45.412039901495966]}},{"type":"Feature","properties":{"h3_id":"882ba875e3fffff","market_class":"true_whitespace","opportunity_score":87.9,"province":"QC","households":1542},"geometry":{"type":"Point","coordinates":[-71.83146390438095,45.246167370290124]}},{"type":"Feature","properties":{"h3_id":"8827a57acbfffff","market_class":"true_whitespace","opportunity_score":90.4,"province":"SK","households":1503},"geometry":{"type":"Point","coordinates":[-103.79431603400486,50.773238528726715]}},{"type":"Feature","properties":{"h3_id":"88125ab825fffff","market_class":"true_whitespace","opportunity_score":92.8,"province":"SK","households":1493},"geometry":{"type":"Point","coordinates":[-109.16604501792823,52.442516795298694]}},{"type":"Feature","properties":{"h3_id":"8812eaae41fffff","market_class":"true_whitespace","opportunity_score":91.4,"province":"AB","households":1538},"geometry":{"type":"Point","coordinates":[-113.27078684424629,51.70191606482136]}},{"type":"Feature","properties":{"h3_id":"881241cca5fffff","market_class":"true_whitespace","opportunity_score":93.6,"province":"SK","households":1732},"geometry":{"type":"Point","coordinates":[-105.3012793981793,55.115334178176575]}},{"type":"Feature","properties":{"h3_id":"882baa41d5fffff","market_class":"proven_market_no_pv","opportunity_score":65.1,"province":"QC","households":1102},"geometry":{"type":"Point","coordinates":[-73.77330958560458,45.61994306892969]}},{"type":"Feature","properties":{"h3_id":"882b85b2dbfffff","market_class":"true_whitespace","opportunity_score":89.2,"province":"QC","households":1726},"geometry":{"type":"Point","coordinates":[-73.15249940938648,46.46808410683313]}},{"type":"Feature","properties":{"h3_id":"882ba871ddfffff","market_class":"proven_market_no_pv","opportunity_score":74.2,"province":"QC","households":1998},"geometry":{"type":"Point","coordinates":[-71.90138040046567,45.378969426159266]}},{"type":"Feature","properties":{"h3_id":"8812cc2269fffff","market_class":"true_whitespace","opportunity_score":91.8,"province":"AB","households":1571},"geometry":{"type":"Point","coordinates":[-113.26217318213779,50.40096522239003]}},{"type":"Feature","properties":{"h3_id":"8812e94b6dfffff","market_class":"true_whitespace","opportunity_score":91.8,"province":"AB","households":1501},"geometry":{"type":"Point","coordinates":[-111.91822445116593,51.642043938182645]}},{"type":"Feature","properties":{"h3_id":"882baa7a53fffff","market_class":"proven_market_no_pv","opportunity_score":67.0,"province":"QC","households":1650},"geometry":{"type":"Point","coordinates":[-73.6190683406899,45.41721273346929]}},{"type":"Feature","properties":{"h3_id":"88271c7697fffff","market_class":"true_whitespace","opportunity_score":88.3,"province":"MB","households":1439},"geometry":{"type":"Point","coordinates":[-97.56228251832621,49.10379736653]}},{"type":"Feature","properties":{"h3_id":"882b161657fffff","market_class":"proven_market_no_pv","opportunity_score":84.2,"province":"QC","households":1748},"geometry":{"type":"Point","coordinates":[-68.5272756717336,48.44172702105323]}},{"type":"Feature","properties":{"h3_id":"882baa4739fffff","market_class":"proven_market_no_pv","opportunity_score":65.3,"province":"QC","households":1879},"geometry":{"type":"Point","coordinates":[-73.6335380506546,45.56721435702494]}},{"type":"Feature","properties":{"h3_id":"882ba84db5fffff","market_class":"true_whitespace","opportunity_score":87.4,"province":"QC","households":1643},"geometry":{"type":"Point","coordinates":[-72.30812447118818,45.48702212437446]}},{"type":"Feature","properties":{"h3_id":"882baa51a9fffff","market_class":"proven_market_no_pv","opportunity_score":67.7,"province":"QC","households":1372},"geometry":{"type":"Point","coordinates":[-73.70685996596673,45.7608233482444]}},{"type":"Feature","properties":{"h3_id":"882b055547fffff","market_class":"true_whitespace","opportunity_score":86.7,"province":"PE","households":1370},"geometry":{"type":"Point","coordinates":[-62.8712038944911,46.36387957352939]}},{"type":"Feature","properties":{"h3_id":"882baa7a43fffff","market_class":"proven_market_no_pv","opportunity_score":64.9,"province":"QC","households":1698},"geometry":{"type":"Point","coordinates":[-73.63628580514053,45.43632504490048]}},{"type":"Feature","properties":{"h3_id":"882716354dfffff","market_class":"true_whitespace","opportunity_score":92.1,"province":"MB","households":1670},"geometry":{"type":"Point","coordinates":[-101.34567809224833,51.23422385353966]}},{"type":"Feature","properties":{"h3_id":"882bac502dfffff","market_class":"proven_market_no_pv","opportunity_score":74.2,"province":"QC","households":1629},"geometry":{"type":"Point","coordinates":[-71.17675463406637,46.788745031972326]}},{"type":"Feature","properties":{"h3_id":"882ab6b9d5fffff","market_class":"true_whitespace","opportunity_score":87.8,"province":"ON","households":1412},"geometry":{"type":"Point","coordinates":[-81.99036615315232,43.10256854075406]}},{"type":"Feature","properties":{"h3_id":"881aa06b25fffff","market_class":"true_whitespace","opportunity_score":87.9,"province":"NL","households":1429},"geometry":{"type":"Point","coordinates":[-53.148210416501655,47.375791311827356]}},{"type":"Feature","properties":{"h3_id":"882b161651fffff","market_class":"proven_market_no_pv","opportunity_score":83.1,"province":"QC","households":1715},"geometry":{"type":"Point","coordinates":[-68.51671505225845,48.4471491968495]}},{"type":"Feature","properties":{"h3_id":"8827a6ca59fffff","market_class":"true_whitespace","opportunity_score":92.3,"province":"SK","households":1374},"geometry":{"type":"Point","coordinates":[-107.05272489334891,51.48701360409387]}},{"type":"Feature","properties":{"h3_id":"882ba54251fffff","market_class":"true_whitespace","opportunity_score":88.5,"province":"QC","households":1403},"geometry":{"type":"Point","coordinates":[-71.11427654314124,48.62366482576726]}},{"type":"Feature","properties":{"h3_id":"882b12036bfffff","market_class":"true_whitespace","opportunity_score":93.0,"province":"QC","households":1611},"geometry":{"type":"Point","coordinates":[-69.80991117842228,47.53664135772868]}},{"type":"Feature","properties":{"h3_id":"882b916eb9fffff","market_class":"true_whitespace","opportunity_score":90.0,"province":"ON","households":1415},"geometry":{"type":"Point","coordinates":[-79.40634287703264,45.77141526474067]}},{"type":"Feature","properties":{"h3_id":"882b06a6e7fffff","market_class":"true_whitespace","opportunity_score":92.5,"province":"PE","households":1431},"geometry":{"type":"Point","coordinates":[-64.03480371350336,46.95441171218209]}},{"type":"Feature","properties":{"h3_id":"882baa45d5fffff","market_class":"proven_market_no_pv","opportunity_score":67.6,"province":"QC","households":1227},"geometry":{"type":"Point","coordinates":[-73.6521820541912,45.486078448880775]}},{"type":"Feature","properties":{"h3_id":"8812ce6c15fffff","market_class":"true_whitespace","opportunity_score":92.3,"province":"BC","households":1286},"geometry":{"type":"Point","coordinates":[-115.05816023407333,49.503782269503326]}},{"type":"Feature","properties":{"h3_id":"882bac4f27fffff","market_class":"true_whitespace","opportunity_score":87.0,"province":"QC","households":1456},"geometry":{"type":"Point","coordinates":[-71.44365649853185,46.558503384939335]}},{"type":"Feature","properties":{"h3_id":"882b831a2bfffff","market_class":"true_whitespace","opportunity_score":88.8,"province":"QC","households":1518},"geometry":{"type":"Point","coordinates":[-76.4833112484965,45.60072219680359]}},{"type":"Feature","properties":{"h3_id":"882702b903fffff","market_class":"true_whitespace","opportunity_score":90.5,"province":"MB","households":1424},"geometry":{"type":"Point","coordinates":[-96.99321482375474,50.636119267979566]}},{"type":"Feature","properties":{"h3_id":"882bae8893fffff","market_class":"true_whitespace","opportunity_score":87.8,"province":"QC","households":1543},"geometry":{"type":"Point","coordinates":[-72.05944285058254,46.69097784523555]}},{"type":"Feature","properties":{"h3_id":"882b8146b5fffff","market_class":"true_whitespace","opportunity_score":87.3,"province":"ON","households":1110},"geometry":{"type":"Point","coordinates":[-75.17823522843075,45.44376076848989]}},{"type":"Feature","properties":{"h3_id":"8827117ad7fffff","market_class":"true_whitespace","opportunity_score":89.0,"province":"MB","households":1347},"geometry":{"type":"Point","coordinates":[-99.35396644015233,49.8702368601875]}},{"type":"Feature","properties":{"h3_id":"882baa0b5bfffff","market_class":"proven_market_no_pv","opportunity_score":66.3,"province":"QC","households":1034},"geometry":{"type":"Point","coordinates":[-73.34885622155521,45.58393232171202]}},{"type":"Feature","properties":{"h3_id":"881aa47717fffff","market_class":"true_whitespace","opportunity_score":93.0,"province":"NL","households":1553},"geometry":{"type":"Point","coordinates":[-53.113292275792986,48.648019065549995]}},{"type":"Feature","properties":{"h3_id":"88125b880bfffff","market_class":"true_whitespace","opportunity_score":92.1,"province":"SK","households":1372},"geometry":{"type":"Point","coordinates":[-107.99309993075373,52.05639868670153]}},{"type":"Feature","properties":{"h3_id":"882baa44a7fffff","market_class":"proven_market_no_pv","opportunity_score":65.4,"province":"QC","households":1774},"geometry":{"type":"Point","coordinates":[-73.63229087968287,45.458666587415024]}},{"type":"Feature","properties":{"h3_id":"882baa7355fffff","market_class":"proven_market_no_pv","opportunity_score":65.9,"province":"QC","households":1060},"geometry":{"type":"Point","coordinates":[-73.48507500808925,45.450520096142775]}},{"type":"Feature","properties":{"h3_id":"882ab4a605fffff","market_class":"true_whitespace","opportunity_score":81.2,"province":"ON","households":1499},"geometry":{"type":"Point","coordinates":[-80.11345182842445,43.07526345464928]}},{"type":"Feature","properties":{"h3_id":"882b16cf1bfffff","market_class":"true_whitespace","opportunity_score":93.2,"province":"QC","households":1617},"geometry":{"type":"Point","coordinates":[-69.0844915020085,48.736553276915835]}},{"type":"Feature","properties":{"h3_id":"88276d0e15fffff","market_class":"true_whitespace","opportunity_score":86.7,"province":"ON","households":1383},"geometry":{"type":"Point","coordinates":[-81.25258791152832,44.99355770417382]}},{"type":"Feature","properties":{"h3_id":"88271ca765fffff","market_class":"true_whitespace","opportunity_score":86.3,"province":"MB","households":1260},"geometry":{"type":"Point","coordinates":[-96.85813678638267,49.40588317185906]}},{"type":"Feature","properties":{"h3_id":"882bacc897fffff","market_class":"true_whitespace","opportunity_score":86.2,"province":"QC","households":1175},"geometry":{"type":"Point","coordinates":[-70.99528607221376,46.83333001259743]}},{"type":"Feature","properties":{"h3_id":"882b8190bdfffff","market_class":"true_whitespace","opportunity_score":81.0,"province":"QC","households":1239},"geometry":{"type":"Point","coordinates":[-74.20760854563667,45.84957483553591]}},{"type":"Feature","properties":{"h3_id":"882b9d6495fffff","market_class":"true_whitespace","opportunity_score":86.3,"province":"ON","households":1341},"geometry":{"type":"Point","coordinates":[-77.36438065264291,43.95077525125518]}},{"type":"Feature","properties":{"h3_id":"8812e1b34dfffff","market_class":"true_whitespace","opportunity_score":90.2,"province":"AB","households":1396},"geometry":{"type":"Point","coordinates":[-113.86050470688906,54.155818645743786]}},{"type":"Feature","properties":{"h3_id":"88121a7593fffff","market_class":"true_whitespace","opportunity_score":92.4,"province":"BC","households":1212},"geometry":{"type":"Point","coordinates":[-121.00307170429343,55.124181700331945]}},{"type":"Feature","properties":{"h3_id":"8813528e99fffff","market_class":"proven_market_no_pv","opportunity_score":85.6,"province":"NT_NU","households":1166},"geometry":{"type":"Point","coordinates":[-114.37492902927788,62.44884034141476]}},{"type":"Feature","properties":{"h3_id":"882b126dc1fffff","market_class":"true_whitespace","opportunity_score":92.4,"province":"QC","households":1465},"geometry":{"type":"Point","coordinates":[-70.46588660730193,47.03307681587278]}},{"type":"Feature","properties":{"h3_id":"882ba8110bfffff","market_class":"true_whitespace","opportunity_score":89.5,"province":"QC","households":1614},"geometry":{"type":"Point","coordinates":[-71.46908294301693,45.700389915598755]}},{"type":"Feature","properties":{"h3_id":"882b946ab9fffff","market_class":"true_whitespace","opportunity_score":87.3,"province":"ON","households":1381},"geometry":{"type":"Point","coordinates":[-79.87868098336288,47.82050435104134]}},{"type":"Feature","properties":{"h3_id":"882bac20c9fffff","market_class":"true_whitespace","opportunity_score":91.9,"province":"QC","households":1483},"geometry":{"type":"Point","coordinates":[-70.52676274568175,46.05781852176751]}},{"type":"Feature","properties":{"h3_id":"882b9e29c5fffff","market_class":"true_whitespace","opportunity_score":82.4,"province":"ON","households":1271},"geometry":{"type":"Point","coordinates":[-79.73241220557136,44.80515269459152]}},{"type":"Feature","properties":{"h3_id":"882b9bcad9fffff","market_class":"proven_market_no_pv","opportunity_score":66.3,"province":"ON","households":1390},"geometry":{"type":"Point","coordinates":[-79.59783475493678,43.73250773431461]}},{"type":"Feature","properties":{"h3_id":"882bac5813fffff","market_class":"proven_market_no_pv","opportunity_score":69.2,"province":"QC","households":1090},"geometry":{"type":"Point","coordinates":[-71.36017761784885,46.75231040520726]}},{"type":"Feature","properties":{"h3_id":"882b00c139fffff","market_class":"true_whitespace","opportunity_score":91.2,"province":"PE","households":1409},"geometry":{"type":"Point","coordinates":[-64.23102171677772,46.703013484472805]}},{"type":"Feature","properties":{"h3_id":"882b9db117fffff","market_class":"true_whitespace","opportunity_score":86.8,"province":"ON","households":1067},"geometry":{"type":"Point","coordinates":[-76.49372462502308,44.469165875568734]}},{"type":"Feature","properties":{"h3_id":"8812ee6147fffff","market_class":"true_whitespace","opportunity_score":86.7,"province":"AB","households":1372},"geometry":{"type":"Point","coordinates":[-114.37167502135335,52.35779414397748]}},{"type":"Feature","properties":{"h3_id":"882b9e0539fffff","market_class":"true_whitespace","opportunity_score":89.2,"province":"ON","households":1153},"geometry":{"type":"Point","coordinates":[-79.58106405500627,45.11190938364036]}},{"type":"Feature","properties":{"h3_id":"882b00d1c7fffff","market_class":"true_whitespace","opportunity_score":91.7,"province":"PE","households":1374},"geometry":{"type":"Point","coordinates":[-64.06367905817609,46.799032880811914]}},{"type":"Feature","properties":{"h3_id":"882baa55edfffff","market_class":"proven_market_no_pv","opportunity_score":64.7,"province":"QC","households":1315},"geometry":{"type":"Point","coordinates":[-73.58151819687653,45.649089278322286]}},{"type":"Feature","properties":{"h3_id":"882b16165bfffff","market_class":"proven_market_no_pv","opportunity_score":82.4,"province":"QC","households":1166},"geometry":{"type":"Point","coordinates":[-68.50435949125536,48.443988869456724]}},{"type":"Feature","properties":{"h3_id":"882baa5adbfffff","market_class":"proven_market_no_pv","opportunity_score":69.9,"province":"QC","households":1220},"geometry":{"type":"Point","coordinates":[-73.7215668637259,45.77167115202939]}},{"type":"Feature","properties":{"h3_id":"882baa2a91fffff","market_class":"true_whitespace","opportunity_score":82.7,"province":"QC","households":1370},"geometry":{"type":"Point","coordinates":[-73.14984352239281,45.084560484189105]}},{"type":"Feature","properties":{"h3_id":"882baa2981fffff","market_class":"true_whitespace","opportunity_score":89.2,"province":"QC","households":1469},"geometry":{"type":"Point","coordinates":[-73.31426329105703,45.081657650856414]}},{"type":"Feature","properties":{"h3_id":"8827130695fffff","market_class":"true_whitespace","opportunity_score":89.5,"province":"MB","households":1272},"geometry":{"type":"Point","coordinates":[-100.26102473653327,49.61958115802023]}},{"type":"Feature","properties":{"h3_id":"882baeb317fffff","market_class":"true_whitespace","opportunity_score":88.2,"province":"QC","households":1343},"geometry":{"type":"Point","coordinates":[-71.63060406114037,46.538504733024155]}},{"type":"Feature","properties":{"h3_id":"8812ce2ea3fffff","market_class":"true_whitespace","opportunity_score":92.5,"province":"AB","households":1437},"geometry":{"type":"Point","coordinates":[-114.44342327671013,49.60735138071599]}},{"type":"Feature","properties":{"h3_id":"882baa7a59fffff","market_class":"proven_market_no_pv","opportunity_score":64.6,"province":"QC","households":1444},"geometry":{"type":"Point","coordinates":[-73.6124244443926,45.43125874093606]}},{"type":"Feature","properties":{"h3_id":"882b2e10a9fffff","market_class":"true_whitespace","opportunity_score":90.1,"province":"NS","households":1342},"geometry":{"type":"Point","coordinates":[-60.76526189361751,46.10116886694772]}},{"type":"Feature","properties":{"h3_id":"882bac5315fffff","market_class":"proven_market_no_pv","opportunity_score":78.4,"province":"QC","households":1479},"geometry":{"type":"Point","coordinates":[-71.15162190836084,46.8224419838761]}},{"type":"Feature","properties":{"h3_id":"882713b6a1fffff","market_class":"true_whitespace","opportunity_score":86.5,"province":"MB","households":1264},"geometry":{"type":"Point","coordinates":[-99.63792352261484,49.80273819144717]}},{"type":"Feature","properties":{"h3_id":"882baa0a05fffff","market_class":"proven_market_no_pv","opportunity_score":67.7,"province":"QC","households":1249},"geometry":{"type":"Point","coordinates":[-73.32235859494988,45.57049085870149]}},{"type":"Feature","properties":{"h3_id":"882ba87111fffff","market_class":"proven_market_no_pv","opportunity_score":72.1,"province":"QC","households":1436},"geometry":{"type":"Point","coordinates":[-71.93194033609416,45.409334919390744]}},{"type":"Feature","properties":{"h3_id":"880d482103fffff","market_class":"true_whitespace","opportunity_score":93.4,"province":"YT","households":1265},"geometry":{"type":"Point","coordinates":[-139.43007273199163,64.0603422264165]}},{"type":"Feature","properties":{"h3_id":"8812e1c9a1fffff","market_class":"true_whitespace","opportunity_score":87.3,"province":"AB","households":1285},"geometry":{"type":"Point","coordinates":[-115.13974607210699,53.955950380029556]}},{"type":"Feature","properties":{"h3_id":"882baa56e1fffff","market_class":"proven_market_no_pv","opportunity_score":67.5,"province":"QC","households":1094},"geometry":{"type":"Point","coordinates":[-73.42957274922469,45.663226252823335]}},{"type":"Feature","properties":{"h3_id":"882ab55159fffff","market_class":"true_whitespace","opportunity_score":87.6,"province":"ON","households":1351},"geometry":{"type":"Point","coordinates":[-80.45564228873194,42.62984687268875]}},{"type":"Feature","properties":{"h3_id":"882b105981fffff","market_class":"true_whitespace","opportunity_score":89.0,"province":"QC","households":1479},"geometry":{"type":"Point","coordinates":[-68.87615238321104,47.68116519904742]}},{"type":"Feature","properties":{"h3_id":"882b333229fffff","market_class":"true_whitespace","opportunity_score":92.9,"province":"QC","households":1409},"geometry":{"type":"Point","coordinates":[-65.18526982175905,48.04153851119773]}},{"type":"Feature","properties":{"h3_id":"882b336a4bfffff","market_class":"true_whitespace","opportunity_score":91.3,"province":"QC","households":1425},"geometry":{"type":"Point","coordinates":[-66.09979140209055,48.098990278190904]}},{"type":"Feature","properties":{"h3_id":"882776243dfffff","market_class":"true_whitespace","opportunity_score":85.9,"province":"ON","households":1120},"geometry":{"type":"Point","coordinates":[-89.63814515916754,48.39786962886455]}},{"type":"Feature","properties":{"h3_id":"882ba08595fffff","market_class":"true_whitespace","opportunity_score":81.8,"province":"QC","households":1192},"geometry":{"type":"Point","coordinates":[-71.78652670903472,48.52675133922337]}},{"type":"Feature","properties":{"h3_id":"8827123ad3fffff","market_class":"true_whitespace","opportunity_score":92.3,"province":"SK","households":1252},"geometry":{"type":"Point","coordinates":[-101.67084185631144,50.14623559371057]}},{"type":"Feature","properties":{"h3_id":"882b8e4d11fffff","market_class":"true_whitespace","opportunity_score":90.8,"province":"ON","households":1086},"geometry":{"type":"Point","coordinates":[-76.25798695055826,44.48542798161734]}},{"type":"Feature","properties":{"h3_id":"882baa5639fffff","market_class":"proven_market_no_pv","opportunity_score":75.9,"province":"QC","households":1276},"geometry":{"type":"Point","coordinates":[-73.43743977829247,45.68816574979146]}},{"type":"Feature","properties":{"h3_id":"882ba126abfffff","market_class":"proven_market_no_pv","opportunity_score":67.4,"province":"QC","households":1126},"geometry":{"type":"Point","coordinates":[-71.19392109173214,46.89562792537821]}},{"type":"Feature","properties":{"h3_id":"882ba126a9fffff","market_class":"proven_market_no_pv","opportunity_score":70.7,"province":"QC","households":1097},"geometry":{"type":"Point","coordinates":[-71.19618001869597,46.90407132850903]}},{"type":"Feature","properties":{"h3_id":"882baad501fffff","market_class":"true_whitespace","opportunity_score":79.4,"province":"QC","households":1250},"geometry":{"type":"Point","coordinates":[-73.11946151300938,45.961702133011904]}},{"type":"Feature","properties":{"h3_id":"882bac65d7fffff","market_class":"true_whitespace","opportunity_score":91.5,"province":"QC","households":1282},"geometry":{"type":"Point","coordinates":[-71.08272650557447,46.04895808547535]}},{"type":"Feature","properties":{"h3_id":"882bae8439fffff","market_class":"true_whitespace","opportunity_score":91.5,"province":"QC","households":1337},"geometry":{"type":"Point","coordinates":[-71.7461457545214,46.62794883435651]}},{"type":"Feature","properties":{"h3_id":"882b851363fffff","market_class":"true_whitespace","opportunity_score":91.5,"province":"QC","households":1448},"geometry":{"type":"Point","coordinates":[-73.91778689826101,46.68376291364879]}},{"type":"Feature","properties":{"h3_id":"882baad2b5fffff","market_class":"proven_market_no_pv","opportunity_score":74.7,"province":"QC","households":1416},"geometry":{"type":"Point","coordinates":[-73.09964450020232,46.04308139617781]}},{"type":"Feature","properties":{"h3_id":"882bae2a1dfffff","market_class":"true_whitespace","opportunity_score":85.6,"province":"QC","households":1343},"geometry":{"type":"Point","coordinates":[-72.36808823092096,46.116654869011406]}},{"type":"Feature","properties":{"h3_id":"882baa5615fffff","market_class":"proven_market_no_pv","opportunity_score":76.4,"province":"QC","households":1028},"geometry":{"type":"Point","coordinates":[-73.42545403057134,45.68560545884046]}},{"type":"Feature","properties":{"h3_id":"882bae31c9fffff","market_class":"true_whitespace","opportunity_score":86.7,"province":"QC","households":1474},"geometry":{"type":"Point","coordinates":[-72.13742712988235,46.213709032801376]}},{"type":"Feature","properties":{"h3_id":"882baa45d7fffff","market_class":"proven_market_no_pv","opportunity_score":66.6,"province":"QC","households":1017},"geometry":{"type":"Point","coordinates":[-73.64953020210946,45.47778471585771]}},{"type":"Feature","properties":{"h3_id":"881249c817fffff","market_class":"true_whitespace","opportunity_score":92.3,"province":"SK","households":1397},"geometry":{"type":"Point","coordinates":[-102.38428195341888,52.863322020106004]}},{"type":"Feature","properties":{"h3_id":"882b91d0a7fffff","market_class":"true_whitespace","opportunity_score":91.8,"province":"QC","households":1387},"geometry":{"type":"Point","coordinates":[-79.07072933545938,46.73096932373043]}},{"type":"Feature","properties":{"h3_id":"882baa5617fffff","market_class":"proven_market_no_pv","opportunity_score":76.3,"province":"QC","households":985},"geometry":{"type":"Point","coordinates":[-73.42283311874374,45.677291663350516]}},{"type":"Feature","properties":{"h3_id":"8812ccd753fffff","market_class":"proven_market_no_pv","opportunity_score":65.6,"province":"AB","households":1127},"geometry":{"type":"Point","coordinates":[-114.02112425018714,51.037526172600316]}},{"type":"Feature","properties":{"h3_id":"882b8c9b4bfffff","market_class":"true_whitespace","opportunity_score":86.9,"province":"QC","households":1356},"geometry":{"type":"Point","coordinates":[-73.58132392952248,45.054262914762425]}},{"type":"Feature","properties":{"h3_id":"880ec9628dfffff","market_class":"true_whitespace","opportunity_score":89.5,"province":"ON","households":1317},"geometry":{"type":"Point","coordinates":[-80.67795782010332,48.76689649375708]}},{"type":"Feature","properties":{"h3_id":"8812299725fffff","market_class":"true_whitespace","opportunity_score":92.9,"province":"NT_NU","households":1048},"geometry":{"type":"Point","coordinates":[-111.88159083877387,60.00314942818911]}},{"type":"Feature","properties":{"h3_id":"88271cb105fffff","market_class":"true_whitespace","opportunity_score":87.4,"province":"MB","households":966},"geometry":{"type":"Point","coordinates":[-97.03166377731355,49.598092860982135]}},{"type":"Feature","properties":{"h3_id":"880e6ad867fffff","market_class":"true_whitespace","opportunity_score":87.4,"province":"NL","households":921},"geometry":{"type":"Point","coordinates":[-66.87154025226518,52.89365686635567]}},{"type":"Feature","properties":{"h3_id":"882b03b22bfffff","market_class":"true_whitespace","opportunity_score":91.5,"province":"NS","households":1375},"geometry":{"type":"Point","coordinates":[-64.3324974055005,45.37470560696702]}},{"type":"Feature","properties":{"h3_id":"882b161407fffff","market_class":"true_whitespace","opportunity_score":86.7,"province":"QC","households":1270},"geometry":{"type":"Point","coordinates":[-68.63637821294019,48.40461320248395]}},{"type":"Feature","properties":{"h3_id":"88129b8a25fffff","market_class":"true_whitespace","opportunity_score":92.6,"province":"BC","households":1363},"geometry":{"type":"Point","coordinates":[-127.49812474248338,50.72391583817034]}},{"type":"Feature","properties":{"h3_id":"8812cd6b45fffff","market_class":"true_whitespace","opportunity_score":77.3,"province":"AB","households":1097},"geometry":{"type":"Point","coordinates":[-112.61598187813122,49.72445972740471]}},{"type":"Feature","properties":{"h3_id":"880e5b1623fffff","market_class":"true_whitespace","opportunity_score":92.6,"province":"QC","households":1145},"geometry":{"type":"Point","coordinates":[-73.87532690105357,50.42181732103226]}},{"type":"Feature","properties":{"h3_id":"881256d16bfffff","market_class":"true_whitespace","opportunity_score":91.9,"province":"AB","households":1228},"geometry":{"type":"Point","coordinates":[-113.83585546567087,55.97190619061166]}},{"type":"Feature","properties":{"h3_id":"882bae6ed1fffff","market_class":"true_whitespace","opportunity_score":86.0,"province":"QC","households":1349},"geometry":{"type":"Point","coordinates":[-72.80231846896757,46.06418856600818]}},{"type":"Feature","properties":{"h3_id":"882baa4e19fffff","market_class":"proven_market_no_pv","opportunity_score":64.9,"province":"QC","households":1413},"geometry":{"type":"Point","coordinates":[-73.74920173520779,45.54524848348985]}},{"type":"Feature","properties":{"h3_id":"882b16bb2dfffff","market_class":"true_whitespace","opportunity_score":84.8,"province":"QC","households":1139},"geometry":{"type":"Point","coordinates":[-68.42858332440485,48.47332715956757]}},{"type":"Feature","properties":{"h3_id":"882b98a0d7fffff","market_class":"true_whitespace","opportunity_score":86.1,"province":"ON","households":1257},"geometry":{"type":"Point","coordinates":[-78.05424052112599,44.19227958225196]}},{"type":"Feature","properties":{"h3_id":"882b1d92c7fffff","market_class":"true_whitespace","opportunity_score":87.4,"province":"NS","households":1369},"geometry":{"type":"Point","coordinates":[-65.28767026193529,44.84572406171637]}},{"type":"Feature","properties":{"h3_id":"882730974bfffff","market_class":"true_whitespace","opportunity_score":92.7,"province":"MB","households":1446},"geometry":{"type":"Point","coordinates":[-97.8194175472238,53.99180837335859]}},{"type":"Feature","properties":{"h3_id":"882baccc27fffff","market_class":"true_whitespace","opportunity_score":86.9,"province":"QC","households":1206},"geometry":{"type":"Point","coordinates":[-70.94570174016681,46.774145311916655]}},{"type":"Feature","properties":{"h3_id":"882bac5331fffff","market_class":"proven_market_no_pv","opportunity_score":75.3,"province":"QC","households":1294},"geometry":{"type":"Point","coordinates":[-71.17363027015104,46.8196636704317]}},{"type":"Feature","properties":{"h3_id":"882b01d717fffff","market_class":"true_whitespace","opportunity_score":91.0,"province":"NS","households":1353},"geometry":{"type":"Point","coordinates":[-63.28785157181683,45.71128683478175]}},{"type":"Feature","properties":{"h3_id":"882b8156cbfffff","market_class":"true_whitespace","opportunity_score":87.3,"province":"QC","households":1316},"geometry":{"type":"Point","coordinates":[-75.01625654957002,45.6192897798524]}},{"type":"Feature","properties":{"h3_id":"882baa0855fffff","market_class":"proven_market_no_pv","opportunity_score":65.8,"province":"QC","households":884},"geometry":{"type":"Point","coordinates":[-73.35454764979596,45.53092338198022]}},{"type":"Feature","properties":{"h3_id":"882ba851d5fffff","market_class":"true_whitespace","opportunity_score":86.0,"province":"QC","households":1329},"geometry":{"type":"Point","coordinates":[-72.02547780702196,45.78158716548041]}},{"type":"Feature","properties":{"h3_id":"882baa5611fffff","market_class":"proven_market_no_pv","opportunity_score":76.7,"province":"QC","households":890},"geometry":{"type":"Point","coordinates":[-73.41346978120646,45.683044000444774]}},{"type":"Feature","properties":{"h3_id":"8827104a2bfffff","market_class":"true_whitespace","opportunity_score":91.3,"province":"MB","households":1244},"geometry":{"type":"Point","coordinates":[-101.28376157512228,50.781588222838806]}},{"type":"Feature","properties":{"h3_id":"882ba87ad1fffff","market_class":"true_whitespace","opportunity_score":74.3,"province":"QC","households":1127},"geometry":{"type":"Point","coordinates":[-71.98165245095055,45.389579455067654]}},{"type":"Feature","properties":{"h3_id":"882bacc505fffff","market_class":"true_whitespace","opportunity_score":91.0,"province":"QC","households":1256},"geometry":{"type":"Point","coordinates":[-70.75977648266579,46.80146880350426]}},{"type":"Feature","properties":{"h3_id":"8812ce7419fffff","market_class":"true_whitespace","opportunity_score":91.8,"province":"BC","households":950},"geometry":{"type":"Point","coordinates":[-114.89921255856115,49.744065510814245]}},{"type":"Feature","properties":{"h3_id":"882ba126adfffff","market_class":"proven_market_no_pv","opportunity_score":71.5,"province":"QC","households":928},"geometry":{"type":"Point","coordinates":[-71.20833509144886,46.90689978373853]}},{"type":"Feature","properties":{"h3_id":"882baad0c9fffff","market_class":"proven_market_no_pv","opportunity_score":73.0,"province":"QC","households":1352},"geometry":{"type":"Point","coordinates":[-73.11170484312188,46.045685732743586]}},{"type":"Feature","properties":{"h3_id":"8813528e83fffff","market_class":"proven_market_no_pv","opportunity_score":83.0,"province":"NT_NU","households":979},"geometry":{"type":"Point","coordinates":[-114.408880527748,62.44355155889298]}},{"type":"Feature","properties":{"h3_id":"882b3456d7fffff","market_class":"true_whitespace","opportunity_score":92.6,"province":"QC","households":1179},"geometry":{"type":"Point","coordinates":[-63.58065183684735,50.25260626578837]}},{"type":"Feature","properties":{"h3_id":"882b9c862bfffff","market_class":"true_whitespace","opportunity_score":90.9,"province":"ON","households":1234},"geometry":{"type":"Point","coordinates":[-77.41329790768869,45.554381882759]}},{"type":"Feature","properties":{"h3_id":"882b8532d9fffff","market_class":"true_whitespace","opportunity_score":86.2,"province":"QC","households":1287},"geometry":{"type":"Point","coordinates":[-73.62093471903397,46.193180158955215]}},{"type":"Feature","properties":{"h3_id":"8813528ec1fffff","market_class":"true_whitespace","opportunity_score":85.5,"province":"NT_NU","households":894},"geometry":{"type":"Point","coordinates":[-114.42883447945472,62.47216217532526]}},{"type":"Feature","properties":{"h3_id":"8812d541cbfffff","market_class":"true_whitespace","opportunity_score":89.3,"province":"BC","households":1179},"geometry":{"type":"Point","coordinates":[-120.12682054573645,51.187009643602934]}},{"type":"Feature","properties":{"h3_id":"882712c6c3fffff","market_class":"true_whitespace","opportunity_score":90.7,"province":"SK","households":1259},"geometry":{"type":"Point","coordinates":[-102.07891353579059,50.66060848959524]}},{"type":"Feature","properties":{"h3_id":"882b9db599fffff","market_class":"true_whitespace","opportunity_score":79.7,"province":"ON","households":844},"geometry":{"type":"Point","coordinates":[-76.32866527493938,44.2945079086982]}},{"type":"Feature","properties":{"h3_id":"882b1d00b9fffff","market_class":"true_whitespace","opportunity_score":86.2,"province":"NS","households":1275},"geometry":{"type":"Point","coordinates":[-65.99383621622938,44.410009319307086]}},{"type":"Feature","properties":{"h3_id":"880e4db895fffff","market_class":"true_whitespace","opportunity_score":92.5,"province":"QC","households":1222},"geometry":{"type":"Point","coordinates":[-66.3841106849611,50.219000190839004]}},{"type":"Feature","properties":{"h3_id":"882baa4ecbfffff","market_class":"proven_market_no_pv","opportunity_score":63.9,"province":"QC","households":969},"geometry":{"type":"Point","coordinates":[-73.72922299200484,45.517836872099494]}},{"type":"Feature","properties":{"h3_id":"8812c13601fffff","market_class":"true_whitespace","opportunity_score":85.7,"province":"AB","households":1140},"geometry":{"type":"Point","coordinates":[-114.56567941351315,50.94752287984537]}},{"type":"Feature","properties":{"h3_id":"8827b1576dfffff","market_class":"true_whitespace","opportunity_score":91.4,"province":"SK","households":1193},"geometry":{"type":"Point","coordinates":[-108.39477511701787,49.6458999282348]}},{"type":"Feature","properties":{"h3_id":"8828d33b59fffff","market_class":"true_whitespace","opportunity_score":84.8,"province":"BC","households":1153},"geometry":{"type":"Point","coordinates":[-121.7581435319195,49.236716742590495]}},{"type":"Feature","properties":{"h3_id":"882ba126a1fffff","market_class":"proven_market_no_pv","opportunity_score":67.4,"province":"QC","households":1001},"geometry":{"type":"Point","coordinates":[-71.20607363370657,46.89845634793132]}},{"type":"Feature","properties":{"h3_id":"882ba87a93fffff","market_class":"true_whitespace","opportunity_score":76.4,"province":"QC","households":1057},"geometry":{"type":"Point","coordinates":[-71.99592371393261,45.36171747891432]}},{"type":"Feature","properties":{"h3_id":"882ba126a3fffff","market_class":"proven_market_no_pv","opportunity_score":67.8,"province":"QC","households":996},"geometry":{"type":"Point","coordinates":[-71.20381305657146,46.8900134970023]}},{"type":"Feature","properties":{"h3_id":"881b9952bbfffff","market_class":"true_whitespace","opportunity_score":87.3,"province":"NL","households":1306},"geometry":{"type":"Point","coordinates":[-55.33964125693928,49.14776757338829]}},{"type":"Feature","properties":{"h3_id":"882ba126e7fffff","market_class":"proven_market_no_pv","opportunity_score":72.1,"province":"QC","households":1016},"geometry":{"type":"Point","coordinates":[-71.1984398257626,46.912515316445614]}},{"type":"Feature","properties":{"h3_id":"882b337aebfffff","market_class":"true_whitespace","opportunity_score":91.0,"province":"QC","households":1163},"geometry":{"type":"Point","coordinates":[-65.98422915343544,48.173009471672195]}},{"type":"Feature","properties":{"h3_id":"882baa4dcbfffff","market_class":"proven_market_no_pv","opportunity_score":65.5,"province":"QC","households":853},"geometry":{"type":"Point","coordinates":[-73.87791557057731,45.49502245945041]}},{"type":"Feature","properties":{"h3_id":"882b8e4a89fffff","market_class":"true_whitespace","opportunity_score":86.2,"province":"ON","households":1097},"geometry":{"type":"Point","coordinates":[-76.22724122337755,44.60845920325137]}},{"type":"Feature","properties":{"h3_id":"882b3149adfffff","market_class":"true_whitespace","opportunity_score":92.1,"province":"QC","households":1344},"geometry":{"type":"Point","coordinates":[-64.67249684955345,48.35307796756867]}},{"type":"Feature","properties":{"h3_id":"882b333b3bfffff","market_class":"true_whitespace","opportunity_score":92.0,"province":"QC","households":1281},"geometry":{"type":"Point","coordinates":[-65.49562945191097,48.049502450183525]}},{"type":"Feature","properties":{"h3_id":"882baab14dfffff","market_class":"true_whitespace","opportunity_score":87.6,"province":"QC","households":1294},"geometry":{"type":"Point","coordinates":[-72.51506447515025,45.587840101978365]}},{"type":"Feature","properties":{"h3_id":"881aa28c0bfffff","market_class":"true_whitespace","opportunity_score":91.2,"province":"NL","households":1230},"geometry":{"type":"Point","coordinates":[-53.86288211401629,47.363442095527]}},{"type":"Feature","properties":{"h3_id":"882b9db959fffff","market_class":"true_whitespace","opportunity_score":86.5,"province":"ON","households":1061},"geometry":{"type":"Point","coordinates":[-76.68892825399217,44.4903168822372]}},{"type":"Feature","properties":{"h3_id":"882bac5025fffff","market_class":"proven_market_no_pv","opportunity_score":72.9,"province":"QC","households":1152},"geometry":{"type":"Point","coordinates":[-71.18662442972536,46.783136585561124]}},{"type":"Feature","properties":{"h3_id":"8827028a53fffff","market_class":"true_whitespace","opportunity_score":91.0,"province":"MB","households":1190},"geometry":{"type":"Point","coordinates":[-97.21982502216636,50.90390788625505]}},{"type":"Feature","properties":{"h3_id":"88121da543fffff","market_class":"true_whitespace","opportunity_score":90.7,"province":"AB","households":1136},"geometry":{"type":"Point","coordinates":[-117.63037483422531,56.926330538262626]}},{"type":"Feature","properties":{"h3_id":"880e5b2985fffff","market_class":"true_whitespace","opportunity_score":91.9,"province":"QC","households":1036},"geometry":{"type":"Point","coordinates":[-74.3672053171691,49.91708430496592]}},{"type":"Feature","properties":{"h3_id":"88271c06edfffff","market_class":"true_whitespace","opportunity_score":87.9,"province":"MB","households":1042},"geometry":{"type":"Point","coordinates":[-97.35890047664496,49.357755232370764]}},{"type":"Feature","properties":{"h3_id":"88271325a9fffff","market_class":"true_whitespace","opportunity_score":90.2,"province":"MB","households":1096},"geometry":{"type":"Point","coordinates":[-100.05793041697585,49.2274294443355]}},{"type":"Feature","properties":{"h3_id":"8812aa40abfffff","market_class":"true_whitespace","opportunity_score":91.5,"province":"BC","households":1152},"geometry":{"type":"Point","coordinates":[-125.76621255735478,54.23139756146161]}},{"type":"Feature","properties":{"h3_id":"88272bcb57fffff","market_class":"true_whitespace","opportunity_score":91.9,"province":"ON","households":949},"geometry":{"type":"Point","coordinates":[-91.92560810157599,50.10055046718634]}},{"type":"Feature","properties":{"h3_id":"882baa45c9fffff","market_class":"proven_market_no_pv","opportunity_score":63.9,"province":"QC","households":816},"geometry":{"type":"Point","coordinates":[-73.64819059020424,45.50843101246981]}},{"type":"Feature","properties":{"h3_id":"882b916e5bfffff","market_class":"true_whitespace","opportunity_score":88.6,"province":"ON","households":1178},"geometry":{"type":"Point","coordinates":[-79.38207707127734,45.84337868865809]}},{"type":"Feature","properties":{"h3_id":"882b9e50b5fffff","market_class":"true_whitespace","opportunity_score":88.2,"province":"ON","households":1070},"geometry":{"type":"Point","coordinates":[-80.1343496425343,45.400038893312036]}},{"type":"Feature","properties":{"h3_id":"8812598335fffff","market_class":"true_whitespace","opportunity_score":86.3,"province":"SK","households":1112},"geometry":{"type":"Point","coordinates":[-106.33913252322553,52.671687136482696]}},{"type":"Feature","properties":{"h3_id":"882babd263fffff","market_class":"true_whitespace","opportunity_score":88.0,"province":"QC","households":987},"geometry":{"type":"Point","coordinates":[-72.2764530740873,45.18469753481553]}},{"type":"Feature","properties":{"h3_id":"8812eace01fffff","market_class":"true_whitespace","opportunity_score":84.9,"province":"AB","households":1124},"geometry":{"type":"Point","coordinates":[-114.35250399303739,51.872355147776176]}},{"type":"Feature","properties":{"h3_id":"8828dea849fffff","market_class":"true_whitespace","opportunity_score":89.6,"province":"BC","households":894},"geometry":{"type":"Point","coordinates":[-123.36182592972762,49.39471868887108]}},{"type":"Feature","properties":{"h3_id":"882babc263fffff","market_class":"true_whitespace","opportunity_score":89.4,"province":"QC","households":1090},"geometry":{"type":"Point","coordinates":[-72.39099775450532,45.0478161907374]}},{"type":"Feature","properties":{"h3_id":"882ba87a99fffff","market_class":"true_whitespace","opportunity_score":76.5,"province":"QC","households":1142},"geometry":{"type":"Point","coordinates":[-71.98879028130906,45.37564782817374]}},{"type":"Feature","properties":{"h3_id":"882bac5197fffff","market_class":"proven_market_no_pv","opportunity_score":68.7,"province":"QC","households":945},"geometry":{"type":"Point","coordinates":[-71.20269806567798,46.71571820981421]}},{"type":"Feature","properties":{"h3_id":"8827034ee5fffff","market_class":"true_whitespace","opportunity_score":79.1,"province":"MB","households":1010},"geometry":{"type":"Point","coordinates":[-96.64209835279703,49.6671244907594]}},{"type":"Feature","properties":{"h3_id":"88271cb163fffff","market_class":"true_whitespace","opportunity_score":85.6,"province":"MB","households":1016},"geometry":{"type":"Point","coordinates":[-97.03888108127276,49.60547979102437]}},{"type":"Feature","properties":{"h3_id":"882b93cc55fffff","market_class":"true_whitespace","opportunity_score":75.4,"province":"ON","households":851},"geometry":{"type":"Point","coordinates":[-80.87744217120257,46.38454176952772]}},{"type":"Feature","properties":{"h3_id":"8827a45555fffff","market_class":"true_whitespace","opportunity_score":90.6,"province":"SK","households":1092},"geometry":{"type":"Point","coordinates":[-105.46057072614138,51.67614279728022]}},{"type":"Feature","properties":{"h3_id":"882ba126bdfffff","market_class":"proven_market_no_pv","opportunity_score":65.7,"province":"QC","households":986},"geometry":{"type":"Point","coordinates":[-71.1916630443641,46.88718510739882]}},{"type":"Feature","properties":{"h3_id":"882bac515bfffff","market_class":"proven_market_no_pv","opportunity_score":72.3,"province":"QC","households":1215},"geometry":{"type":"Point","coordinates":[-71.17900468336899,46.797180837457994]}},{"type":"Feature","properties":{"h3_id":"882b80a251fffff","market_class":"true_whitespace","opportunity_score":89.6,"province":"QC","households":1295},"geometry":{"type":"Point","coordinates":[-74.95738891204428,46.349042887884806]}},{"type":"Feature","properties":{"h3_id":"882bac39d3fffff","market_class":"true_whitespace","opportunity_score":82.7,"province":"QC","households":1119},"geometry":{"type":"Point","coordinates":[-70.71434562207804,46.18181690507545]}},{"type":"Feature","properties":{"h3_id":"882ab0c861fffff","market_class":"true_whitespace","opportunity_score":85.9,"province":"ON","households":1121},"geometry":{"type":"Point","coordinates":[-81.86295407610909,42.6329938748182]}},{"type":"Feature","properties":{"h3_id":"882b14c94dfffff","market_class":"true_whitespace","opportunity_score":91.4,"province":"QC","households":1304},"geometry":{"type":"Point","coordinates":[-67.5399057299346,48.84542845988361]}},{"type":"Feature","properties":{"h3_id":"882bac5311fffff","market_class":"proven_market_no_pv","opportunity_score":74.9,"province":"QC","households":1114},"geometry":{"type":"Point","coordinates":[-71.139494851281,46.819610325372594]}},{"type":"Feature","properties":{"h3_id":"882ba87ad3fffff","market_class":"true_whitespace","opportunity_score":74.3,"province":"QC","households":1097},"geometry":{"type":"Point","coordinates":[-71.9793209952664,45.3812637087691]}},{"type":"Feature","properties":{"h3_id":"882ba85161fffff","market_class":"true_whitespace","opportunity_score":85.8,"province":"QC","households":1062},"geometry":{"type":"Point","coordinates":[-72.08019349419766,45.85649647518911]}},{"type":"Feature","properties":{"h3_id":"8828deab53fffff","market_class":"true_whitespace","opportunity_score":88.3,"province":"BC","households":859},"geometry":{"type":"Point","coordinates":[-123.33670912030566,49.3804305124668]}},{"type":"Feature","properties":{"h3_id":"882bac2c51fffff","market_class":"true_whitespace","opportunity_score":90.4,"province":"QC","households":1191},"geometry":{"type":"Point","coordinates":[-70.657147654216,45.955348937797474]}},{"type":"Feature","properties":{"h3_id":"882bac5153fffff","market_class":"proven_market_no_pv","opportunity_score":72.4,"province":"QC","households":1251},"geometry":{"type":"Point","coordinates":[-71.18887612215988,46.79157183761252]}},{"type":"Feature","properties":{"h3_id":"8812ce7413fffff","market_class":"true_whitespace","opportunity_score":91.0,"province":"BC","households":1004},"geometry":{"type":"Point","coordinates":[-114.89219717081626,49.73054416627525]}},{"type":"Feature","properties":{"h3_id":"8812e126e3fffff","market_class":"proven_market_no_pv","opportunity_score":63.2,"province":"AB","households":1103},"geometry":{"type":"Point","coordinates":[-113.57719778913552,53.485732526916784]}},{"type":"Feature","properties":{"h3_id":"882ba3b9ebfffff","market_class":"true_whitespace","opportunity_score":91.1,"province":"QC","households":1161},"geometry":{"type":"Point","coordinates":[-72.77615035528767,47.440012933182416]}},{"type":"Feature","properties":{"h3_id":"882ba8711bfffff","market_class":"proven_market_no_pv","opportunity_score":70.5,"province":"QC","households":1081},"geometry":{"type":"Point","coordinates":[-71.92013577272503,45.40662882710408]}},{"type":"Feature","properties":{"h3_id":"8812c83605fffff","market_class":"true_whitespace","opportunity_score":86.5,"province":"AB","households":1167},"geometry":{"type":"Point","coordinates":[-112.87521689415046,49.40705741947335]}},{"type":"Feature","properties":{"h3_id":"882ba57257fffff","market_class":"proven_market_no_pv","opportunity_score":71.9,"province":"QC","households":1126},"geometry":{"type":"Point","coordinates":[-70.8838119269203,48.33786989595745]}},{"type":"Feature","properties":{"h3_id":"88276e9ae5fffff","market_class":"true_whitespace","opportunity_score":90.1,"province":"ON","households":1192},"geometry":{"type":"Point","coordinates":[-83.56369510460847,46.265457358049524]}},{"type":"Feature","properties":{"h3_id":"88135285a5fffff","market_class":"true_whitespace","opportunity_score":84.6,"province":"NT_NU","households":930},"geometry":{"type":"Point","coordinates":[-114.35794645929106,62.451481998298014]}},{"type":"Feature","properties":{"h3_id":"8812ccd63dfffff","market_class":"proven_market_no_pv","opportunity_score":63.7,"province":"AB","households":1194},"geometry":{"type":"Point","coordinates":[-113.9776812124117,51.0296932803816]}},{"type":"Feature","properties":{"h3_id":"8827a22e15fffff","market_class":"true_whitespace","opportunity_score":90.9,"province":"SK","households":1060},"geometry":{"type":"Point","coordinates":[-105.99309931248871,49.635651677033785]}},{"type":"Feature","properties":{"h3_id":"8827b2cb53fffff","market_class":"true_whitespace","opportunity_score":88.3,"province":"AB","households":1146},"geometry":{"type":"Point","coordinates":[-111.38540625143341,49.876981583971926]}},{"type":"Feature","properties":{"h3_id":"882b8062b9fffff","market_class":"true_whitespace","opportunity_score":84.1,"province":"QC","households":1195},"geometry":{"type":"Point","coordinates":[-76.02832910861046,46.09929295640889]}},{"type":"Feature","properties":{"h3_id":"8812ea1a15fffff","market_class":"true_whitespace","opportunity_score":75.2,"province":"AB","households":1060},"geometry":{"type":"Point","coordinates":[-114.10919503543552,51.792568495735665]}},{"type":"Feature","properties":{"h3_id":"8827a56e31fffff","market_class":"true_whitespace","opportunity_score":87.4,"province":"SK","households":1050},"geometry":{"type":"Point","coordinates":[-103.66839002221971,50.52907690169983]}},{"type":"Feature","properties":{"h3_id":"882b161619fffff","market_class":"proven_market_no_pv","opportunity_score":82.4,"province":"QC","households":1113},"geometry":{"type":"Point","coordinates":[-68.52547935557597,48.433146254201375]}},{"type":"Feature","properties":{"h3_id":"882bac66b9fffff","market_class":"true_whitespace","opportunity_score":90.2,"province":"QC","households":1135},"geometry":{"type":"Point","coordinates":[-70.96265567781283,46.05985766703721]}},{"type":"Feature","properties":{"h3_id":"882baad0cbfffff","market_class":"proven_market_no_pv","opportunity_score":70.9,"province":"QC","households":1145},"geometry":{"type":"Point","coordinates":[-73.1091224260079,46.03733820090026]}},{"type":"Feature","properties":{"h3_id":"882bacc233fffff","market_class":"true_whitespace","opportunity_score":90.0,"province":"QC","households":979},"geometry":{"type":"Point","coordinates":[-70.72399813098795,46.92781890768208]}},{"type":"Feature","properties":{"h3_id":"882baa4c35fffff","market_class":"proven_market_no_pv","opportunity_score":64.0,"province":"QC","households":759},"geometry":{"type":"Point","coordinates":[-73.86864601984202,45.500803710471175]}},{"type":"Feature","properties":{"h3_id":"882ab6b121fffff","market_class":"true_whitespace","opportunity_score":84.1,"province":"ON","households":1021},"geometry":{"type":"Point","coordinates":[-81.85063274333481,43.17080435500081]}},{"type":"Feature","properties":{"h3_id":"882b9bcab9fffff","market_class":"proven_market_no_pv","opportunity_score":68.1,"province":"ON","households":1174},"geometry":{"type":"Point","coordinates":[-79.6423065691266,43.709917345330155]}},{"type":"Feature","properties":{"h3_id":"880e45ac9bfffff","market_class":"proven_market_no_pv","opportunity_score":81.8,"province":"NL","households":816},"geometry":{"type":"Point","coordinates":[-66.91887567549044,52.93946031020174]}},{"type":"Feature","properties":{"h3_id":"8812857493fffff","market_class":"true_whitespace","opportunity_score":88.8,"province":"BC","households":1057},"geometry":{"type":"Point","coordinates":[-126.65549249649924,54.39739682932499]}},{"type":"Feature","properties":{"h3_id":"8828d370b5fffff","market_class":"true_whitespace","opportunity_score":87.6,"province":"BC","households":1148},"geometry":{"type":"Point","coordinates":[-121.44307799245706,49.3789497015702]}},{"type":"Feature","properties":{"h3_id":"882ba86ae3fffff","market_class":"true_whitespace","opportunity_score":78.2,"province":"QC","households":1113},"geometry":{"type":"Point","coordinates":[-72.14470550479827,45.26348703889194]}},{"type":"Feature","properties":{"h3_id":"88271652c7fffff","market_class":"true_whitespace","opportunity_score":87.2,"province":"SK","households":1155},"geometry":{"type":"Point","coordinates":[-102.43653856502534,51.63415328953231]}},{"type":"Feature","properties":{"h3_id":"882b814f01fffff","market_class":"proven_market_no_pv","opportunity_score":69.0,"province":"QC","households":885},"geometry":{"type":"Point","coordinates":[-75.48839790495853,45.527455418136384]}},{"type":"Feature","properties":{"h3_id":"882b14cb23fffff","market_class":"true_whitespace","opportunity_score":91.0,"province":"QC","households":1168},"geometry":{"type":"Point","coordinates":[-67.51676252449194,48.847489337861326]}},{"type":"Feature","properties":{"h3_id":"881aa06929fffff","market_class":"true_whitespace","opportunity_score":84.5,"province":"NL","households":1077},"geometry":{"type":"Point","coordinates":[-53.144555371257375,47.329721653180044]}},{"type":"Feature","properties":{"h3_id":"882baa4141fffff","market_class":"proven_market_no_pv","opportunity_score":64.1,"province":"QC","households":780},"geometry":{"type":"Point","coordinates":[-73.7974989412215,45.694685610796945]}},{"type":"Feature","properties":{"h3_id":"8828d88741fffff","market_class":"true_whitespace","opportunity_score":84.9,"province":"BC","households":1085},"geometry":{"type":"Point","coordinates":[-124.66512680110266,49.43199712901248]}},{"type":"Feature","properties":{"h3_id":"882b9a6325fffff","market_class":"true_whitespace","opportunity_score":87.2,"province":"ON","households":1161},"geometry":{"type":"Point","coordinates":[-80.72761652994369,43.98783014766601]}},{"type":"Feature","properties":{"h3_id":"882bacd705fffff","market_class":"true_whitespace","opportunity_score":90.0,"province":"QC","households":1145},"geometry":{"type":"Point","coordinates":[-70.56584584889663,46.977503714727554]}},{"type":"Feature","properties":{"h3_id":"882bac212bfffff","market_class":"true_whitespace","opportunity_score":82.6,"province":"QC","households":1152},"geometry":{"type":"Point","coordinates":[-70.67354443497504,46.10895701468493]}},{"type":"Feature","properties":{"h3_id":"882bb30d0bfffff","market_class":"true_whitespace","opportunity_score":77.5,"province":"QC","households":813},"geometry":{"type":"Point","coordinates":[-77.73590213634796,48.14997627873873]}},{"type":"Feature","properties":{"h3_id":"8827a4b529fffff","market_class":"true_whitespace","opportunity_score":90.4,"province":"SK","households":1155},"geometry":{"type":"Point","coordinates":[-104.18641128311114,51.76808744975368]}},{"type":"Feature","properties":{"h3_id":"88276c88a7fffff","market_class":"true_whitespace","opportunity_score":83.8,"province":"ON","households":1000},"geometry":{"type":"Point","coordinates":[-82.08187783089721,46.2089178361734]}},{"type":"Feature","properties":{"h3_id":"882b001ac3fffff","market_class":"true_whitespace","opportunity_score":86.9,"province":"PE","households":1025},"geometry":{"type":"Point","coordinates":[-64.09048337883414,46.405834508839256]}},{"type":"Feature","properties":{"h3_id":"882baacf23fffff","market_class":"proven_market_no_pv","opportunity_score":69.1,"province":"QC","households":879},"geometry":{"type":"Point","coordinates":[-73.43258992831721,45.850082387629115]}},{"type":"Feature","properties":{"h3_id":"882baa2829fffff","market_class":"true_whitespace","opportunity_score":85.8,"province":"QC","households":999},"geometry":{"type":"Point","coordinates":[-73.27309797196745,45.12676429615674]}},{"type":"Feature","properties":{"h3_id":"882ba86ae9fffff","market_class":"proven_market_no_pv","opportunity_score":75.5,"province":"QC","households":1277},"geometry":{"type":"Point","coordinates":[-72.1376329296855,45.27741518333503]}},{"type":"Feature","properties":{"h3_id":"8812dd79dbfffff","market_class":"true_whitespace","opportunity_score":90.5,"province":"BC","households":1090},"geometry":{"type":"Point","coordinates":[-116.51865271544045,49.11095846248559]}},{"type":"Feature","properties":{"h3_id":"882ba8d443fffff","market_class":"true_whitespace","opportunity_score":87.8,"province":"QC","households":1152},"geometry":{"type":"Point","coordinates":[-71.37407099015326,45.96812481002093]}},{"type":"Feature","properties":{"h3_id":"882ba87025fffff","market_class":"proven_market_no_pv","opportunity_score":69.8,"province":"QC","households":1113},"geometry":{"type":"Point","coordinates":[-71.91065201230093,45.41224028256553]}},{"type":"Feature","properties":{"h3_id":"8812ccd623fffff","market_class":"proven_market_no_pv","opportunity_score":63.4,"province":"AB","households":1202},"geometry":{"type":"Point","coordinates":[-113.98983644199981,51.02772091408355]}},{"type":"Feature","properties":{"h3_id":"880edbce4bfffff","market_class":"true_whitespace","opportunity_score":91.0,"province":"ON","households":1028},"geometry":{"type":"Point","coordinates":[-86.95253397352103,49.73020890866611]}},{"type":"Feature","properties":{"h3_id":"882b9db0c3fffff","market_class":"true_whitespace","opportunity_score":83.8,"province":"ON","households":778},"geometry":{"type":"Point","coordinates":[-76.38100633389449,44.4329142721655]}},{"type":"Feature","properties":{"h3_id":"88129bb833fffff","market_class":"true_whitespace","opportunity_score":90.9,"province":"BC","households":1070},"geometry":{"type":"Point","coordinates":[-127.02104874484479,50.5814480168445]}},{"type":"Feature","properties":{"h3_id":"882b85a831fffff","market_class":"true_whitespace","opportunity_score":83.6,"province":"QC","households":1181},"geometry":{"type":"Point","coordinates":[-73.65191430354211,46.324283735633756]}},{"type":"Feature","properties":{"h3_id":"88271611b3fffff","market_class":"true_whitespace","opportunity_score":89.5,"province":"SK","households":1134},"geometry":{"type":"Point","coordinates":[-101.89086198915972,51.56652661131033]}},{"type":"Feature","properties":{"h3_id":"8812c1aa67fffff","market_class":"true_whitespace","opportunity_score":85.0,"province":"AB","households":1068},"geometry":{"type":"Point","coordinates":[-114.8521545463334,51.16719981674625]}},{"type":"Feature","properties":{"h3_id":"882baa51ebfffff","market_class":"proven_market_no_pv","opportunity_score":67.1,"province":"QC","households":857},"geometry":{"type":"Point","coordinates":[-73.68816524779267,45.77238342461217]}},{"type":"Feature","properties":{"h3_id":"882bac5987fffff","market_class":"proven_market_no_pv","opportunity_score":70.9,"province":"QC","households":752},"geometry":{"type":"Point","coordinates":[-71.457853906232,46.735382867804425]}},{"type":"Feature","properties":{"h3_id":"882b1299a7fffff","market_class":"true_whitespace","opportunity_score":82.6,"province":"QC","households":996},"geometry":{"type":"Point","coordinates":[-69.5200870923262,47.826542853556646]}},{"type":"Feature","properties":{"h3_id":"8812eadb6dfffff","market_class":"true_whitespace","opportunity_score":84.7,"province":"AB","households":1068},"geometry":{"type":"Point","coordinates":[-114.73946176580569,52.092613496942754]}},{"type":"Feature","properties":{"h3_id":"882bac6c29fffff","market_class":"true_whitespace","opportunity_score":87.7,"province":"QC","households":1112},"geometry":{"type":"Point","coordinates":[-71.29739921643696,46.09940864491894]}},{"type":"Feature","properties":{"h3_id":"882bad5943fffff","market_class":"true_whitespace","opportunity_score":90.1,"province":"QC","households":1042},"geometry":{"type":"Point","coordinates":[-70.64163882376589,45.849322769782]}},{"type":"Feature","properties":{"h3_id":"882ab21823fffff","market_class":"proven_market_no_pv","opportunity_score":70.5,"province":"ON","households":781},"geometry":{"type":"Point","coordinates":[-83.09678340600377,42.2143046883821]}},{"type":"Feature","properties":{"h3_id":"882bac7497fffff","market_class":"true_whitespace","opportunity_score":89.1,"province":"QC","households":1040},"geometry":{"type":"Point","coordinates":[-70.89552094096732,46.146248443918886]}},{"type":"Feature","properties":{"h3_id":"882ba85b21fffff","market_class":"true_whitespace","opportunity_score":84.6,"province":"QC","households":1005},"geometry":{"type":"Point","coordinates":[-72.26413296786481,45.87457280884524]}},{"type":"Feature","properties":{"h3_id":"882bac5333fffff","market_class":"proven_market_no_pv","opportunity_score":73.1,"province":"QC","households":1063},"geometry":{"type":"Point","coordinates":[-71.17138011639199,46.811226134338746]}},{"type":"Feature","properties":{"h3_id":"882bac58e5fffff","market_class":"proven_market_no_pv","opportunity_score":68.6,"province":"QC","households":1006},"geometry":{"type":"Point","coordinates":[-71.39198029474977,46.7438673515545]}},{"type":"Feature","properties":{"h3_id":"882baa7835fffff","market_class":"proven_market_no_pv","opportunity_score":66.0,"province":"QC","households":930},"geometry":{"type":"Point","coordinates":[-73.74754708293668,45.36718918303517]}},{"type":"Feature","properties":{"h3_id":"882b032f17fffff","market_class":"true_whitespace","opportunity_score":84.0,"province":"NS","households":1107},"geometry":{"type":"Point","coordinates":[-65.1531056784464,44.87723878144398]}},{"type":"Feature","properties":{"h3_id":"882b98c54dfffff","market_class":"true_whitespace","opportunity_score":84.7,"province":"ON","households":960},"geometry":{"type":"Point","coordinates":[-78.79728435640185,44.66283355847329]}},{"type":"Feature","properties":{"h3_id":"882ba57219fffff","market_class":"proven_market_no_pv","opportunity_score":73.2,"province":"QC","households":1042},"geometry":{"type":"Point","coordinates":[-70.88154016324809,48.3293221223506]}},{"type":"Feature","properties":{"h3_id":"8812ec02c7fffff","market_class":"true_whitespace","opportunity_score":88.1,"province":"AB","households":982},"geometry":{"type":"Point","coordinates":[-112.65781839717894,53.370256022495354]}},{"type":"Feature","properties":{"h3_id":"882b12baedfffff","market_class":"true_whitespace","opportunity_score":90.1,"province":"QC","households":1109},"geometry":{"type":"Point","coordinates":[-69.24098535903023,47.4596381901617]}},{"type":"Feature","properties":{"h3_id":"882ba50825fffff","market_class":"true_whitespace","opportunity_score":79.1,"province":"QC","households":1025},"geometry":{"type":"Point","coordinates":[-70.90085596442869,48.44613227959833]}},{"type":"Feature","properties":{"h3_id":"882bae18b5fffff","market_class":"true_whitespace","opportunity_score":86.1,"province":"QC","households":1099},"geometry":{"type":"Point","coordinates":[-72.46499255353869,46.561256416835484]}},{"type":"Feature","properties":{"h3_id":"882b167a41fffff","market_class":"true_whitespace","opportunity_score":90.4,"province":"QC","households":1121},"geometry":{"type":"Point","coordinates":[-69.40734803045459,48.34687064797279]}},{"type":"Feature","properties":{"h3_id":"882b128b4dfffff","market_class":"proven_market_no_pv","opportunity_score":81.5,"province":"QC","households":1003},"geometry":{"type":"Point","coordinates":[-69.53038611684582,47.82104620774856]}},{"type":"Feature","properties":{"h3_id":"882b81b09bfffff","market_class":"proven_market_no_pv","opportunity_score":66.9,"province":"QC","households":711},"geometry":{"type":"Point","coordinates":[-74.0248309487714,45.43309104727317]}},{"type":"Feature","properties":{"h3_id":"882baa74d7fffff","market_class":"true_whitespace","opportunity_score":85.7,"province":"QC","households":929},"geometry":{"type":"Point","coordinates":[-73.32657670730306,45.19236432264542]}},{"type":"Feature","properties":{"h3_id":"882ba871c1fffff","market_class":"proven_market_no_pv","opportunity_score":70.0,"province":"QC","households":1257},"geometry":{"type":"Point","coordinates":[-71.91549522130352,45.389993329922476]}},{"type":"Feature","properties":{"h3_id":"8812c218c9fffff","market_class":"true_whitespace","opportunity_score":89.1,"province":"BC","households":790},"geometry":{"type":"Point","coordinates":[-118.18101274483548,50.983144833272874]}},{"type":"Feature","properties":{"h3_id":"882ba124c9fffff","market_class":"proven_market_no_pv","opportunity_score":65.7,"province":"QC","households":855},"geometry":{"type":"Point","coordinates":[-71.21370260295103,46.88439841413344]}},{"type":"Feature","properties":{"h3_id":"88276c16b1fffff","market_class":"true_whitespace","opportunity_score":87.0,"province":"ON","households":1036},"geometry":{"type":"Point","coordinates":[-81.93403760600647,45.971204344382805]}},{"type":"Feature","properties":{"h3_id":"882bac72cdfffff","market_class":"true_whitespace","opportunity_score":78.8,"province":"QC","households":1028},"geometry":{"type":"Point","coordinates":[-70.93242436341798,46.37576094625871]}},{"type":"Feature","properties":{"h3_id":"880edb8b53fffff","market_class":"true_whitespace","opportunity_score":90.4,"province":"ON","households":961},"geometry":{"type":"Point","coordinates":[-86.53466900566944,49.78010334352105]}},{"type":"Feature","properties":{"h3_id":"8812ee2991fffff","market_class":"proven_market_no_pv","opportunity_score":66.7,"province":"AB","households":918},"geometry":{"type":"Point","coordinates":[-113.8414900251626,52.30931520802172]}},{"type":"Feature","properties":{"h3_id":"882bac5839fffff","market_class":"proven_market_no_pv","opportunity_score":67.4,"province":"QC","households":848},"geometry":{"type":"Point","coordinates":[-71.38672041290337,46.76635297026283]}},{"type":"Feature","properties":{"h3_id":"8812ea6d1bfffff","market_class":"proven_market_no_pv","opportunity_score":62.4,"province":"AB","households":926},"geometry":{"type":"Point","coordinates":[-114.06312785350431,51.12005811152848]}},{"type":"Feature","properties":{"h3_id":"8828ded6abfffff","market_class":"proven_market_no_pv","opportunity_score":65.6,"province":"BC","households":908},"geometry":{"type":"Point","coordinates":[-122.81858631781782,49.12904377707101]}},{"type":"Feature","properties":{"h3_id":"882baa4583fffff","market_class":"proven_market_no_pv","opportunity_score":67.2,"province":"QC","households":1104},"geometry":{"type":"Point","coordinates":[-73.67076571566756,45.474552943299095]}},{"type":"Feature","properties":{"h3_id":"882baa783dfffff","market_class":"proven_market_no_pv","opportunity_score":64.9,"province":"QC","households":838},"geometry":{"type":"Point","coordinates":[-73.73828810603116,45.3729531334748]}},{"type":"Feature","properties":{"h3_id":"88124819a9fffff","market_class":"true_whitespace","opportunity_score":84.8,"province":"SK","households":1052},"geometry":{"type":"Point","coordinates":[-103.58595391596495,53.28596657067181]}},{"type":"Feature","properties":{"h3_id":"882ba86ae1fffff","market_class":"proven_market_no_pv","opportunity_score":76.9,"province":"QC","households":1049},"geometry":{"type":"Point","coordinates":[-72.14706199637983,45.271790734917495]}},{"type":"Feature","properties":{"h3_id":"882769b507fffff","market_class":"true_whitespace","opportunity_score":83.1,"province":"ON","households":883},"geometry":{"type":"Point","coordinates":[-81.10840416472841,44.043642975434835]}},{"type":"Feature","properties":{"h3_id":"882b168ecdfffff","market_class":"true_whitespace","opportunity_score":84.9,"province":"QC","households":1025},"geometry":{"type":"Point","coordinates":[-68.38628398609707,48.55191380467076]}},{"type":"Feature","properties":{"h3_id":"882b8222b9fffff","market_class":"true_whitespace","opportunity_score":83.3,"province":"QC","households":1017},"geometry":{"type":"Point","coordinates":[-77.07150191860725,45.91384189817073]}},{"type":"Feature","properties":{"h3_id":"88125a5111fffff","market_class":"true_whitespace","opportunity_score":88.8,"province":"AB","households":907},"geometry":{"type":"Point","coordinates":[-110.26275328233042,52.3530026250473]}},{"type":"Feature","properties":{"h3_id":"882bae4ecdfffff","market_class":"true_whitespace","opportunity_score":84.9,"province":"QC","households":991},"geometry":{"type":"Point","coordinates":[-72.94709518363528,46.502072498523425]}},{"type":"Feature","properties":{"h3_id":"882baa7a4bfffff","market_class":"proven_market_no_pv","opportunity_score":61.8,"province":"QC","households":1109},"geometry":{"type":"Point","coordinates":[-73.62699889900445,45.44208324312002]}},{"type":"Feature","properties":{"h3_id":"882baad087fffff","market_class":"proven_market_no_pv","opportunity_score":69.1,"province":"QC","households":1049},"geometry":{"type":"Point","coordinates":[-73.14701032701083,46.01436008278305]}},{"type":"Feature","properties":{"h3_id":"882b9e0f35fffff","market_class":"true_whitespace","opportunity_score":84.0,"province":"ON","households":966},"geometry":{"type":"Point","coordinates":[-79.77181192832069,45.134058713556826]}},{"type":"Feature","properties":{"h3_id":"882b83704dfffff","market_class":"true_whitespace","opportunity_score":84.5,"province":"ON","households":834},"geometry":{"type":"Point","coordinates":[-76.71796034301124,45.30787797592921]}},{"type":"Feature","properties":{"h3_id":"882baa4547fffff","market_class":"proven_market_no_pv","opportunity_score":62.0,"province":"QC","households":1031},"geometry":{"type":"Point","coordinates":[-73.68539909081679,45.55498070105452]}},{"type":"Feature","properties":{"h3_id":"882bac58c5fffff","market_class":"proven_market_no_pv","opportunity_score":68.3,"province":"QC","households":778},"geometry":{"type":"Point","coordinates":[-71.35789446579503,46.74388052150911]}},{"type":"Feature","properties":{"h3_id":"880e497701fffff","market_class":"true_whitespace","opportunity_score":90.4,"province":"QC","households":955},"geometry":{"type":"Point","coordinates":[-68.20377376111175,49.15758447829504]}},{"type":"Feature","properties":{"h3_id":"88277405a7fffff","market_class":"true_whitespace","opportunity_score":89.3,"province":"ON","households":955},"geometry":{"type":"Point","coordinates":[-88.32494679777783,48.99787443086281]}},{"type":"Feature","properties":{"h3_id":"882baa4e57fffff","market_class":"proven_market_no_pv","opportunity_score":61.7,"province":"QC","households":1189},"geometry":{"type":"Point","coordinates":[-73.75187637284807,45.55354550594182]}},{"type":"Feature","properties":{"h3_id":"882baeccebfffff","market_class":"true_whitespace","opportunity_score":84.7,"province":"QC","households":1102},"geometry":{"type":"Point","coordinates":[-72.56127192683202,46.73166250890023]}},{"type":"Feature","properties":{"h3_id":"882baa4a6bfffff","market_class":"proven_market_no_pv","opportunity_score":64.0,"province":"QC","households":828},"geometry":{"type":"Point","coordinates":[-73.90295461658722,45.70903422568156]}},{"type":"Feature","properties":{"h3_id":"882b2e22c5fffff","market_class":"true_whitespace","opportunity_score":86.7,"province":"NS","households":1026},"geometry":{"type":"Point","coordinates":[-60.7966257105188,45.614252335768114]}},{"type":"Feature","properties":{"h3_id":"882b81b127fffff","market_class":"true_whitespace","opportunity_score":79.4,"province":"QC","households":905},"geometry":{"type":"Point","coordinates":[-74.1996644335839,45.523370291203015]}},{"type":"Feature","properties":{"h3_id":"882baac74dfffff","market_class":"true_whitespace","opportunity_score":79.8,"province":"QC","households":917},"geometry":{"type":"Point","coordinates":[-73.15380652300402,45.891308379352225]}},{"type":"Feature","properties":{"h3_id":"882b161653fffff","market_class":"proven_market_no_pv","opportunity_score":80.5,"province":"QC","households":1084},"geometry":{"type":"Point","coordinates":[-68.5149206689719,48.438567983989735]}},{"type":"Feature","properties":{"h3_id":"882bac511bfffff","market_class":"proven_market_no_pv","opportunity_score":65.4,"province":"QC","households":879},"geometry":{"type":"Point","coordinates":[-71.19649181928197,46.77752748974231]}},{"type":"Feature","properties":{"h3_id":"882b935a07fffff","market_class":"true_whitespace","opportunity_score":83.0,"province":"ON","households":774},"geometry":{"type":"Point","coordinates":[-81.31748041389139,46.37786745309656]}},{"type":"Feature","properties":{"h3_id":"882baa4e1dfffff","market_class":"proven_market_no_pv","opportunity_score":61.7,"province":"QC","households":953},"geometry":{"type":"Point","coordinates":[-73.76117124245242,45.54777130058703]}},{"type":"Feature","properties":{"h3_id":"882b010333fffff","market_class":"true_whitespace","opportunity_score":85.7,"province":"NS","households":1064},"geometry":{"type":"Point","coordinates":[-63.50186564816477,45.3157591956755]}},{"type":"Feature","properties":{"h3_id":"882bb34ee3fffff","market_class":"true_whitespace","opportunity_score":85.6,"province":"QC","households":856},"geometry":{"type":"Point","coordinates":[-78.21921631873462,48.236896964527865]}},{"type":"Feature","properties":{"h3_id":"882b122e67fffff","market_class":"true_whitespace","opportunity_score":90.0,"province":"QC","households":1055},"geometry":{"type":"Point","coordinates":[-69.77715281163127,46.96098947857709]}},{"type":"Feature","properties":{"h3_id":"882bac2103fffff","market_class":"true_whitespace","opportunity_score":82.4,"province":"QC","households":933},"geometry":{"type":"Point","coordinates":[-70.64975943199943,46.10324152233098]}},{"type":"Feature","properties":{"h3_id":"8812ec98a9fffff","market_class":"true_whitespace","opportunity_score":84.7,"province":"AB","households":901},"geometry":{"type":"Point","coordinates":[-112.78187793249367,53.76140514641877]}},{"type":"Feature","properties":{"h3_id":"882bb30d41fffff","market_class":"true_whitespace","opportunity_score":78.5,"province":"QC","households":714},"geometry":{"type":"Point","coordinates":[-77.73383749892098,48.1729617005336]}},{"type":"Feature","properties":{"h3_id":"882b83d8b7fffff","market_class":"true_whitespace","opportunity_score":88.0,"province":"QC","households":922},"geometry":{"type":"Point","coordinates":[-76.68377797739424,45.88238362603491]}},{"type":"Feature","properties":{"h3_id":"882ba0d44dfffff","market_class":"true_whitespace","opportunity_score":88.5,"province":"QC","households":960},"geometry":{"type":"Point","coordinates":[-72.20338891502263,48.89033616140146]}},{"type":"Feature","properties":{"h3_id":"8827acd59bfffff","market_class":"true_whitespace","opportunity_score":89.2,"province":"SK","households":858},"geometry":{"type":"Point","coordinates":[-102.26606483310874,49.635356362544776]}},{"type":"Feature","properties":{"h3_id":"8812599053fffff","market_class":"true_whitespace","opportunity_score":86.6,"province":"SK","households":906},"geometry":{"type":"Point","coordinates":[-106.22139540774882,52.810545328564906]}},{"type":"Feature","properties":{"h3_id":"8828dac8d3fffff","market_class":"true_whitespace","opportunity_score":84.8,"province":"BC","households":778},"geometry":{"type":"Point","coordinates":[-122.79335458231719,50.31470268154167]}},{"type":"Feature","properties":{"h3_id":"882ba86e07fffff","market_class":"true_whitespace","opportunity_score":81.5,"province":"QC","households":930},"geometry":{"type":"Point","coordinates":[-72.04124605327372,45.17000209432671]}},{"type":"Feature","properties":{"h3_id":"882bac5027fffff","market_class":"proven_market_no_pv","opportunity_score":68.3,"province":"QC","households":789},"geometry":{"type":"Point","coordinates":[-71.18437361183517,46.77470192293832]}},{"type":"Feature","properties":{"h3_id":"88271cae31fffff","market_class":"true_whitespace","opportunity_score":86.3,"province":"MB","households":879},"geometry":{"type":"Point","coordinates":[-96.9580456335588,49.31624477214245]}},{"type":"Feature","properties":{"h3_id":"8827654c49fffff","market_class":"true_whitespace","opportunity_score":89.7,"province":"ON","households":892},"geometry":{"type":"Point","coordinates":[-83.3989535088244,47.846569616021384]}},{"type":"Feature","properties":{"h3_id":"882baa4ec9fffff","market_class":"proven_market_no_pv","opportunity_score":64.3,"province":"QC","households":734},"geometry":{"type":"Point","coordinates":[-73.73189222574636,45.52613215161241]}},{"type":"Feature","properties":{"h3_id":"882b129969fffff","market_class":"true_whitespace","opportunity_score":84.7,"province":"QC","households":973},"geometry":{"type":"Point","coordinates":[-69.49460260254767,47.91679619401533]}},{"type":"Feature","properties":{"h3_id":"882ba871c7fffff","market_class":"proven_market_no_pv","opportunity_score":69.9,"province":"QC","households":1088},"geometry":{"type":"Point","coordinates":[-71.92497369700257,45.384382515272335]}},{"type":"Feature","properties":{"h3_id":"8812ce2c4bfffff","market_class":"true_whitespace","opportunity_score":89.7,"province":"AB","households":1011},"geometry":{"type":"Point","coordinates":[-114.50139387104365,49.6344757025986]}},{"type":"Feature","properties":{"h3_id":"882b98a413fffff","market_class":"true_whitespace","opportunity_score":83.1,"province":"ON","households":760},"geometry":{"type":"Point","coordinates":[-77.94968249894322,44.099208076828155]}},{"type":"Feature","properties":{"h3_id":"882708ca87fffff","market_class":"true_whitespace","opportunity_score":89.8,"province":"ON","households":941},"geometry":{"type":"Point","coordinates":[-93.83533401493823,48.62922806289442]}},{"type":"Feature","properties":{"h3_id":"882b834b0bfffff","market_class":"true_whitespace","opportunity_score":87.3,"province":"ON","households":924},"geometry":{"type":"Point","coordinates":[-77.23299974515076,45.58353173999738]}},{"type":"Feature","properties":{"h3_id":"8812ea6c61fffff","market_class":"proven_market_no_pv","opportunity_score":61.8,"province":"AB","households":783},"geometry":{"type":"Point","coordinates":[-114.05280156435882,51.151548737354545]}},{"type":"Feature","properties":{"h3_id":"882baaadbbfffff","market_class":"true_whitespace","opportunity_score":80.9,"province":"QC","households":1075},"geometry":{"type":"Point","coordinates":[-72.74502938081221,45.20436566783643]}},{"type":"Feature","properties":{"h3_id":"882bae1087fffff","market_class":"true_whitespace","opportunity_score":84.2,"province":"QC","households":1064},"geometry":{"type":"Point","coordinates":[-72.20774051122979,46.574769294766725]}},{"type":"Feature","properties":{"h3_id":"882b330db5fffff","market_class":"true_whitespace","opportunity_score":89.5,"province":"QC","households":975},"geometry":{"type":"Point","coordinates":[-65.68683906536619,48.10460367155264]}},{"type":"Feature","properties":{"h3_id":"8812195119fffff","market_class":"true_whitespace","opportunity_score":88.2,"province":"AB","households":907},"geometry":{"type":"Point","coordinates":[-118.84053345289544,55.782275312714866]}},{"type":"Feature","properties":{"h3_id":"882ba87ad7fffff","market_class":"true_whitespace","opportunity_score":73.1,"province":"QC","households":766},"geometry":{"type":"Point","coordinates":[-71.99112323370238,45.38396297778112]}},{"type":"Feature","properties":{"h3_id":"882b05cdd1fffff","market_class":"true_whitespace","opportunity_score":85.9,"province":"PE","households":870},"geometry":{"type":"Point","coordinates":[-62.70000507141562,46.41533910945966]}},{"type":"Feature","properties":{"h3_id":"8812de703bfffff","market_class":"true_whitespace","opportunity_score":88.5,"province":"BC","households":1054},"geometry":{"type":"Point","coordinates":[-119.00257008649726,49.05724626781203]}},{"type":"Feature","properties":{"h3_id":"882baa7a51fffff","market_class":"proven_market_no_pv","opportunity_score":63.3,"province":"QC","households":1108},"geometry":{"type":"Point","coordinates":[-73.62171087249116,45.42550230200001]}},{"type":"Feature","properties":{"h3_id":"88276d5549fffff","market_class":"true_whitespace","opportunity_score":88.3,"province":"ON","households":856},"geometry":{"type":"Point","coordinates":[-81.66718321571003,45.25299400768952]}},{"type":"Feature","properties":{"h3_id":"882bac6c63fffff","market_class":"true_whitespace","opportunity_score":86.9,"province":"QC","households":974},"geometry":{"type":"Point","coordinates":[-71.28769438013967,46.10499758710601]}},{"type":"Feature","properties":{"h3_id":"882bac4909fffff","market_class":"true_whitespace","opportunity_score":78.3,"province":"QC","households":808},"geometry":{"type":"Point","coordinates":[-71.57559675832732,46.66776551980873]}},{"type":"Feature","properties":{"h3_id":"88138670edfffff","market_class":"true_whitespace","opportunity_score":90.2,"province":"YT","households":806},"geometry":{"type":"Point","coordinates":[-135.03215936589726,60.70404925225896]}},{"type":"Feature","properties":{"h3_id":"882bac734bfffff","market_class":"proven_market_no_pv","opportunity_score":71.9,"province":"QC","households":849},"geometry":{"type":"Point","coordinates":[-71.01757165382662,46.44323642476788]}},{"type":"Feature","properties":{"h3_id":"882b16b925fffff","market_class":"proven_market_no_pv","opportunity_score":80.7,"province":"QC","households":865},"geometry":{"type":"Point","coordinates":[-68.51312701440165,48.4299873298752]}},{"type":"Feature","properties":{"h3_id":"882baece0dfffff","market_class":"true_whitespace","opportunity_score":86.7,"province":"QC","households":1050},"geometry":{"type":"Point","coordinates":[-72.50840328481918,46.822234671527816]}},{"type":"Feature","properties":{"h3_id":"8812d56515fffff","market_class":"true_whitespace","opportunity_score":82.9,"province":"BC","households":881},"geometry":{"type":"Point","coordinates":[-119.47213789023235,50.87473572659942]}},{"type":"Feature","properties":{"h3_id":"881aa0706dfffff","market_class":"true_whitespace","opportunity_score":87.5,"province":"NL","households":996},"geometry":{"type":"Point","coordinates":[-52.96712350443541,47.6331910470418]}},{"type":"Feature","properties":{"h3_id":"882bac2105fffff","market_class":"true_whitespace","opportunity_score":81.0,"province":"QC","households":988},"geometry":{"type":"Point","coordinates":[-70.66376706503901,46.11449105162065]}},{"type":"Feature","properties":{"h3_id":"881ab57367fffff","market_class":"true_whitespace","opportunity_score":87.5,"province":"NL","households":995},"geometry":{"type":"Point","coordinates":[-55.754275433912085,47.09577687400933]}},{"type":"Feature","properties":{"h3_id":"882bac5339fffff","market_class":"proven_market_no_pv","opportunity_score":74.6,"province":"QC","households":974},"geometry":{"type":"Point","coordinates":[-71.16375072448862,46.825272473858156]}},{"type":"Feature","properties":{"h3_id":"880e4972d3fffff","market_class":"true_whitespace","opportunity_score":89.8,"province":"QC","households":819},"geometry":{"type":"Point","coordinates":[-68.17845864189304,49.208348985186674]}},{"type":"Feature","properties":{"h3_id":"882ba871ebfffff","market_class":"proven_market_no_pv","opportunity_score":71.5,"province":"QC","households":973},"geometry":{"type":"Point","coordinates":[-71.93677273324995,45.38708739722248]}},{"type":"Feature","properties":{"h3_id":"880ec962e3fffff","market_class":"true_whitespace","opportunity_score":86.1,"province":"ON","households":914},"geometry":{"type":"Point","coordinates":[-80.69120700091828,48.76871765188268]}},{"type":"Feature","properties":{"h3_id":"882b93caadfffff","market_class":"proven_market_no_pv","opportunity_score":68.6,"province":"ON","households":1114},"geometry":{"type":"Point","coordinates":[-80.99325063433875,46.499355379314764]}},{"type":"Feature","properties":{"h3_id":"88121b1359fffff","market_class":"true_whitespace","opportunity_score":86.6,"province":"AB","households":894},"geometry":{"type":"Point","coordinates":[-119.54975338278534,55.32692392148698]}},{"type":"Feature","properties":{"h3_id":"8828d33839fffff","market_class":"true_whitespace","opportunity_score":85.0,"province":"BC","households":851},"geometry":{"type":"Point","coordinates":[-121.79069173985991,49.30269394280884]}},{"type":"Feature","properties":{"h3_id":"882baaad95fffff","market_class":"true_whitespace","opportunity_score":81.0,"province":"QC","households":1088},"geometry":{"type":"Point","coordinates":[-72.73568414931435,45.210037569341885]}},{"type":"Feature","properties":{"h3_id":"88276ed641fffff","market_class":"true_whitespace","opportunity_score":87.3,"province":"ON","households":951},"geometry":{"type":"Point","coordinates":[-83.78212139404644,46.29842314410779]}},{"type":"Feature","properties":{"h3_id":"882b8198a3fffff","market_class":"true_whitespace","opportunity_score":87.2,"province":"QC","households":973},"geometry":{"type":"Point","coordinates":[-74.45392848698123,45.84578328643685]}},{"type":"Feature","properties":{"h3_id":"882ba87a9bfffff","market_class":"true_whitespace","opportunity_score":73.2,"province":"QC","households":949},"geometry":{"type":"Point","coordinates":[-71.98645820447315,45.36733330706393]}},{"type":"Feature","properties":{"h3_id":"8812ea6c67fffff","market_class":"proven_market_no_pv","opportunity_score":61.7,"province":"AB","households":749},"geometry":{"type":"Point","coordinates":[-114.05538480172667,51.143675116552735]}},{"type":"Feature","properties":{"h3_id":"882b9db83bfffff","market_class":"true_whitespace","opportunity_score":85.0,"province":"ON","households":718},"geometry":{"type":"Point","coordinates":[-76.64951124648695,44.445220052862545]}},{"type":"Feature","properties":{"h3_id":"882baa51e1fffff","market_class":"proven_market_no_pv","opportunity_score":66.8,"province":"QC","households":822},"geometry":{"type":"Point","coordinates":[-73.70019198993668,45.774918905443485]}},{"type":"Feature","properties":{"h3_id":"88270205e7fffff","market_class":"true_whitespace","opportunity_score":85.2,"province":"MB","households":871},"geometry":{"type":"Point","coordinates":[-97.25378541894362,50.3866598054693]}},{"type":"Feature","properties":{"h3_id":"88125d0e89fffff","market_class":"true_whitespace","opportunity_score":85.1,"province":"SK","households":987},"geometry":{"type":"Point","coordinates":[-106.38953737392349,53.22507208682712]}},{"type":"Feature","properties":{"h3_id":"882bb31a39fffff","market_class":"true_whitespace","opportunity_score":86.1,"province":"QC","households":924},"geometry":{"type":"Point","coordinates":[-77.63437413243153,48.444525750846275]}},{"type":"Feature","properties":{"h3_id":"8812ea6c25fffff","market_class":"proven_market_no_pv","opportunity_score":62.2,"province":"AB","households":748},"geometry":{"type":"Point","coordinates":[-114.06054794559425,51.12792980337265]}},{"type":"Feature","properties":{"h3_id":"882bb07625fffff","market_class":"true_whitespace","opportunity_score":89.2,"province":"QC","households":905},"geometry":{"type":"Point","coordinates":[-76.99551267001762,49.056646773631726]}},{"type":"Feature","properties":{"h3_id":"882baa4567fffff","market_class":"proven_market_no_pv","opportunity_score":61.4,"province":"QC","households":854},"geometry":{"type":"Point","coordinates":[-73.71863784747586,45.55426792989371]}},{"type":"Feature","properties":{"h3_id":"8812d56893fffff","market_class":"true_whitespace","opportunity_score":86.1,"province":"BC","households":894},"geometry":{"type":"Point","coordinates":[-119.687716573588,50.819961191733164]}},{"type":"Feature","properties":{"h3_id":"882baa4835fffff","market_class":"proven_market_no_pv","opportunity_score":66.4,"province":"QC","households":767},"geometry":{"type":"Point","coordinates":[-73.99048388187035,45.63446805564951]}},{"type":"Feature","properties":{"h3_id":"88271380bbfffff","market_class":"true_whitespace","opportunity_score":86.6,"province":"MB","households":829},"geometry":{"type":"Point","coordinates":[-100.23684243699208,50.02805976692533]}},{"type":"Feature","properties":{"h3_id":"880e6ac945fffff","market_class":"true_whitespace","opportunity_score":89.9,"province":"QC","households":775},"geometry":{"type":"Point","coordinates":[-67.08480327701706,52.788168379128585]}},{"type":"Feature","properties":{"h3_id":"882baccc83fffff","market_class":"true_whitespace","opportunity_score":85.2,"province":"QC","households":851},"geometry":{"type":"Point","coordinates":[-70.88417793504414,46.71211856052427]}},{"type":"Feature","properties":{"h3_id":"882ba84839fffff","market_class":"true_whitespace","opportunity_score":82.4,"province":"QC","households":942},"geometry":{"type":"Point","coordinates":[-72.3373080923234,45.66483797001887]}},{"type":"Feature","properties":{"h3_id":"882b81a23dfffff","market_class":"proven_market_no_pv","opportunity_score":67.5,"province":"QC","households":709},"geometry":{"type":"Point","coordinates":[-74.13724660474509,45.40247265333363]}},{"type":"Feature","properties":{"h3_id":"882b9e56abfffff","market_class":"true_whitespace","opportunity_score":80.8,"province":"ON","households":773},"geometry":{"type":"Point","coordinates":[-79.93175674581124,45.331667042653976]}},{"type":"Feature","properties":{"h3_id":"8828d33b5bfffff","market_class":"true_whitespace","opportunity_score":82.8,"province":"BC","households":861},"geometry":{"type":"Point","coordinates":[-121.76648094896215,49.241630810499665]}},{"type":"Feature","properties":{"h3_id":"882baa9707fffff","market_class":"proven_market_no_pv","opportunity_score":66.9,"province":"QC","households":975},"geometry":{"type":"Point","coordinates":[-72.4743699500753,45.86697167613867]}},{"type":"Feature","properties":{"h3_id":"88125a5633fffff","market_class":"true_whitespace","opportunity_score":88.6,"province":"SK","households":794},"geometry":{"type":"Point","coordinates":[-109.94143280856062,52.32597691869652]}},{"type":"Feature","properties":{"h3_id":"882b0c585dfffff","market_class":"proven_market_no_pv","opportunity_score":70.0,"province":"NS","households":713},"geometry":{"type":"Point","coordinates":[-63.463877070497894,44.61559468240714]}},{"type":"Feature","properties":{"h3_id":"8812d880b5fffff","market_class":"true_whitespace","opportunity_score":84.0,"province":"BC","households":859},"geometry":{"type":"Point","coordinates":[-117.27754801289667,49.19397393861935]}},{"type":"Feature","properties":{"h3_id":"880e9a0001fffff","market_class":"true_whitespace","opportunity_score":89.7,"province":"MB","households":828},"geometry":{"type":"Point","coordinates":[-97.86261650668642,55.7386062355114]}},{"type":"Feature","properties":{"h3_id":"8827006a41fffff","market_class":"true_whitespace","opportunity_score":88.3,"province":"MB","households":855},"geometry":{"type":"Point","coordinates":[-96.22147173189319,50.565065436253164]}},{"type":"Feature","properties":{"h3_id":"8828d1ad87fffff","market_class":"true_whitespace","opportunity_score":70.1,"province":"BC","households":795},"geometry":{"type":"Point","coordinates":[-123.44773648835421,48.57463937633406]}},{"type":"Feature","properties":{"h3_id":"8812e0c9a3fffff","market_class":"true_whitespace","opportunity_score":87.3,"province":"AB","households":862},"geometry":{"type":"Point","coordinates":[-116.80082534690709,54.39570230634652]}},{"type":"Feature","properties":{"h3_id":"88120cce45fffff","market_class":"true_whitespace","opportunity_score":89.5,"province":"AB","households":874},"geometry":{"type":"Point","coordinates":[-116.02106044608077,58.388830795024795]}},{"type":"Feature","properties":{"h3_id":"882b144205fffff","market_class":"true_whitespace","opportunity_score":88.9,"province":"QC","households":971},"geometry":{"type":"Point","coordinates":[-67.68657144399693,48.56531233458534]}},{"type":"Feature","properties":{"h3_id":"882b803885fffff","market_class":"true_whitespace","opportunity_score":87.4,"province":"QC","households":960},"geometry":{"type":"Point","coordinates":[-75.62764906855863,46.09274388862501]}},{"type":"Feature","properties":{"h3_id":"882baa49cbfffff","market_class":"proven_market_no_pv","opportunity_score":68.0,"province":"QC","households":727},"geometry":{"type":"Point","coordinates":[-73.99976623283877,45.6286699425807]}},{"type":"Feature","properties":{"h3_id":"882ba871cdfffff","market_class":"proven_market_no_pv","opportunity_score":67.2,"province":"QC","households":1005},"geometry":{"type":"Point","coordinates":[-71.91781506121238,45.39831076414613]}},{"type":"Feature","properties":{"h3_id":"8812d629a9fffff","market_class":"true_whitespace","opportunity_score":89.0,"province":"BC","households":933},"geometry":{"type":"Point","coordinates":[-121.94139383127296,50.68506373941011]}},{"type":"Feature","properties":{"h3_id":"8828dd065bfffff","market_class":"true_whitespace","opportunity_score":89.0,"province":"BC","households":850},"geometry":{"type":"Point","coordinates":[-125.90998721754193,49.15024758832308]}},{"type":"Feature","properties":{"h3_id":"882ba862c5fffff","market_class":"true_whitespace","opportunity_score":77.4,"province":"QC","households":895},"geometry":{"type":"Point","coordinates":[-71.89487540148504,45.276320969331216]}},{"type":"Feature","properties":{"h3_id":"882b161639fffff","market_class":"true_whitespace","opportunity_score":81.5,"province":"QC","households":796},"geometry":{"type":"Point","coordinates":[-68.56074541876305,48.43403541730042]}},{"type":"Feature","properties":{"h3_id":"882bacca91fffff","market_class":"true_whitespace","opportunity_score":87.0,"province":"QC","households":830},"geometry":{"type":"Point","coordinates":[-70.91599310887281,46.87805834484007]}},{"type":"Feature","properties":{"h3_id":"882baa765bfffff","market_class":"true_whitespace","opportunity_score":69.8,"province":"QC","households":900},"geometry":{"type":"Point","coordinates":[-73.25841652034892,45.293534976438465]}},{"type":"Feature","properties":{"h3_id":"882b81cac7fffff","market_class":"true_whitespace","opportunity_score":86.9,"province":"QC","households":950},"geometry":{"type":"Point","coordinates":[-75.05531906193961,45.88899545769576]}},{"type":"Feature","properties":{"h3_id":"882bac58e1fffff","market_class":"proven_market_no_pv","opportunity_score":68.2,"province":"QC","households":662},"geometry":{"type":"Point","coordinates":[-71.37985586104223,46.7410631470144]}},{"type":"Feature","properties":{"h3_id":"882b81820bfffff","market_class":"true_whitespace","opportunity_score":77.1,"province":"QC","households":814},"geometry":{"type":"Point","coordinates":[-74.24201102921478,45.81795637118796]}},{"type":"Feature","properties":{"h3_id":"8813528eb9fffff","market_class":"proven_market_no_pv","opportunity_score":81.2,"province":"NT_NU","households":608},"geometry":{"type":"Point","coordinates":[-114.41238125091228,62.435075385582586]}},{"type":"Feature","properties":{"h3_id":"882bac5337fffff","market_class":"proven_market_no_pv","opportunity_score":71.5,"province":"QC","households":924},"geometry":{"type":"Point","coordinates":[-71.18350740611451,46.814054215125736]}},{"type":"Feature","properties":{"h3_id":"8812dd7999fffff","market_class":"true_whitespace","opportunity_score":88.5,"province":"BC","households":947},"geometry":{"type":"Point","coordinates":[-116.52250750927628,49.09560698124399]}},{"type":"Feature","properties":{"h3_id":"8812dca4e7fffff","market_class":"true_whitespace","opportunity_score":88.1,"province":"BC","households":879},"geometry":{"type":"Point","coordinates":[-116.91395462748478,49.91125454048527]}},{"type":"Feature","properties":{"h3_id":"881386711bfffff","market_class":"true_whitespace","opportunity_score":89.6,"province":"YT","households":606},"geometry":{"type":"Point","coordinates":[-135.10661799572935,60.693154529329455]}},{"type":"Feature","properties":{"h3_id":"882baacf3dfffff","market_class":"proven_market_no_pv","opportunity_score":66.3,"province":"QC","households":695},"geometry":{"type":"Point","coordinates":[-73.42056074173125,45.84751699036667]}},{"type":"Feature","properties":{"h3_id":"882ba87139fffff","market_class":"proven_market_no_pv","opportunity_score":70.0,"province":"QC","households":902},"geometry":{"type":"Point","coordinates":[-71.95555424123192,45.41474377292658]}},{"type":"Feature","properties":{"h3_id":"882ba86aebfffff","market_class":"proven_market_no_pv","opportunity_score":74.9,"province":"QC","households":792},"geometry":{"type":"Point","coordinates":[-72.13527791844396,45.26911088489566]}},{"type":"Feature","properties":{"h3_id":"8827125933fffff","market_class":"true_whitespace","opportunity_score":86.8,"province":"SK","households":872},"geometry":{"type":"Point","coordinates":[-102.93292940007366,50.4120875310963]}},{"type":"Feature","properties":{"h3_id":"8812aa28a5fffff","market_class":"true_whitespace","opportunity_score":88.7,"province":"BC","households":832},"geometry":{"type":"Point","coordinates":[-124.84537019583854,54.05153330280949]}},{"type":"Feature","properties":{"h3_id":"882ba546e5fffff","market_class":"true_whitespace","opportunity_score":69.2,"province":"QC","households":775},"geometry":{"type":"Point","coordinates":[-71.04260260570368,48.44671857381016]}},{"type":"Feature","properties":{"h3_id":"882b2e50dbfffff","market_class":"true_whitespace","opportunity_score":88.4,"province":"NS","households":931},"geometry":{"type":"Point","coordinates":[-61.23469429058057,46.272310245911314]}},{"type":"Feature","properties":{"h3_id":"8827a6b8e3fffff","market_class":"true_whitespace","opportunity_score":88.0,"province":"SK","households":790},"geometry":{"type":"Point","coordinates":[-105.99944775119265,51.264110290065595]}},{"type":"Feature","properties":{"h3_id":"882b930031fffff","market_class":"true_whitespace","opportunity_score":85.3,"province":"ON","households":801},"geometry":{"type":"Point","coordinates":[-80.62363689131647,46.10604182910006]}},{"type":"Feature","properties":{"h3_id":"8828d12c03fffff","market_class":"true_whitespace","opportunity_score":88.2,"province":"BC","households":849},"geometry":{"type":"Point","coordinates":[-123.32079661166813,48.881731073857914]}},{"type":"Feature","properties":{"h3_id":"882b3149c9fffff","market_class":"true_whitespace","opportunity_score":89.1,"province":"QC","households":887},"geometry":{"type":"Point","coordinates":[-64.60494525196926,48.36612163230102]}},{"type":"Feature","properties":{"h3_id":"882baa4cd1fffff","market_class":"proven_market_no_pv","opportunity_score":61.9,"province":"QC","households":632},"geometry":{"type":"Point","coordinates":[-73.78885021220334,45.46085328993587]}},{"type":"Feature","properties":{"h3_id":"8812ecc83bfffff","market_class":"proven_market_no_pv","opportunity_score":62.4,"province":"AB","households":722},"geometry":{"type":"Point","coordinates":[-113.42493415239163,53.532664333954294]}},{"type":"Feature","properties":{"h3_id":"88125bb621fffff","market_class":"true_whitespace","opportunity_score":82.3,"province":"SK","households":760},"geometry":{"type":"Point","coordinates":[-107.13084337940009,51.92781551099251]}},{"type":"Feature","properties":{"h3_id":"8812dc76abfffff","market_class":"true_whitespace","opportunity_score":85.8,"province":"BC","households":924},"geometry":{"type":"Point","coordinates":[-117.56616069180387,49.615143958449]}},{"type":"Feature","properties":{"h3_id":"882b910987fffff","market_class":"true_whitespace","opportunity_score":82.6,"province":"ON","households":731},"geometry":{"type":"Point","coordinates":[-79.27317840437176,46.183151402838924]}},{"type":"Feature","properties":{"h3_id":"882baa4527fffff","market_class":"proven_market_no_pv","opportunity_score":61.5,"province":"QC","households":978},"geometry":{"type":"Point","coordinates":[-73.73456245874132,45.53442802720576]}},{"type":"Feature","properties":{"h3_id":"8813528e87fffff","market_class":"proven_market_no_pv","opportunity_score":80.7,"province":"NT_NU","households":587},"geometry":{"type":"Point","coordinates":[-114.42584945392585,62.4409044357303]}},{"type":"Feature","properties":{"h3_id":"880ec929b3fffff","market_class":"true_whitespace","opportunity_score":88.2,"province":"ON","households":824},"geometry":{"type":"Point","coordinates":[-80.43918132986497,48.58700019828415]}},{"type":"Feature","properties":{"h3_id":"882baad69dfffff","market_class":"true_whitespace","opportunity_score":85.5,"province":"QC","households":865},"geometry":{"type":"Point","coordinates":[-72.93651101230653,45.91422104270804]}},{"type":"Feature","properties":{"h3_id":"88276caf57fffff","market_class":"true_whitespace","opportunity_score":88.6,"province":"ON","households":1021},"geometry":{"type":"Point","coordinates":[-81.72195324623738,45.80748754120518]}},{"type":"Feature","properties":{"h3_id":"882b12d69bfffff","market_class":"proven_market_no_pv","opportunity_score":79.5,"province":"QC","households":903},"geometry":{"type":"Point","coordinates":[-69.53235951483612,47.829576087253294]}},{"type":"Feature","properties":{"h3_id":"8812dc8a2bfffff","market_class":"true_whitespace","opportunity_score":88.7,"province":"BC","households":848},"geometry":{"type":"Point","coordinates":[-117.80502437268696,50.240222986270695]}},{"type":"Feature","properties":{"h3_id":"88272bcb13fffff","market_class":"true_whitespace","opportunity_score":88.9,"province":"ON","households":633},"geometry":{"type":"Point","coordinates":[-91.9198935341204,50.07771806868287]}},{"type":"Feature","properties":{"h3_id":"882b813965fffff","market_class":"true_whitespace","opportunity_score":82.1,"province":"ON","households":746},"geometry":{"type":"Point","coordinates":[-74.86791140636629,45.259207820580684]}},{"type":"Feature","properties":{"h3_id":"882ba850ddfffff","market_class":"true_whitespace","opportunity_score":83.6,"province":"QC","households":959},"geometry":{"type":"Point","coordinates":[-71.9325792322462,45.76823416190049]}},{"type":"Feature","properties":{"h3_id":"88271368c1fffff","market_class":"true_whitespace","opportunity_score":88.4,"province":"MB","households":791},"geometry":{"type":"Point","coordinates":[-100.99285992263097,49.2669440610907]}},{"type":"Feature","properties":{"h3_id":"882b9b6869fffff","market_class":"true_whitespace","opportunity_score":79.0,"province":"ON","households":755},"geometry":{"type":"Point","coordinates":[-79.94988913188779,43.071702579814875]}},{"type":"Feature","properties":{"h3_id":"8828d12c4dfffff","market_class":"true_whitespace","opportunity_score":87.8,"province":"BC","households":825},"geometry":{"type":"Point","coordinates":[-123.30246765706123,48.852562268687684]}},{"type":"Feature","properties":{"h3_id":"8812ab55ddfffff","market_class":"true_whitespace","opportunity_score":87.9,"province":"BC","households":753},"geometry":{"type":"Point","coordinates":[-124.00869668689413,54.029050765022795]}},{"type":"Feature","properties":{"h3_id":"882b9156b5fffff","market_class":"true_whitespace","opportunity_score":78.4,"province":"ON","households":673},"geometry":{"type":"Point","coordinates":[-79.28228075368622,46.32917055104833]}},{"type":"Feature","properties":{"h3_id":"8828d8c095fffff","market_class":"true_whitespace","opportunity_score":84.2,"province":"BC","households":824},"geometry":{"type":"Point","coordinates":[-124.03339488005744,49.60805216407585]}},{"type":"Feature","properties":{"h3_id":"882bac2811fffff","market_class":"true_whitespace","opportunity_score":82.7,"province":"QC","households":852},"geometry":{"type":"Point","coordinates":[-70.78735376436087,46.073198505256386]}},{"type":"Feature","properties":{"h3_id":"880e4db833fffff","market_class":"true_whitespace","opportunity_score":89.2,"province":"QC","households":758},"geometry":{"type":"Point","coordinates":[-66.41656339708956,50.26941897131892]}},{"type":"Feature","properties":{"h3_id":"8827088923fffff","market_class":"true_whitespace","opportunity_score":88.8,"province":"ON","households":747},"geometry":{"type":"Point","coordinates":[-93.39376099146598,48.6109836180873]}},{"type":"Feature","properties":{"h3_id":"882b8310d9fffff","market_class":"true_whitespace","opportunity_score":84.4,"province":"QC","households":784},"geometry":{"type":"Point","coordinates":[-76.22811016575086,45.52275083828611]}},{"type":"Feature","properties":{"h3_id":"882ba126e5fffff","market_class":"proven_market_no_pv","opportunity_score":69.1,"province":"QC","households":673},"geometry":{"type":"Point","coordinates":[-71.20070051343947,46.92095988884213]}},{"type":"Feature","properties":{"h3_id":"882baa9715fffff","market_class":"proven_market_no_pv","opportunity_score":69.1,"province":"QC","households":884},"geometry":{"type":"Point","coordinates":[-72.4599550607999,45.855961407607296]}},{"type":"Feature","properties":{"h3_id":"8828d3719bfffff","market_class":"true_whitespace","opportunity_score":85.9,"province":"BC","households":755},"geometry":{"type":"Point","coordinates":[-121.41095437280516,49.37874002817492]}},{"type":"Feature","properties":{"h3_id":"880e4970c3fffff","market_class":"true_whitespace","opportunity_score":88.9,"province":"QC","households":754},"geometry":{"type":"Point","coordinates":[-68.27002490530016,49.19091735778534]}},{"type":"Feature","properties":{"h3_id":"880e492419fffff","market_class":"true_whitespace","opportunity_score":88.6,"province":"QC","households":901},"geometry":{"type":"Point","coordinates":[-67.69366913245838,48.787815555312044]}},{"type":"Feature","properties":{"h3_id":"882ab6ab67fffff","market_class":"true_whitespace","opportunity_score":81.7,"province":"ON","households":616},"geometry":{"type":"Point","coordinates":[-82.0911473240123,43.06540124647168]}},{"type":"Feature","properties":{"h3_id":"882b168667fffff","market_class":"true_whitespace","opportunity_score":88.5,"province":"QC","households":867},"geometry":{"type":"Point","coordinates":[-68.1952658023404,48.59223023696073]}},{"type":"Feature","properties":{"h3_id":"882b1694a3fffff","market_class":"true_whitespace","opportunity_score":88.5,"province":"QC","households":920},"geometry":{"type":"Point","coordinates":[-68.12797963027388,48.607394805044024]}},{"type":"Feature","properties":{"h3_id":"8827a0126dfffff","market_class":"true_whitespace","opportunity_score":85.0,"province":"SK","households":771},"geometry":{"type":"Point","coordinates":[-104.98090965267863,50.790675677011684]}},{"type":"Feature","properties":{"h3_id":"882b161655fffff","market_class":"proven_market_no_pv","opportunity_score":78.8,"province":"QC","households":993},"geometry":{"type":"Point","coordinates":[-68.52907271772675,48.450308346396284]}},{"type":"Feature","properties":{"h3_id":"882ba89005fffff","market_class":"true_whitespace","opportunity_score":87.9,"province":"QC","households":902},"geometry":{"type":"Point","coordinates":[-70.93665855062466,45.959300815260505]}},{"type":"Feature","properties":{"h3_id":"881b831533fffff","market_class":"true_whitespace","opportunity_score":89.0,"province":"NL","households":863},"geometry":{"type":"Point","coordinates":[-55.59655227213448,51.369885687345466]}},{"type":"Feature","properties":{"h3_id":"882bac5021fffff","market_class":"proven_market_no_pv","opportunity_score":65.4,"province":"QC","households":748},"geometry":{"type":"Point","coordinates":[-71.17450545880686,46.78030981584335]}},{"type":"Feature","properties":{"h3_id":"882b16165dfffff","market_class":"proven_market_no_pv","opportunity_score":77.8,"province":"QC","households":964},"geometry":{"type":"Point","coordinates":[-68.51851016470194,48.4557309680987]}},{"type":"Feature","properties":{"h3_id":"882bac5317fffff","market_class":"proven_market_no_pv","opportunity_score":70.6,"province":"QC","households":814},"geometry":{"type":"Point","coordinates":[-71.14937592142894,46.81400393148765]}},{"type":"Feature","properties":{"h3_id":"882b9a3463fffff","market_class":"true_whitespace","opportunity_score":73.1,"province":"ON","households":649},"geometry":{"type":"Point","coordinates":[-79.86942802278331,43.87184663676582]}},{"type":"Feature","properties":{"h3_id":"88276ed191fffff","market_class":"true_whitespace","opportunity_score":86.4,"province":"ON","households":756},"geometry":{"type":"Point","coordinates":[-84.03609203314569,46.290051642529164]}},{"type":"Feature","properties":{"h3_id":"881aa212b7fffff","market_class":"true_whitespace","opportunity_score":87.6,"province":"NL","households":845},"geometry":{"type":"Point","coordinates":[-53.95473085045408,47.244564598982194]}},{"type":"Feature","properties":{"h3_id":"8812521749fffff","market_class":"true_whitespace","opportunity_score":87.8,"province":"AB","households":785},"geometry":{"type":"Point","coordinates":[-112.80479734693931,54.58891711085956]}},{"type":"Feature","properties":{"h3_id":"8812522025fffff","market_class":"true_whitespace","opportunity_score":86.9,"province":"AB","households":777},"geometry":{"type":"Point","coordinates":[-112.48033268814487,54.118779312861456]}},{"type":"Feature","properties":{"h3_id":"882bac2a59fffff","market_class":"proven_market_no_pv","opportunity_score":76.8,"province":"QC","households":828},"geometry":{"type":"Point","coordinates":[-70.69180458716099,46.136989058762424]}},{"type":"Feature","properties":{"h3_id":"882baa0e55fffff","market_class":"true_whitespace","opportunity_score":68.4,"province":"QC","households":802},"geometry":{"type":"Point","coordinates":[-73.16961920576662,45.43680656055512]}},{"type":"Feature","properties":{"h3_id":"8828d37095fffff","market_class":"true_whitespace","opportunity_score":85.1,"province":"BC","households":956},"geometry":{"type":"Point","coordinates":[-121.47038664192705,49.366935696792616]}},{"type":"Feature","properties":{"h3_id":"8812d564ebfffff","market_class":"true_whitespace","opportunity_score":81.9,"province":"BC","households":749},"geometry":{"type":"Point","coordinates":[-119.36319093722214,50.875999925084734]}},{"type":"Feature","properties":{"h3_id":"8812e85abbfffff","market_class":"true_whitespace","opportunity_score":84.8,"province":"AB","households":799},"geometry":{"type":"Point","coordinates":[-113.29685070315742,52.23041284180537]}},{"type":"Feature","properties":{"h3_id":"882b2edb3dfffff","market_class":"true_whitespace","opportunity_score":88.3,"province":"NS","households":842},"geometry":{"type":"Point","coordinates":[-61.00694592035702,46.63521742142353]}},{"type":"Feature","properties":{"h3_id":"880e9a0009fffff","market_class":"true_whitespace","opportunity_score":88.9,"province":"MB","households":778},"geometry":{"type":"Point","coordinates":[-97.8556397894503,55.74646275490058]}},{"type":"Feature","properties":{"h3_id":"8812cc8acbfffff","market_class":"true_whitespace","opportunity_score":77.1,"province":"AB","households":560},"geometry":{"type":"Point","coordinates":[-113.67902077171026,50.958638785072964]}},{"type":"Feature","properties":{"h3_id":"882ba1a4e3fffff","market_class":"true_whitespace","opportunity_score":82.6,"province":"QC","households":807},"geometry":{"type":"Point","coordinates":[-70.7684615972949,47.14488619670971]}},{"type":"Feature","properties":{"h3_id":"882ba5445bfffff","market_class":"true_whitespace","opportunity_score":68.0,"province":"QC","households":754},"geometry":{"type":"Point","coordinates":[-71.05287452510265,48.44105785703895]}},{"type":"Feature","properties":{"h3_id":"882bac211dfffff","market_class":"true_whitespace","opportunity_score":81.0,"province":"QC","households":843},"geometry":{"type":"Point","coordinates":[-70.63786953924824,46.10038210900661]}},{"type":"Feature","properties":{"h3_id":"882702a861fffff","market_class":"true_whitespace","opportunity_score":83.6,"province":"MB","households":797},"geometry":{"type":"Point","coordinates":[-96.96964930221053,50.50148504265296]}},{"type":"Feature","properties":{"h3_id":"880e4db899fffff","market_class":"true_whitespace","opportunity_score":88.9,"province":"QC","households":655},"geometry":{"type":"Point","coordinates":[-66.3601954475936,50.220810058545396]}},{"type":"Feature","properties":{"h3_id":"882b314a39fffff","market_class":"true_whitespace","opportunity_score":88.7,"province":"QC","households":956},"geometry":{"type":"Point","coordinates":[-64.49358416772793,48.39922211890138]}},{"type":"Feature","properties":{"h3_id":"880e4db8bbfffff","market_class":"true_whitespace","opportunity_score":88.9,"province":"QC","households":825},"geometry":{"type":"Point","coordinates":[-66.39535868560142,50.21374136478308]}},{"type":"Feature","properties":{"h3_id":"8827a4132bfffff","market_class":"true_whitespace","opportunity_score":84.5,"province":"SK","households":771},"geometry":{"type":"Point","coordinates":[-105.02316932207154,51.854097805270825]}},{"type":"Feature","properties":{"h3_id":"882712095bfffff","market_class":"true_whitespace","opportunity_score":87.7,"province":"SK","households":766},"geometry":{"type":"Point","coordinates":[-102.26094052829275,50.33137822317437]}},{"type":"Feature","properties":{"h3_id":"882baa75e1fffff","market_class":"true_whitespace","opportunity_score":81.2,"province":"QC","households":748},"geometry":{"type":"Point","coordinates":[-73.4503136400818,45.23442976371472]}},{"type":"Feature","properties":{"h3_id":"8812edca3bfffff","market_class":"true_whitespace","opportunity_score":85.0,"province":"AB","households":748},"geometry":{"type":"Point","coordinates":[-111.7780476023917,53.090321292738814]}},{"type":"Feature","properties":{"h3_id":"88125345ebfffff","market_class":"true_whitespace","opportunity_score":83.1,"province":"AB","households":788},"geometry":{"type":"Point","coordinates":[-111.74699947582864,53.715949272252125]}},{"type":"Feature","properties":{"h3_id":"88271cb129fffff","market_class":"true_whitespace","opportunity_score":83.0,"province":"MB","households":727},"geometry":{"type":"Point","coordinates":[-97.04500338116759,49.59800004057886]}},{"type":"Feature","properties":{"h3_id":"882baad0d5fffff","market_class":"proven_market_no_pv","opportunity_score":68.2,"province":"QC","households":752},"geometry":{"type":"Point","coordinates":[-73.11601506064537,46.02324814411183]}},{"type":"Feature","properties":{"h3_id":"880e4db8b9fffff","market_class":"true_whitespace","opportunity_score":88.8,"province":"QC","households":751},"geometry":{"type":"Point","coordinates":[-66.3967774043742,50.222445541891986]}},{"type":"Feature","properties":{"h3_id":"8812eb60cdfffff","market_class":"true_whitespace","opportunity_score":83.8,"province":"AB","households":812},"geometry":{"type":"Point","coordinates":[-112.46747298526512,50.78773567379824]}},{"type":"Feature","properties":{"h3_id":"882ba88151fffff","market_class":"true_whitespace","opportunity_score":87.6,"province":"QC","households":823},"geometry":{"type":"Point","coordinates":[-71.09489719558957,45.83974534527502]}},{"type":"Feature","properties":{"h3_id":"881aa21099fffff","market_class":"true_whitespace","opportunity_score":87.5,"province":"NL","households":820},"geometry":{"type":"Point","coordinates":[-53.93662900346343,47.219034552138865]}},{"type":"Feature","properties":{"h3_id":"882bac628dfffff","market_class":"true_whitespace","opportunity_score":85.8,"province":"QC","households":859},"geometry":{"type":"Point","coordinates":[-71.07139571916898,46.21940438047503]}},{"type":"Feature","properties":{"h3_id":"88125ab5c3fffff","market_class":"true_whitespace","opportunity_score":85.9,"province":"SK","households":772},"geometry":{"type":"Point","coordinates":[-108.7044107896422,52.41323248560816]}},{"type":"Feature","properties":{"h3_id":"880e4970cbfffff","market_class":"true_whitespace","opportunity_score":88.5,"province":"QC","households":824},"geometry":{"type":"Point","coordinates":[-68.2592473301034,49.19633731680498]}},{"type":"Feature","properties":{"h3_id":"882bac4153fffff","market_class":"true_whitespace","opportunity_score":69.7,"province":"QC","households":679},"geometry":{"type":"Point","coordinates":[-71.31092000920209,46.6539980769885]}},{"type":"Feature","properties":{"h3_id":"882bac583bfffff","market_class":"proven_market_no_pv","opportunity_score":64.3,"province":"QC","households":651},"geometry":{"type":"Point","coordinates":[-71.3844313410847,46.7579224414513]}},{"type":"Feature","properties":{"h3_id":"88271ca029fffff","market_class":"true_whitespace","opportunity_score":82.2,"province":"MB","households":737},"geometry":{"type":"Point","coordinates":[-96.987010647139,49.442298900860486]}},{"type":"Feature","properties":{"h3_id":"8812cc99c7fffff","market_class":"proven_market_no_pv","opportunity_score":64.8,"province":"AB","households":602},"geometry":{"type":"Point","coordinates":[-113.82733858463098,51.03163799924658]}},{"type":"Feature","properties":{"h3_id":"882bac6c2bfffff","market_class":"true_whitespace","opportunity_score":85.5,"province":"QC","households":886},"geometry":{"type":"Point","coordinates":[-71.29516179309614,46.0910270455054]}},{"type":"Feature","properties":{"h3_id":"880e4db897fffff","market_class":"true_whitespace","opportunity_score":88.8,"province":"QC","households":788},"geometry":{"type":"Point","coordinates":[-66.38269479517588,50.21029617829619]}},{"type":"Feature","properties":{"h3_id":"882bac58e7fffff","market_class":"proven_market_no_pv","opportunity_score":68.3,"province":"QC","households":728},"geometry":{"type":"Point","coordinates":[-71.38969137090584,46.73543855816881]}},{"type":"Feature","properties":{"h3_id":"88270c98b9fffff","market_class":"true_whitespace","opportunity_score":88.0,"province":"ON","households":681},"geometry":{"type":"Point","coordinates":[-92.82606387680158,49.79854967700158]}},{"type":"Feature","properties":{"h3_id":"8812e126ebfffff","market_class":"proven_market_no_pv","opportunity_score":61.1,"province":"AB","households":772},"geometry":{"type":"Point","coordinates":[-113.57433385188772,53.49378214679157]}},{"type":"Feature","properties":{"h3_id":"882baa0a67fffff","market_class":"proven_market_no_pv","opportunity_score":61.9,"province":"QC","households":592},"geometry":{"type":"Point","coordinates":[-73.33690449298214,45.5813658683754]}},{"type":"Feature","properties":{"h3_id":"882baa4e53fffff","market_class":"proven_market_no_pv","opportunity_score":60.7,"province":"QC","households":1068},"geometry":{"type":"Point","coordinates":[-73.73990592469053,45.55102156528008]}},{"type":"Feature","properties":{"h3_id":"882baa4541fffff","market_class":"proven_market_no_pv","opportunity_score":59.7,"province":"QC","households":912},"geometry":{"type":"Point","coordinates":[-73.67609343599237,45.560748952771]}},{"type":"Feature","properties":{"h3_id":"882b9eac4bfffff","market_class":"true_whitespace","opportunity_score":83.2,"province":"ON","households":705},"geometry":{"type":"Point","coordinates":[-79.10075484721392,45.02059991504753]}},{"type":"Feature","properties":{"h3_id":"882ab55357fffff","market_class":"true_whitespace","opportunity_score":82.2,"province":"ON","households":762},"geometry":{"type":"Point","coordinates":[-80.41628592469164,42.66033423625914]}},{"type":"Feature","properties":{"h3_id":"882bac7331fffff","market_class":"true_whitespace","opportunity_score":75.6,"province":"QC","households":751},"geometry":{"type":"Point","coordinates":[-71.06439201849129,46.406922883812356]}},{"type":"Feature","properties":{"h3_id":"882ba871a5fffff","market_class":"true_whitespace","opportunity_score":72.2,"province":"QC","households":676},"geometry":{"type":"Point","coordinates":[-71.97699041471472,45.37294859091055]}},{"type":"Feature","properties":{"h3_id":"882b12d691fffff","market_class":"proven_market_no_pv","opportunity_score":78.0,"province":"QC","households":905},"geometry":{"type":"Point","coordinates":[-69.5446339065618,47.832608144961895]}},{"type":"Feature","properties":{"h3_id":"882b8e4e45fffff","market_class":"true_whitespace","opportunity_score":83.1,"province":"ON","households":719},"geometry":{"type":"Point","coordinates":[-76.12894225120529,44.551908415827754]}},{"type":"Feature","properties":{"h3_id":"8827b4aee1fffff","market_class":"true_whitespace","opportunity_score":85.4,"province":"SK","households":727},"geometry":{"type":"Point","coordinates":[-108.74898763258983,51.15207037106848]}},{"type":"Feature","properties":{"h3_id":"882bac1ad9fffff","market_class":"true_whitespace","opportunity_score":86.1,"province":"QC","households":840},"geometry":{"type":"Point","coordinates":[-70.65853367996579,46.62681180582236]}},{"type":"Feature","properties":{"h3_id":"882baa2aedfffff","market_class":"true_whitespace","opportunity_score":81.7,"province":"QC","households":772},"geometry":{"type":"Point","coordinates":[-73.18616859644943,45.13106746994079]}},{"type":"Feature","properties":{"h3_id":"882baacf33fffff","market_class":"proven_market_no_pv","opportunity_score":63.1,"province":"QC","households":772},"geometry":{"type":"Point","coordinates":[-73.41530263010306,45.83086473580756]}},{"type":"Feature","properties":{"h3_id":"8812584b61fffff","market_class":"true_whitespace","opportunity_score":85.8,"province":"SK","households":871},"geometry":{"type":"Point","coordinates":[-109.02010294898571,52.74548013180617]}},{"type":"Feature","properties":{"h3_id":"881386702dfffff","market_class":"true_whitespace","opportunity_score":88.7,"province":"YT","households":594},"geometry":{"type":"Point","coordinates":[-135.11157098409453,60.70896210910572]}},{"type":"Feature","properties":{"h3_id":"8812cd0091fffff","market_class":"true_whitespace","opportunity_score":81.3,"province":"AB","households":834},"geometry":{"type":"Point","coordinates":[-112.11330465562709,50.069926677266686]}},{"type":"Feature","properties":{"h3_id":"882baeb043fffff","market_class":"true_whitespace","opportunity_score":82.8,"province":"QC","households":780},"geometry":{"type":"Point","coordinates":[-71.60179459056832,46.51613834656651]}},{"type":"Feature","properties":{"h3_id":"882bac5981fffff","market_class":"proven_market_no_pv","opportunity_score":67.0,"province":"QC","households":637},"geometry":{"type":"Point","coordinates":[-71.44802634700496,46.741013527543885]}},{"type":"Feature","properties":{"h3_id":"882baa29b5fffff","market_class":"true_whitespace","opportunity_score":84.8,"province":"QC","households":766},"geometry":{"type":"Point","coordinates":[-73.34200629497467,45.06451453451762]}},{"type":"Feature","properties":{"h3_id":"882b81cd63fffff","market_class":"true_whitespace","opportunity_score":83.8,"province":"QC","households":789},"geometry":{"type":"Point","coordinates":[-75.1203373875561,45.7861699417155]}},{"type":"Feature","properties":{"h3_id":"882ba87153fffff","market_class":"proven_market_no_pv","opportunity_score":67.7,"province":"QC","households":703},"geometry":{"type":"Point","coordinates":[-71.91297209319875,45.420559568357184]}},{"type":"Feature","properties":{"h3_id":"8827759937fffff","market_class":"true_whitespace","opportunity_score":87.9,"province":"ON","households":755},"geometry":{"type":"Point","coordinates":[-87.09767703232174,48.7849145414348]}},{"type":"Feature","properties":{"h3_id":"882b124553fffff","market_class":"true_whitespace","opportunity_score":81.7,"province":"QC","households":761},"geometry":{"type":"Point","coordinates":[-70.32493272614806,47.47754327271415]}},{"type":"Feature","properties":{"h3_id":"882b161603fffff","market_class":"proven_market_no_pv","opportunity_score":79.9,"province":"QC","households":813},"geometry":{"type":"Point","coordinates":[-68.5501903445916,48.43946057028621]}},{"type":"Feature","properties":{"h3_id":"8812dd78adfffff","market_class":"true_whitespace","opportunity_score":87.5,"province":"BC","households":840},"geometry":{"type":"Point","coordinates":[-116.50935832922019,49.10536724455646]}},{"type":"Feature","properties":{"h3_id":"882baa4837fffff","market_class":"proven_market_no_pv","opportunity_score":63.5,"province":"QC","households":631},"geometry":{"type":"Point","coordinates":[-73.98775941620671,45.626169624394315]}},{"type":"Feature","properties":{"h3_id":"882b12d693fffff","market_class":"proven_market_no_pv","opportunity_score":77.6,"province":"QC","households":823},"geometry":{"type":"Point","coordinates":[-69.54265789800202,47.82407818259844]}},{"type":"Feature","properties":{"h3_id":"882b93d801fffff","market_class":"true_whitespace","opportunity_score":75.4,"province":"ON","households":629},"geometry":{"type":"Point","coordinates":[-80.9532276298691,46.65300513162213]}},{"type":"Feature","properties":{"h3_id":"882ab435cbfffff","market_class":"true_whitespace","opportunity_score":75.9,"province":"ON","households":662},"geometry":{"type":"Point","coordinates":[-80.49292783916614,42.847688504746486]}},{"type":"Feature","properties":{"h3_id":"882bacab39fffff","market_class":"true_whitespace","opportunity_score":87.3,"province":"QC","households":765},"geometry":{"type":"Point","coordinates":[-70.3448632332439,46.408749164838994]}},{"type":"Feature","properties":{"h3_id":"8827ad9331fffff","market_class":"true_whitespace","opportunity_score":87.3,"province":"MB","households":731},"geometry":{"type":"Point","coordinates":[-100.49048384198831,49.19044801142267]}},{"type":"Feature","properties":{"h3_id":"882b938d61fffff","market_class":"true_whitespace","opportunity_score":86.4,"province":"ON","households":749},"geometry":{"type":"Point","coordinates":[-80.39282443658375,46.32238599867052]}},{"type":"Feature","properties":{"h3_id":"8812ab5595fffff","market_class":"true_whitespace","opportunity_score":86.9,"province":"BC","households":724},"geometry":{"type":"Point","coordinates":[-123.99890780936143,54.00043772065377]}},{"type":"Feature","properties":{"h3_id":"8828dacf25fffff","market_class":"true_whitespace","opportunity_score":83.0,"province":"BC","households":745},"geometry":{"type":"Point","coordinates":[-122.80331263326268,50.319656013826204]}},{"type":"Feature","properties":{"h3_id":"8827a1b609fffff","market_class":"true_whitespace","opportunity_score":87.6,"province":"SK","households":760},"geometry":{"type":"Point","coordinates":[-102.62664050080416,50.10366863921101]}},{"type":"Feature","properties":{"h3_id":"882b01cb5bfffff","market_class":"true_whitespace","opportunity_score":86.6,"province":"NS","households":833},"geometry":{"type":"Point","coordinates":[-63.70230120920527,45.761823488086534]}},{"type":"Feature","properties":{"h3_id":"8827053a37fffff","market_class":"true_whitespace","opportunity_score":88.1,"province":"ON","households":725},"geometry":{"type":"Point","coordinates":[-93.83277866659331,51.020089463146405]}},{"type":"Feature","properties":{"h3_id":"882b1401e9fffff","market_class":"true_whitespace","opportunity_score":86.8,"province":"QC","households":904},"geometry":{"type":"Point","coordinates":[-67.22801287616775,48.35311332126282]}},{"type":"Feature","properties":{"h3_id":"88124b44a1fffff","market_class":"true_whitespace","opportunity_score":87.2,"province":"SK","households":813},"geometry":{"type":"Point","coordinates":[-103.80249480987324,51.94517419192746]}},{"type":"Feature","properties":{"h3_id":"8812e4db0bfffff","market_class":"true_whitespace","opportunity_score":86.1,"province":"AB","households":769},"geometry":{"type":"Point","coordinates":[-117.20522297937686,55.73876650090706]}},{"type":"Feature","properties":{"h3_id":"882bae72e7fffff","market_class":"proven_market_no_pv","opportunity_score":65.2,"province":"QC","households":633},"geometry":{"type":"Point","coordinates":[-72.6302254618213,46.35468232003319]}},{"type":"Feature","properties":{"h3_id":"882ba126a5fffff","market_class":"proven_market_no_pv","opportunity_score":65.1,"province":"QC","households":590},"geometry":{"type":"Point","coordinates":[-71.21822793665635,46.90128359580394]}},{"type":"Feature","properties":{"h3_id":"8812cc9821fffff","market_class":"proven_market_no_pv","opportunity_score":66.3,"province":"AB","households":596},"geometry":{"type":"Point","coordinates":[-113.82901299010346,51.061146563606016]}},{"type":"Feature","properties":{"h3_id":"88276ed28dfffff","market_class":"true_whitespace","opportunity_score":85.0,"province":"ON","households":652},"geometry":{"type":"Point","coordinates":[-83.91841591134941,46.35154982666629]}},{"type":"Feature","properties":{"h3_id":"882bac2129fffff","market_class":"true_whitespace","opportunity_score":78.8,"province":"QC","households":818},"geometry":{"type":"Point","coordinates":[-70.67566286922396,46.11734831289881]}},{"type":"Feature","properties":{"h3_id":"882b910ae7fffff","market_class":"true_whitespace","opportunity_score":83.5,"province":"ON","households":748},"geometry":{"type":"Point","coordinates":[-79.14515032739514,46.23148677422257]}},{"type":"Feature","properties":{"h3_id":"88273414ddfffff","market_class":"true_whitespace","opportunity_score":88.4,"province":"MB","households":899},"geometry":{"type":"Point","coordinates":[-97.77082584658903,54.627539784565876]}},{"type":"Feature","properties":{"h3_id":"882b16052bfffff","market_class":"true_whitespace","opportunity_score":87.8,"province":"QC","households":813},"geometry":{"type":"Point","coordinates":[-68.86947792716798,48.29347779211825]}},{"type":"Feature","properties":{"h3_id":"880e496dc5fffff","market_class":"true_whitespace","opportunity_score":88.0,"province":"QC","households":802},"geometry":{"type":"Point","coordinates":[-68.64708159784671,48.952132552045285]}},{"type":"Feature","properties":{"h3_id":"882b9dbb6bfffff","market_class":"true_whitespace","opportunity_score":83.9,"province":"ON","households":708},"geometry":{"type":"Point","coordinates":[-76.67537334195393,44.54075236292584]}},{"type":"Feature","properties":{"h3_id":"8827128245fffff","market_class":"true_whitespace","opportunity_score":85.6,"province":"SK","households":799},"geometry":{"type":"Point","coordinates":[-101.7088998244417,50.84334902252281]}},{"type":"Feature","properties":{"h3_id":"882baa5125fffff","market_class":"proven_market_no_pv","opportunity_score":66.4,"province":"QC","households":648},"geometry":{"type":"Point","coordinates":[-73.74703317399785,45.81578463703452]}},{"type":"Feature","properties":{"h3_id":"882b9b6863fffff","market_class":"true_whitespace","opportunity_score":80.2,"province":"ON","households":554},"geometry":{"type":"Point","coordinates":[-79.95428485811368,43.0576836434833]}},{"type":"Feature","properties":{"h3_id":"882bac2163fffff","market_class":"true_whitespace","opportunity_score":78.5,"province":"QC","households":853},"geometry":{"type":"Point","coordinates":[-70.66588387687781,46.12288289949993]}},{"type":"Feature","properties":{"h3_id":"8827a5729bfffff","market_class":"true_whitespace","opportunity_score":83.8,"province":"SK","households":776},"geometry":{"type":"Point","coordinates":[-103.54603568418263,50.804663278460126]}},{"type":"Feature","properties":{"h3_id":"882b9b6861fffff","market_class":"true_whitespace","opportunity_score":79.1,"province":"ON","households":635},"geometry":{"type":"Point","coordinates":[-79.95790002499854,43.06560763385667]}},{"type":"Feature","properties":{"h3_id":"882b81b75bfffff","market_class":"proven_market_no_pv","opportunity_score":62.7,"province":"QC","households":525},"geometry":{"type":"Point","coordinates":[-73.9253773120318,45.435468738982124]}},{"type":"Feature","properties":{"h3_id":"882b9a346bfffff","market_class":"true_whitespace","opportunity_score":73.4,"province":"ON","households":545},"geometry":{"type":"Point","coordinates":[-79.8612621558684,43.877990134058464]}},{"type":"Feature","properties":{"h3_id":"882baacabbfffff","market_class":"proven_market_no_pv","opportunity_score":72.7,"province":"QC","households":608},"geometry":{"type":"Point","coordinates":[-73.42431661641561,45.89492155153604]}},{"type":"Feature","properties":{"h3_id":"882bac58e9fffff","market_class":"proven_market_no_pv","opportunity_score":64.5,"province":"QC","households":541},"geometry":{"type":"Point","coordinates":[-71.37001794345788,46.746687096255926]}},{"type":"Feature","properties":{"h3_id":"8812ee8d13fffff","market_class":"true_whitespace","opportunity_score":83.5,"province":"AB","households":727},"geometry":{"type":"Point","coordinates":[-114.02861192055103,52.95804855312532]}},{"type":"Feature","properties":{"h3_id":"882b12280dfffff","market_class":"true_whitespace","opportunity_score":87.6,"province":"QC","households":828},"geometry":{"type":"Point","coordinates":[-69.93601297526374,47.05591926218709]}},{"type":"Feature","properties":{"h3_id":"882b9b2e21fffff","market_class":"true_whitespace","opportunity_score":74.5,"province":"ON","households":683},"geometry":{"type":"Point","coordinates":[-79.21553294262513,42.87253659994669]}},{"type":"Feature","properties":{"h3_id":"882b00c641fffff","market_class":"true_whitespace","opportunity_score":83.5,"province":"PE","households":775},"geometry":{"type":"Point","coordinates":[-63.95575578565499,46.60148078877704]}},{"type":"Feature","properties":{"h3_id":"882bac7545fffff","market_class":"true_whitespace","opportunity_score":84.0,"province":"QC","households":768},"geometry":{"type":"Point","coordinates":[-70.9954616888206,46.272379446535396]}},{"type":"Feature","properties":{"h3_id":"882b9aa125fffff","market_class":"true_whitespace","opportunity_score":71.0,"province":"ON","households":686},"geometry":{"type":"Point","coordinates":[-79.80266633796099,44.158728585084724]}},{"type":"Feature","properties":{"h3_id":"882b81195dfffff","market_class":"true_whitespace","opportunity_score":83.4,"province":"QC","households":777},"geometry":{"type":"Point","coordinates":[-74.9492317092226,45.65216929990999]}},{"type":"Feature","properties":{"h3_id":"882b9d025bfffff","market_class":"true_whitespace","opportunity_score":81.7,"province":"ON","households":703},"geometry":{"type":"Point","coordinates":[-76.99575759058413,44.486153134260846]}},{"type":"Feature","properties":{"h3_id":"882ba871a1fffff","market_class":"true_whitespace","opportunity_score":69.7,"province":"QC","households":656},"geometry":{"type":"Point","coordinates":[-71.96519213522109,45.37024824422991]}},{"type":"Feature","properties":{"h3_id":"881aa06365fffff","market_class":"true_whitespace","opportunity_score":71.4,"province":"NL","households":626},"geometry":{"type":"Point","coordinates":[-52.98700027430414,47.508337030332235]}},{"type":"Feature","properties":{"h3_id":"882ba892c1fffff","market_class":"true_whitespace","opportunity_score":87.0,"province":"QC","households":751},"geometry":{"type":"Point","coordinates":[-70.82440731687004,45.95612617871911]}},{"type":"Feature","properties":{"h3_id":"882b9b686dfffff","market_class":"true_whitespace","opportunity_score":74.2,"province":"ON","households":571},"geometry":{"type":"Point","coordinates":[-79.9615164317597,43.073532178980024]}},{"type":"Feature","properties":{"h3_id":"882ba57969fffff","market_class":"true_whitespace","opportunity_score":72.0,"province":"QC","households":603},"geometry":{"type":"Point","coordinates":[-71.3229854636082,48.35054416144914]}},{"type":"Feature","properties":{"h3_id":"882bac59abfffff","market_class":"proven_market_no_pv","opportunity_score":67.8,"province":"QC","households":572},"geometry":{"type":"Point","coordinates":[-71.46998291365894,46.7381787881081]}},{"type":"Feature","properties":{"h3_id":"882b80a741fffff","market_class":"true_whitespace","opportunity_score":84.5,"province":"QC","households":758},"geometry":{"type":"Point","coordinates":[-74.93425859020077,46.251525197084646]}},{"type":"Feature","properties":{"h3_id":"880e4d3aadfffff","market_class":"true_whitespace","opportunity_score":88.1,"province":"QC","households":686},"geometry":{"type":"Point","coordinates":[-66.89528080995517,50.024793211642944]}},{"type":"Feature","properties":{"h3_id":"8813867025fffff","market_class":"true_whitespace","opportunity_score":88.2,"province":"YT","households":524},"geometry":{"type":"Point","coordinates":[-135.1090938299263,60.70105817868397]}},{"type":"Feature","properties":{"h3_id":"88124a4ae3fffff","market_class":"true_whitespace","opportunity_score":85.9,"province":"SK","households":760},"geometry":{"type":"Point","coordinates":[-105.74222012948569,52.64999252255231]}},{"type":"Feature","properties":{"h3_id":"8827b6d997fffff","market_class":"true_whitespace","opportunity_score":86.4,"province":"AB","households":750},"geometry":{"type":"Point","coordinates":[-111.51840220223305,50.97534855342945]}},{"type":"Feature","properties":{"h3_id":"8828dd8931fffff","market_class":"true_whitespace","opportunity_score":87.3,"province":"BC","households":738},"geometry":{"type":"Point","coordinates":[-125.54586899576137,48.94100749307962]}},{"type":"Feature","properties":{"h3_id":"882ba87113fffff","market_class":"proven_market_no_pv","opportunity_score":67.6,"province":"QC","households":768},"geometry":{"type":"Point","coordinates":[-71.92961725070944,45.401016822772725]}},{"type":"Feature","properties":{"h3_id":"882b0ec09dfffff","market_class":"true_whitespace","opportunity_score":82.6,"province":"NS","households":786},"geometry":{"type":"Point","coordinates":[-64.45719680174395,44.736371608462065]}},{"type":"Feature","properties":{"h3_id":"882bae8627fffff","market_class":"true_whitespace","opportunity_score":74.9,"province":"QC","households":655},"geometry":{"type":"Point","coordinates":[-71.71409388198859,46.67580660049465]}},{"type":"Feature","properties":{"h3_id":"882ba5b593fffff","market_class":"true_whitespace","opportunity_score":87.2,"province":"QC","households":778},"geometry":{"type":"Point","coordinates":[-69.79989794257403,48.225190881621515]}},{"type":"Feature","properties":{"h3_id":"882b1d0c1dfffff","market_class":"true_whitespace","opportunity_score":83.7,"province":"NS","households":782},"geometry":{"type":"Point","coordinates":[-66.11091399016586,44.34122166905636]}},{"type":"Feature","properties":{"h3_id":"882ba8b06dfffff","market_class":"true_whitespace","opportunity_score":87.1,"province":"QC","households":685},"geometry":{"type":"Point","coordinates":[-70.8380960334535,45.57466832341975]}},{"type":"Feature","properties":{"h3_id":"882b14c949fffff","market_class":"true_whitespace","opportunity_score":87.5,"province":"QC","households":848},"geometry":{"type":"Point","coordinates":[-67.52753070811279,48.842152324250286]}},{"type":"Feature","properties":{"h3_id":"882baa56a3fffff","market_class":"proven_market_no_pv","opportunity_score":60.0,"province":"QC","households":581},"geometry":{"type":"Point","coordinates":[-73.4430393437803,45.63509949455813]}},{"type":"Feature","properties":{"h3_id":"882baad08dfffff","market_class":"proven_market_no_pv","opportunity_score":65.4,"province":"QC","households":744},"geometry":{"type":"Point","coordinates":[-73.14012875685462,46.028451092460415]}},{"type":"Feature","properties":{"h3_id":"8812ecc81dfffff","market_class":"proven_market_no_pv","opportunity_score":60.3,"province":"AB","households":593},"geometry":{"type":"Point","coordinates":[-113.41912497431123,53.548771187107924]}},{"type":"Feature","properties":{"h3_id":"882ba871a7fffff","market_class":"true_whitespace","opportunity_score":71.6,"province":"QC","households":624},"geometry":{"type":"Point","coordinates":[-71.9746607088105,45.364634101812705]}},{"type":"Feature","properties":{"h3_id":"882bae054bfffff","market_class":"true_whitespace","opportunity_score":81.4,"province":"QC","households":687},"geometry":{"type":"Point","coordinates":[-72.27036807287813,46.400324433063616]}},{"type":"Feature","properties":{"h3_id":"88270c8a59fffff","market_class":"true_whitespace","opportunity_score":87.3,"province":"ON","households":623},"geometry":{"type":"Point","coordinates":[-92.83349284478726,49.77623191514463]}},{"type":"Feature","properties":{"h3_id":"882b9b4ddbfffff","market_class":"proven_market_no_pv","opportunity_score":63.2,"province":"ON","households":520},"geometry":{"type":"Point","coordinates":[-79.99757476964807,43.27063588536239]}},{"type":"Feature","properties":{"h3_id":"882bacc299fffff","market_class":"true_whitespace","opportunity_score":86.3,"province":"QC","households":750},"geometry":{"type":"Point","coordinates":[-70.66689889399683,46.882492304029824]}},{"type":"Feature","properties":{"h3_id":"8812946f33fffff","market_class":"true_whitespace","opportunity_score":88.0,"province":"BC","households":835},"geometry":{"type":"Point","coordinates":[-132.07378755825647,53.25240914171455]}},{"type":"Feature","properties":{"h3_id":"882bac4691fffff","market_class":"proven_market_no_pv","opportunity_score":69.3,"province":"QC","households":719},"geometry":{"type":"Point","coordinates":[-71.04601435263365,46.46572478020844]}},{"type":"Feature","properties":{"h3_id":"882babd309fffff","market_class":"true_whitespace","opportunity_score":82.4,"province":"QC","households":715},"geometry":{"type":"Point","coordinates":[-72.33532905337691,45.19800069780842]}},{"type":"Feature","properties":{"h3_id":"882b822f3bfffff","market_class":"true_whitespace","opportunity_score":76.0,"province":"ON","households":549},"geometry":{"type":"Point","coordinates":[-77.27880194637248,45.83586436804403]}},{"type":"Feature","properties":{"h3_id":"8827154c21fffff","market_class":"true_whitespace","opportunity_score":82.0,"province":"MB","households":836},"geometry":{"type":"Point","coordinates":[-99.52653214929163,51.05810423119265]}},{"type":"Feature","properties":{"h3_id":"882b9a614dfffff","market_class":"true_whitespace","opportunity_score":83.9,"province":"ON","households":736},"geometry":{"type":"Point","coordinates":[-80.73185636689966,43.97364705043939]}},{"type":"Feature","properties":{"h3_id":"882ba8015dfffff","market_class":"true_whitespace","opportunity_score":81.7,"province":"QC","households":747},"geometry":{"type":"Point","coordinates":[-71.56822105349077,45.57493710572598]}},{"type":"Feature","properties":{"h3_id":"882baad75dfffff","market_class":"true_whitespace","opportunity_score":75.0,"province":"QC","households":715},"geometry":{"type":"Point","coordinates":[-73.02218547182343,46.010735777806225]}},{"type":"Feature","properties":{"h3_id":"882bac589dfffff","market_class":"proven_market_no_pv","opportunity_score":65.1,"province":"QC","households":539},"geometry":{"type":"Point","coordinates":[-71.34877070774283,46.71016687520638]}},{"type":"Feature","properties":{"h3_id":"882b128947fffff","market_class":"true_whitespace","opportunity_score":81.8,"province":"QC","households":665},"geometry":{"type":"Point","coordinates":[-69.61070253628795,47.768519971039105]}},{"type":"Feature","properties":{"h3_id":"882ba8bae9fffff","market_class":"true_whitespace","opportunity_score":87.0,"province":"QC","households":777},"geometry":{"type":"Point","coordinates":[-70.97611655706498,45.55283735782592]}},{"type":"Feature","properties":{"h3_id":"882b9a4303fffff","market_class":"true_whitespace","opportunity_score":80.8,"province":"ON","households":653},"geometry":{"type":"Point","coordinates":[-80.86856974388141,44.37214356112817]}},{"type":"Feature","properties":{"h3_id":"8812ec9909fffff","market_class":"true_whitespace","opportunity_score":80.6,"province":"AB","households":687},"geometry":{"type":"Point","coordinates":[-112.9163266188835,53.801738066719686]}},{"type":"Feature","properties":{"h3_id":"882baa98d7fffff","market_class":"true_whitespace","opportunity_score":80.3,"province":"QC","households":774},"geometry":{"type":"Point","coordinates":[-72.75899460816841,45.88315977012569]}},{"type":"Feature","properties":{"h3_id":"8812d07051fffff","market_class":"true_whitespace","opportunity_score":83.5,"province":"BC","households":773},"geometry":{"type":"Point","coordinates":[-120.81089018158174,50.490784839132736]}},{"type":"Feature","properties":{"h3_id":"8828d9ca35fffff","market_class":"true_whitespace","opportunity_score":71.9,"province":"BC","households":592},"geometry":{"type":"Point","coordinates":[-125.21018377744976,49.9503612445432]}},{"type":"Feature","properties":{"h3_id":"882ba54409fffff","market_class":"true_whitespace","opportunity_score":67.1,"province":"QC","households":655},"geometry":{"type":"Point","coordinates":[-71.09063128847751,48.449726117724474]}},{"type":"Feature","properties":{"h3_id":"8812c805cbfffff","market_class":"true_whitespace","opportunity_score":85.2,"province":"AB","households":747},"geometry":{"type":"Point","coordinates":[-113.3128074291115,49.4651372267269]}},{"type":"Feature","properties":{"h3_id":"8812ce6c55fffff","market_class":"true_whitespace","opportunity_score":86.6,"province":"BC","households":585},"geometry":{"type":"Point","coordinates":[-115.06292355990156,49.524989857482744]}},{"type":"Feature","properties":{"h3_id":"882bab9929fffff","market_class":"true_whitespace","opportunity_score":84.5,"province":"QC","households":781},"geometry":{"type":"Point","coordinates":[-72.0884640074044,45.02563305429661]}},{"type":"Feature","properties":{"h3_id":"8828d8b16bfffff","market_class":"true_whitespace","opportunity_score":83.4,"province":"BC","households":767},"geometry":{"type":"Point","coordinates":[-124.82658519926382,49.53922066665402]}},{"type":"Feature","properties":{"h3_id":"8828d268adfffff","market_class":"true_whitespace","opportunity_score":83.2,"province":"BC","households":855},"geometry":{"type":"Point","coordinates":[-119.83204284974194,49.205481669485195]}},{"type":"Feature","properties":{"h3_id":"882ba87adbfffff","market_class":"proven_market_no_pv","opportunity_score":68.5,"province":"QC","households":685},"geometry":{"type":"Point","coordinates":[-71.96984942770189,45.386879044077425]}},{"type":"Feature","properties":{"h3_id":"882baa3925fffff","market_class":"true_whitespace","opportunity_score":71.9,"province":"QC","households":617},"geometry":{"type":"Point","coordinates":[-73.26514900301441,45.27952952332013]}},{"type":"Feature","properties":{"h3_id":"882ba85359fffff","market_class":"true_whitespace","opportunity_score":81.5,"province":"QC","households":721},"geometry":{"type":"Point","coordinates":[-71.95352679447024,45.882430976595394]}},{"type":"Feature","properties":{"h3_id":"8812d564e5fffff","market_class":"true_whitespace","opportunity_score":80.1,"province":"BC","households":624},"geometry":{"type":"Point","coordinates":[-119.38582193732745,50.87108475765567]}},{"type":"Feature","properties":{"h3_id":"882b104163fffff","market_class":"true_whitespace","opportunity_score":82.6,"province":"QC","households":787},"geometry":{"type":"Point","coordinates":[-68.7922552514284,47.61143021734464]}},{"type":"Feature","properties":{"h3_id":"882baa4913fffff","market_class":"proven_market_no_pv","opportunity_score":66.3,"province":"QC","households":632},"geometry":{"type":"Point","coordinates":[-74.02651592372652,45.64196530112486]}},{"type":"Feature","properties":{"h3_id":"882ab40717fffff","market_class":"proven_market_no_pv","opportunity_score":64.8,"province":"ON","households":735},"geometry":{"type":"Point","coordinates":[-80.74322447437106,43.14953926620421]}},{"type":"Feature","properties":{"h3_id":"8812e8ac41fffff","market_class":"true_whitespace","opportunity_score":84.6,"province":"AB","households":708},"geometry":{"type":"Point","coordinates":[-111.90647674150983,52.22061104588768]}},{"type":"Feature","properties":{"h3_id":"882b9bc145fffff","market_class":"proven_market_no_pv","opportunity_score":59.7,"province":"ON","households":544},"geometry":{"type":"Point","coordinates":[-79.57952793993138,43.7889553936204]}},{"type":"Feature","properties":{"h3_id":"8812e85241fffff","market_class":"true_whitespace","opportunity_score":81.4,"province":"AB","households":660},"geometry":{"type":"Point","coordinates":[-113.18911266760377,52.39764439194493]}},{"type":"Feature","properties":{"h3_id":"8813528e9dfffff","market_class":"proven_market_no_pv","opportunity_score":78.6,"province":"NT_NU","households":604},"geometry":{"type":"Point","coordinates":[-114.39190705248173,62.44619686120045]}},{"type":"Feature","properties":{"h3_id":"882baa19b1fffff","market_class":"proven_market_no_pv","opportunity_score":61.8,"province":"QC","households":521},"geometry":{"type":"Point","coordinates":[-73.34470456526017,45.60629157956013]}},{"type":"Feature","properties":{"h3_id":"881aa69691fffff","market_class":"true_whitespace","opportunity_score":85.4,"province":"NL","households":734},"geometry":{"type":"Point","coordinates":[-54.04428561689854,48.68575920643442]}},{"type":"Feature","properties":{"h3_id":"8812e14f19fffff","market_class":"true_whitespace","opportunity_score":82.7,"province":"AB","households":721},"geometry":{"type":"Point","coordinates":[-115.01799766756135,53.60352483701737]}},{"type":"Feature","properties":{"h3_id":"882bac346dfffff","market_class":"true_whitespace","opportunity_score":86.6,"province":"QC","households":760},"geometry":{"type":"Point","coordinates":[-70.35191696124994,46.1179627358305]}},{"type":"Feature","properties":{"h3_id":"882ba86345fffff","market_class":"true_whitespace","opportunity_score":72.9,"province":"QC","households":628},"geometry":{"type":"Point","coordinates":[-71.99359101722484,45.35340418376062]}},{"type":"Feature","properties":{"h3_id":"8827118215fffff","market_class":"true_whitespace","opportunity_score":86.1,"province":"MB","households":692},"geometry":{"type":"Point","coordinates":[-98.64972937302373,50.550609265726195]}},{"type":"Feature","properties":{"h3_id":"882ba871edfffff","market_class":"proven_market_no_pv","opportunity_score":65.5,"province":"QC","households":866},"geometry":{"type":"Point","coordinates":[-71.95089944678034,45.3981080762233]}},{"type":"Feature","properties":{"h3_id":"882baacdc9fffff","market_class":"proven_market_no_pv","opportunity_score":63.8,"province":"QC","households":595},"geometry":{"type":"Point","coordinates":[-73.42357304986676,45.78605235943595]}},{"type":"Feature","properties":{"h3_id":"882b9b686bfffff","market_class":"true_whitespace","opportunity_score":79.6,"province":"ON","households":528},"geometry":{"type":"Point","coordinates":[-79.9462748494706,43.06377779605156]}},{"type":"Feature","properties":{"h3_id":"882b9bcaabfffff","market_class":"proven_market_no_pv","opportunity_score":61.3,"province":"ON","households":756},"geometry":{"type":"Point","coordinates":[-79.65770213296945,43.71977815000436]}},{"type":"Feature","properties":{"h3_id":"882ba094d9fffff","market_class":"true_whitespace","opportunity_score":80.2,"province":"QC","households":709},"geometry":{"type":"Point","coordinates":[-71.5306530925076,48.66981721852035]}},{"type":"Feature","properties":{"h3_id":"881259d48dfffff","market_class":"true_whitespace","opportunity_score":81.0,"province":"SK","households":680},"geometry":{"type":"Point","coordinates":[-106.65205599326622,52.61975915838463]}},{"type":"Feature","properties":{"h3_id":"880ecb8047fffff","market_class":"true_whitespace","opportunity_score":83.4,"province":"ON","households":696},"geometry":{"type":"Point","coordinates":[-81.63037985846088,49.279463496151415]}},{"type":"Feature","properties":{"h3_id":"882b816757fffff","market_class":"true_whitespace","opportunity_score":80.2,"province":"ON","households":642},"geometry":{"type":"Point","coordinates":[-75.088455813266,45.126912480862536]}},{"type":"Feature","properties":{"h3_id":"8828d1ae13fffff","market_class":"proven_market_no_pv","opportunity_score":65.5,"province":"BC","households":570},"geometry":{"type":"Point","coordinates":[-123.53333261051083,48.47568688032226]}},{"type":"Feature","properties":{"h3_id":"882ba8713bfffff","market_class":"proven_market_no_pv","opportunity_score":65.6,"province":"QC","households":802},"geometry":{"type":"Point","coordinates":[-71.95322640683654,45.406425610602035]}},{"type":"Feature","properties":{"h3_id":"882703c9e1fffff","market_class":"true_whitespace","opportunity_score":80.0,"province":"MB","households":622},"geometry":{"type":"Point","coordinates":[-96.65557880287791,50.08468914597846]}},{"type":"Feature","properties":{"h3_id":"882bacc6b1fffff","market_class":"true_whitespace","opportunity_score":86.5,"province":"QC","households":768},"geometry":{"type":"Point","coordinates":[-70.59634970638137,46.738727126252506]}},{"type":"Feature","properties":{"h3_id":"882b8e1b37fffff","market_class":"true_whitespace","opportunity_score":75.4,"province":"ON","households":603},"geometry":{"type":"Point","coordinates":[-75.68006863913976,44.67833110693382]}},{"type":"Feature","properties":{"h3_id":"882baa45bbfffff","market_class":"proven_market_no_pv","opportunity_score":63.0,"province":"QC","households":553},"geometry":{"type":"Point","coordinates":[-73.67739798188076,45.46049764723785]}},{"type":"Feature","properties":{"h3_id":"882bae1217fffff","market_class":"true_whitespace","opportunity_score":83.2,"province":"QC","households":803},"geometry":{"type":"Point","coordinates":[-72.13975962830494,46.65391023081881]}},{"type":"Feature","properties":{"h3_id":"8828d885c1fffff","market_class":"true_whitespace","opportunity_score":86.9,"province":"BC","households":812},"geometry":{"type":"Point","coordinates":[-124.70156940278264,49.515574777417136]}},{"type":"Feature","properties":{"h3_id":"882b326357fffff","market_class":"true_whitespace","opportunity_score":87.3,"province":"QC","households":822},"geometry":{"type":"Point","coordinates":[-66.67747681370525,49.09826982414604]}},{"type":"Feature","properties":{"h3_id":"882ba3b9e3fffff","market_class":"true_whitespace","opportunity_score":86.9,"province":"QC","households":746},"geometry":{"type":"Point","coordinates":[-72.78597565366296,47.43423504360004]}},{"type":"Feature","properties":{"h3_id":"882b8510d9fffff","market_class":"true_whitespace","opportunity_score":84.9,"province":"QC","households":781},"geometry":{"type":"Point","coordinates":[-73.82050525938908,46.56217736296994]}},{"type":"Feature","properties":{"h3_id":"882baad0c5fffff","market_class":"proven_market_no_pv","opportunity_score":65.1,"province":"QC","households":717},"geometry":{"type":"Point","coordinates":[-73.13324284481338,46.04254339214133]}},{"type":"Feature","properties":{"h3_id":"882ba12555fffff","market_class":"proven_market_no_pv","opportunity_score":65.3,"province":"QC","households":514},"geometry":{"type":"Point","coordinates":[-71.3200950749866,46.94074721608428]}},{"type":"Feature","properties":{"h3_id":"881aa07889fffff","market_class":"true_whitespace","opportunity_score":73.3,"province":"NL","households":561},"geometry":{"type":"Point","coordinates":[-53.02256343363428,47.488642515591806]}},{"type":"Feature","properties":{"h3_id":"882ab42d91fffff","market_class":"true_whitespace","opportunity_score":81.2,"province":"ON","households":665},"geometry":{"type":"Point","coordinates":[-80.79858053748025,42.65278477196644]}},{"type":"Feature","properties":{"h3_id":"882baa54c9fffff","market_class":"proven_market_no_pv","opportunity_score":61.4,"province":"QC","households":501},"geometry":{"type":"Point","coordinates":[-73.4523890016582,45.629347039544086]}},{"type":"Feature","properties":{"h3_id":"882b81a353fffff","market_class":"proven_market_no_pv","opportunity_score":68.2,"province":"QC","households":489},"geometry":{"type":"Point","coordinates":[-74.16664880547653,45.42398486692972]}},{"type":"Feature","properties":{"h3_id":"882b9e50d3fffff","market_class":"true_whitespace","opportunity_score":75.0,"province":"ON","households":581},"geometry":{"type":"Point","coordinates":[-80.07236725911034,45.4132664112213]}},{"type":"Feature","properties":{"h3_id":"881b9e6dddfffff","market_class":"true_whitespace","opportunity_score":82.4,"province":"NL","households":733},"geometry":{"type":"Point","coordinates":[-58.07055292083888,49.0207552840103]}},{"type":"Feature","properties":{"h3_id":"882ba50d23fffff","market_class":"true_whitespace","opportunity_score":73.7,"province":"QC","households":709},"geometry":{"type":"Point","coordinates":[-70.8542075356934,48.314959793976406]}},{"type":"Feature","properties":{"h3_id":"882ba01b5dfffff","market_class":"true_whitespace","opportunity_score":78.7,"province":"QC","households":685},"geometry":{"type":"Point","coordinates":[-72.45268300375793,48.64847618752181]}},{"type":"Feature","properties":{"h3_id":"882b00b13bfffff","market_class":"true_whitespace","opportunity_score":81.8,"province":"PE","households":690},"geometry":{"type":"Point","coordinates":[-63.49431142342353,46.23519671582113]}},{"type":"Feature","properties":{"h3_id":"88271242edfffff","market_class":"true_whitespace","opportunity_score":86.0,"province":"SK","households":709},"geometry":{"type":"Point","coordinates":[-102.5852176065936,50.38032516119467]}},{"type":"Feature","properties":{"h3_id":"882bac0841fffff","market_class":"true_whitespace","opportunity_score":76.3,"province":"QC","households":671},"geometry":{"type":"Point","coordinates":[-70.89199959266867,46.524133115974465]}},{"type":"Feature","properties":{"h3_id":"882baa8463fffff","market_class":"true_whitespace","opportunity_score":82.0,"province":"QC","households":699},"geometry":{"type":"Point","coordinates":[-72.5777712479901,45.68738107446021]}},{"type":"Feature","properties":{"h3_id":"8812cc998dfffff","market_class":"proven_market_no_pv","opportunity_score":65.1,"province":"AB","households":526},"geometry":{"type":"Point","coordinates":[-113.82996411460941,51.023772770258574]}},{"type":"Feature","properties":{"h3_id":"882baad085fffff","market_class":"proven_market_no_pv","opportunity_score":65.6,"province":"QC","households":724},"geometry":{"type":"Point","coordinates":[-73.14959863340675,46.02270514610713]}},{"type":"Feature","properties":{"h3_id":"882b9315cdfffff","market_class":"true_whitespace","opportunity_score":85.4,"province":"ON","households":687},"geometry":{"type":"Point","coordinates":[-80.42718178347351,46.13042759593115]}},{"type":"Feature","properties":{"h3_id":"88124b9ab5fffff","market_class":"true_whitespace","opportunity_score":86.4,"province":"SK","households":753},"geometry":{"type":"Point","coordinates":[-103.26131419886502,52.59801808199447]}},{"type":"Feature","properties":{"h3_id":"882bac0a91fffff","market_class":"true_whitespace","opportunity_score":82.1,"province":"QC","households":672},"geometry":{"type":"Point","coordinates":[-70.80906423517075,46.464933688543695]}},{"type":"Feature","properties":{"h3_id":"88138c66b9fffff","market_class":"true_whitespace","opportunity_score":87.5,"province":"YT","households":697},"geometry":{"type":"Point","coordinates":[-128.70157255195878,60.06419187287752]}},{"type":"Feature","properties":{"h3_id":"8812eab523fffff","market_class":"true_whitespace","opportunity_score":85.0,"province":"AB","households":702},"geometry":{"type":"Point","coordinates":[-113.22584158852632,51.8287200350749]}},{"type":"Feature","properties":{"h3_id":"8812dc8a07fffff","market_class":"true_whitespace","opportunity_score":86.9,"province":"BC","households":634},"geometry":{"type":"Point","coordinates":[-117.79365707223349,50.242498508413675]}},{"type":"Feature","properties":{"h3_id":"882b314805fffff","market_class":"true_whitespace","opportunity_score":87.2,"province":"QC","households":740},"geometry":{"type":"Point","coordinates":[-64.57214218051847,48.381215653116385]}},{"type":"Feature","properties":{"h3_id":"88124b18bbfffff","market_class":"true_whitespace","opportunity_score":86.7,"province":"SK","households":758},"geometry":{"type":"Point","coordinates":[-103.52117105556698,52.15950398328185]}},{"type":"Feature","properties":{"h3_id":"882bb620bdfffff","market_class":"true_whitespace","opportunity_score":86.9,"province":"QC","households":681},"geometry":{"type":"Point","coordinates":[-77.6186553927556,49.757808304241806]}},{"type":"Feature","properties":{"h3_id":"8828d33a67fffff","market_class":"true_whitespace","opportunity_score":80.6,"province":"BC","households":677},"geometry":{"type":"Point","coordinates":[-121.7783168882637,49.23923739491379]}},{"type":"Feature","properties":{"h3_id":"882baad0d7fffff","market_class":"proven_market_no_pv","opportunity_score":68.3,"province":"QC","households":634},"geometry":{"type":"Point","coordinates":[-73.11343312984239,46.0149024053809]}},{"type":"Feature","properties":{"h3_id":"880e9a000dfffff","market_class":"true_whitespace","opportunity_score":87.4,"province":"MB","households":606},"geometry":{"type":"Point","coordinates":[-97.87122026708371,55.746098745389396]}},{"type":"Feature","properties":{"h3_id":"88124b6527fffff","market_class":"true_whitespace","opportunity_score":85.9,"province":"SK","households":749},"geometry":{"type":"Point","coordinates":[-103.54141260034137,51.64075495970571]}},{"type":"Feature","properties":{"h3_id":"8828d886b7fffff","market_class":"true_whitespace","opportunity_score":79.9,"province":"BC","households":659},"geometry":{"type":"Point","coordinates":[-124.80568830446528,49.49154081992305]}},{"type":"Feature","properties":{"h3_id":"880e9a0005fffff","market_class":"true_whitespace","opportunity_score":87.4,"province":"MB","households":646},"geometry":{"type":"Point","coordinates":[-97.87819316221741,55.73824157303089]}},{"type":"Feature","properties":{"h3_id":"882b802f13fffff","market_class":"true_whitespace","opportunity_score":84.3,"province":"QC","households":787},"geometry":{"type":"Point","coordinates":[-75.61534609555899,45.90550272410118]}},{"type":"Feature","properties":{"h3_id":"882ba871d9fffff","market_class":"proven_market_no_pv","opportunity_score":69.0,"province":"QC","households":736},"geometry":{"type":"Point","coordinates":[-71.88958614153151,45.37626121998236]}},{"type":"Feature","properties":{"h3_id":"882ba50e9dfffff","market_class":"true_whitespace","opportunity_score":83.6,"province":"QC","households":595},"geometry":{"type":"Point","coordinates":[-70.63121290261199,48.27094652324395]}},{"type":"Feature","properties":{"h3_id":"882baacd6dfffff","market_class":"proven_market_no_pv","opportunity_score":66.1,"province":"QC","households":663},"geometry":{"type":"Point","coordinates":[-73.48747114399983,45.846239916643555]}},{"type":"Feature","properties":{"h3_id":"882bae723bfffff","market_class":"proven_market_no_pv","opportunity_score":64.2,"province":"QC","households":735},"geometry":{"type":"Point","coordinates":[-72.62563666580942,46.37716154142049]}},{"type":"Feature","properties":{"h3_id":"882702676bfffff","market_class":"true_whitespace","opportunity_score":81.6,"province":"MB","households":661},"geometry":{"type":"Point","coordinates":[-97.5439874163604,50.129459674563684]}},{"type":"Feature","properties":{"h3_id":"882bae6dedfffff","market_class":"true_whitespace","opportunity_score":77.4,"province":"QC","households":648},"geometry":{"type":"Point","coordinates":[-73.00653895263093,46.069688481005564]}},{"type":"Feature","properties":{"h3_id":"882bac210dfffff","market_class":"true_whitespace","opportunity_score":78.3,"province":"QC","households":721},"geometry":{"type":"Point","coordinates":[-70.65398737814319,46.12002445460298]}},{"type":"Feature","properties":{"h3_id":"8812c88691fffff","market_class":"true_whitespace","opportunity_score":80.3,"province":"AB","households":676},"geometry":{"type":"Point","coordinates":[-113.05799104197298,49.878832757593614]}},{"type":"Feature","properties":{"h3_id":"8828d305b7fffff","market_class":"true_whitespace","opportunity_score":80.3,"province":"BC","households":693},"geometry":{"type":"Point","coordinates":[-121.7498067547562,49.23180147389807]}},{"type":"Feature","properties":{"h3_id":"882bac38b3fffff","market_class":"proven_market_no_pv","opportunity_score":76.6,"province":"QC","households":595},"geometry":{"type":"Point","coordinates":[-70.68202304510619,46.14252592866927]}},{"type":"Feature","properties":{"h3_id":"8812eed421fffff","market_class":"true_whitespace","opportunity_score":82.0,"province":"AB","households":674},"geometry":{"type":"Point","coordinates":[-114.47260372021422,53.11163840214548]}},{"type":"Feature","properties":{"h3_id":"882baaa229fffff","market_class":"true_whitespace","opportunity_score":80.1,"province":"QC","households":621},"geometry":{"type":"Point","coordinates":[-72.5186521243895,45.44872178626739]}},{"type":"Feature","properties":{"h3_id":"8827038a31fffff","market_class":"true_whitespace","opportunity_score":86.0,"province":"MB","households":657},"geometry":{"type":"Point","coordinates":[-95.88011662466809,50.1529717110744]}},{"type":"Feature","properties":{"h3_id":"882baa7001fffff","market_class":"proven_market_no_pv","opportunity_score":60.4,"province":"QC","households":517},"geometry":{"type":"Point","coordinates":[-73.48797227228727,45.389277355875045]}},{"type":"Feature","properties":{"h3_id":"882b9d883dfffff","market_class":"true_whitespace","opportunity_score":84.3,"province":"ON","households":699},"geometry":{"type":"Point","coordinates":[-76.91978377299145,44.71427261548019]}},{"type":"Feature","properties":{"h3_id":"881b992c37fffff","market_class":"true_whitespace","opportunity_score":83.0,"province":"NL","households":750},"geometry":{"type":"Point","coordinates":[-54.21018853444392,48.78341181523372]}},{"type":"Feature","properties":{"h3_id":"882baaaa81fffff","market_class":"true_whitespace","opportunity_score":68.1,"province":"QC","households":577},"geometry":{"type":"Point","coordinates":[-72.70958847911626,45.38250279705536]}},{"type":"Feature","properties":{"h3_id":"8813528edbfffff","market_class":"true_whitespace","opportunity_score":80.3,"province":"NT_NU","households":513},"geometry":{"type":"Point","coordinates":[-114.36789894715997,62.46579331846842]}},{"type":"Feature","properties":{"h3_id":"8812e54a87fffff","market_class":"true_whitespace","opportunity_score":85.2,"province":"AB","households":652},"geometry":{"type":"Point","coordinates":[-115.39901750107474,54.71446945534101]}},{"type":"Feature","properties":{"h3_id":"882ab42147fffff","market_class":"true_whitespace","opportunity_score":68.0,"province":"ON","households":557},"geometry":{"type":"Point","coordinates":[-80.75590397029225,42.88024615221534]}},{"type":"Feature","properties":{"h3_id":"881bb0290dfffff","market_class":"true_whitespace","opportunity_score":87.4,"province":"NL","households":644},"geometry":{"type":"Point","coordinates":[-60.141396437362296,53.52181474241977]}},{"type":"Feature","properties":{"h3_id":"882baa563bfffff","market_class":"proven_market_no_pv","opportunity_score":70.1,"province":"QC","households":658},"geometry":{"type":"Point","coordinates":[-73.43481644921287,45.6798519884752]}},{"type":"Feature","properties":{"h3_id":"8827a13569fffff","market_class":"true_whitespace","opportunity_score":84.1,"province":"SK","households":675},"geometry":{"type":"Point","coordinates":[-103.02385118636704,49.68152828071226]}},{"type":"Feature","properties":{"h3_id":"882b128015fffff","market_class":"true_whitespace","opportunity_score":85.7,"province":"QC","households":730},"geometry":{"type":"Point","coordinates":[-69.28606964852803,47.71205897986945]}},{"type":"Feature","properties":{"h3_id":"8812e10c09fffff","market_class":"true_whitespace","opportunity_score":80.8,"province":"AB","households":675},"geometry":{"type":"Point","coordinates":[-114.34560234480846,53.67974992921345]}},{"type":"Feature","properties":{"h3_id":"882b162829fffff","market_class":"true_whitespace","opportunity_score":86.4,"province":"QC","households":766},"geometry":{"type":"Point","coordinates":[-69.05127771934022,48.00777764167342]}},{"type":"Feature","properties":{"h3_id":"882baa56edfffff","market_class":"proven_market_no_pv","opportunity_score":62.6,"province":"QC","households":706},"geometry":{"type":"Point","coordinates":[-73.43219410637197,45.671538822706204]}},{"type":"Feature","properties":{"h3_id":"882baa4831fffff","market_class":"proven_market_no_pv","opportunity_score":61.1,"province":"QC","households":572},"geometry":{"type":"Point","coordinates":[-73.97847610084199,45.6319666146684]}},{"type":"Feature","properties":{"h3_id":"8812ea6d19fffff","market_class":"proven_market_no_pv","opportunity_score":58.9,"province":"AB","households":647},"geometry":{"type":"Point","coordinates":[-114.07272303944853,51.12594346691629]}},{"type":"Feature","properties":{"h3_id":"882ba12681fffff","market_class":"proven_market_no_pv","opportunity_score":64.3,"province":"QC","households":546},"geometry":{"type":"Point","coordinates":[-71.17187516047822,46.89841089446863]}},{"type":"Feature","properties":{"h3_id":"882708893dfffff","market_class":"true_whitespace","opportunity_score":86.9,"province":"ON","households":607},"geometry":{"type":"Point","coordinates":[-93.38057251265232,48.610634538875765]}},{"type":"Feature","properties":{"h3_id":"8812527037fffff","market_class":"true_whitespace","opportunity_score":82.7,"province":"AB","households":648},"geometry":{"type":"Point","coordinates":[-113.12035662020263,54.15869996037574]}},{"type":"Feature","properties":{"h3_id":"882bacd701fffff","market_class":"true_whitespace","opportunity_score":85.7,"province":"QC","households":716},"geometry":{"type":"Point","coordinates":[-70.55372370854808,46.974606302714875]}},{"type":"Feature","properties":{"h3_id":"8827113a4dfffff","market_class":"true_whitespace","opportunity_score":79.8,"province":"MB","households":645},"geometry":{"type":"Point","coordinates":[-98.78453396093605,49.96625270241685]}},{"type":"Feature","properties":{"h3_id":"882baa4cd7fffff","market_class":"proven_market_no_pv","opportunity_score":59.9,"province":"QC","households":496},"geometry":{"type":"Point","coordinates":[-73.79812125122348,45.455080684709785]}},{"type":"Feature","properties":{"h3_id":"880e5b29abfffff","market_class":"true_whitespace","opportunity_score":86.8,"province":"QC","households":647},"geometry":{"type":"Point","coordinates":[-74.3774046120827,49.91106772622327]}},{"type":"Feature","properties":{"h3_id":"882b8c916bfffff","market_class":"true_whitespace","opportunity_score":82.5,"province":"QC","households":630},"geometry":{"type":"Point","coordinates":[-73.44872661564115,45.01814008149766]}},{"type":"Feature","properties":{"h3_id":"882b33b15bfffff","market_class":"true_whitespace","opportunity_score":86.9,"province":"QC","households":753},"geometry":{"type":"Point","coordinates":[-64.74278584498472,48.26628728294353]}},{"type":"Feature","properties":{"h3_id":"882bac58cdfffff","market_class":"proven_market_no_pv","opportunity_score":62.7,"province":"QC","households":502},"geometry":{"type":"Point","coordinates":[-71.34805336195261,46.74950263064742]}},{"type":"Feature","properties":{"h3_id":"882ba5a8d7fffff","market_class":"true_whitespace","opportunity_score":86.0,"province":"QC","households":723},"geometry":{"type":"Point","coordinates":[-70.1995626790028,48.23300784864506]}},{"type":"Feature","properties":{"h3_id":"882bac010dfffff","market_class":"true_whitespace","opportunity_score":83.5,"province":"QC","households":702},"geometry":{"type":"Point","coordinates":[-70.75859377231275,46.53197529837114]}},{"type":"Feature","properties":{"h3_id":"882bac52a9fffff","market_class":"true_whitespace","opportunity_score":73.0,"province":"QC","households":612},"geometry":{"type":"Point","coordinates":[-71.07984594708223,46.76608860893419]}},{"type":"Feature","properties":{"h3_id":"8812cc8eb9fffff","market_class":"true_whitespace","opportunity_score":79.6,"province":"AB","households":629},"geometry":{"type":"Point","coordinates":[-113.46205196451997,50.85170928185139]}},{"type":"Feature","properties":{"h3_id":"882bac58ebfffff","market_class":"proven_market_no_pv","opportunity_score":64.8,"province":"QC","households":471},"geometry":{"type":"Point","coordinates":[-71.36773316230978,46.73825777175705]}},{"type":"Feature","properties":{"h3_id":"880ecbd529fffff","market_class":"true_whitespace","opportunity_score":80.2,"province":"ON","households":604},"geometry":{"type":"Point","coordinates":[-82.16475609194485,49.38492184128661]}},{"type":"Feature","properties":{"h3_id":"88276d34c7fffff","market_class":"true_whitespace","opportunity_score":85.9,"province":"ON","households":542},"geometry":{"type":"Point","coordinates":[-80.77869468927098,44.69402561000631]}},{"type":"Feature","properties":{"h3_id":"882b9aa121fffff","market_class":"true_whitespace","opportunity_score":67.9,"province":"ON","households":528},"geometry":{"type":"Point","coordinates":[-79.79076457242299,44.15686529428646]}},{"type":"Feature","properties":{"h3_id":"88271c15c5fffff","market_class":"true_whitespace","opportunity_score":83.0,"province":"MB","households":613},"geometry":{"type":"Point","coordinates":[-97.43371162307126,49.46092649405106]}},{"type":"Feature","properties":{"h3_id":"88126b0921fffff","market_class":"true_whitespace","opportunity_score":86.9,"province":"MB","households":683},"geometry":{"type":"Point","coordinates":[-101.876589115688,54.76811142457249]}},{"type":"Feature","properties":{"h3_id":"882baa366dfffff","market_class":"true_whitespace","opportunity_score":79.0,"province":"QC","households":682},"geometry":{"type":"Point","coordinates":[-72.74256407734714,45.19607737979083]}},{"type":"Feature","properties":{"h3_id":"882ba5720bfffff","market_class":"proven_market_no_pv","opportunity_score":68.6,"province":"QC","households":621},"geometry":{"type":"Point","coordinates":[-70.89635107590483,48.34077559487317]}},{"type":"Feature","properties":{"h3_id":"882b1250c3fffff","market_class":"true_whitespace","opportunity_score":81.6,"province":"QC","households":673},"geometry":{"type":"Point","coordinates":[-70.22877743818583,47.69437646891701]}},{"type":"Feature","properties":{"h3_id":"88276c08e3fffff","market_class":"true_whitespace","opportunity_score":86.3,"province":"ON","households":721},"geometry":{"type":"Point","coordinates":[-82.45955609398268,45.91222206473088]}},{"type":"Feature","properties":{"h3_id":"882ba8581bfffff","market_class":"true_whitespace","opportunity_score":82.7,"province":"QC","households":733},"geometry":{"type":"Point","coordinates":[-72.18521684527805,45.79434940059493]}},{"type":"Feature","properties":{"h3_id":"882ba12ed9fffff","market_class":"proven_market_no_pv","opportunity_score":64.4,"province":"QC","households":553},"geometry":{"type":"Point","coordinates":[-71.36721497547562,46.904161156018205]}},{"type":"Feature","properties":{"h3_id":"882b9ec02dfffff","market_class":"true_whitespace","opportunity_score":83.6,"province":"ON","households":640},"geometry":{"type":"Point","coordinates":[-79.85001882896682,45.64339932748686]}},{"type":"Feature","properties":{"h3_id":"882b81c9d9fffff","market_class":"true_whitespace","opportunity_score":84.1,"province":"QC","households":759},"geometry":{"type":"Point","coordinates":[-75.16823099035756,45.857238269359605]}},{"type":"Feature","properties":{"h3_id":"882bac4157fffff","market_class":"proven_market_no_pv","opportunity_score":65.4,"province":"QC","households":555},"geometry":{"type":"Point","coordinates":[-71.32301492096522,46.656806674999345]}},{"type":"Feature","properties":{"h3_id":"882baa4dc3fffff","market_class":"proven_market_no_pv","opportunity_score":59.5,"province":"QC","households":497},"geometry":{"type":"Point","coordinates":[-73.88718278014707,45.48924073217306]}},{"type":"Feature","properties":{"h3_id":"8812ddbb69fffff","market_class":"true_whitespace","opportunity_score":80.0,"province":"BC","households":563},"geometry":{"type":"Point","coordinates":[-115.98026830964835,49.68673546783172]}},{"type":"Feature","properties":{"h3_id":"88124bacbdfffff","market_class":"true_whitespace","opportunity_score":85.9,"province":"SK","households":706},"geometry":{"type":"Point","coordinates":[-102.6660673055704,51.958262859663286]}},{"type":"Feature","properties":{"h3_id":"882b9892bbfffff","market_class":"true_whitespace","opportunity_score":81.9,"province":"ON","households":695},"geometry":{"type":"Point","coordinates":[-78.09095884669334,44.75494497696962]}},{"type":"Feature","properties":{"h3_id":"881225b0bdfffff","market_class":"true_whitespace","opportunity_score":87.2,"province":"NT_NU","households":619},"geometry":{"type":"Point","coordinates":[-116.0516583899234,62.83699120241866]}},{"type":"Feature","properties":{"h3_id":"8812dd6a0bfffff","market_class":"true_whitespace","opportunity_score":86.2,"province":"BC","households":653},"geometry":{"type":"Point","coordinates":[-116.47800684707254,49.05997377819879]}},{"type":"Feature","properties":{"h3_id":"882bacd70dfffff","market_class":"true_whitespace","opportunity_score":85.6,"province":"QC","households":739},"geometry":{"type":"Point","coordinates":[-70.55586075830797,46.98306411425063]}},{"type":"Feature","properties":{"h3_id":"8828d1ad83fffff","market_class":"true_whitespace","opportunity_score":69.4,"province":"BC","households":497},"geometry":{"type":"Point","coordinates":[-123.45931023148779,48.57208533871201]}},{"type":"Feature","properties":{"h3_id":"882b908449fffff","market_class":"true_whitespace","opportunity_score":85.0,"province":"QC","households":702},"geometry":{"type":"Point","coordinates":[-79.3604985513984,47.35838485463007]}},{"type":"Feature","properties":{"h3_id":"8827a09a23fffff","market_class":"true_whitespace","opportunity_score":84.6,"province":"SK","households":644},"geometry":{"type":"Point","coordinates":[-104.95574590464173,51.06785881562109]}},{"type":"Feature","properties":{"h3_id":"8812d10a63fffff","market_class":"true_whitespace","opportunity_score":74.5,"province":"BC","households":654},"geometry":{"type":"Point","coordinates":[-119.3922296229106,50.28786020469277]}},{"type":"Feature","properties":{"h3_id":"882b168629fffff","market_class":"true_whitespace","opportunity_score":86.5,"province":"QC","households":730},"geometry":{"type":"Point","coordinates":[-68.19353132593427,48.58363695687493]}},{"type":"Feature","properties":{"h3_id":"882baeb1cbfffff","market_class":"true_whitespace","opportunity_score":82.4,"province":"QC","households":642},"geometry":{"type":"Point","coordinates":[-71.66031524787554,46.482321101289635]}},{"type":"Feature","properties":{"h3_id":"882b8e594dfffff","market_class":"true_whitespace","opportunity_score":75.9,"province":"ON","households":557},"geometry":{"type":"Point","coordinates":[-76.28938120063293,44.802342392577934]}},{"type":"Feature","properties":{"h3_id":"882b81a223fffff","market_class":"proven_market_no_pv","opportunity_score":65.9,"province":"QC","households":480},"geometry":{"type":"Point","coordinates":[-74.14920286763844,45.40495136462277]}},{"type":"Feature","properties":{"h3_id":"882baaaaabfffff","market_class":"true_whitespace","opportunity_score":68.7,"province":"QC","households":539},"geometry":{"type":"Point","coordinates":[-72.73082737976117,45.37944842778925]}},{"type":"Feature","properties":{"h3_id":"88272b6209fffff","market_class":"true_whitespace","opportunity_score":86.6,"province":"ON","households":640},"geometry":{"type":"Point","coordinates":[-91.64887519899865,49.4126409493605]}},{"type":"Feature","properties":{"h3_id":"8828d9c85dfffff","market_class":"true_whitespace","opportunity_score":70.9,"province":"BC","households":574},"geometry":{"type":"Point","coordinates":[-125.22000004386463,49.96259591450899]}},{"type":"Feature","properties":{"h3_id":"882bac09b7fffff","market_class":"true_whitespace","opportunity_score":68.5,"province":"QC","households":608},"geometry":{"type":"Point","coordinates":[-71.00555975575786,46.44040321300496]}},{"type":"Feature","properties":{"h3_id":"8827139939fffff","market_class":"true_whitespace","opportunity_score":85.9,"province":"MB","households":638},"geometry":{"type":"Point","coordinates":[-100.59457333561728,50.17815521090931]}},{"type":"Feature","properties":{"h3_id":"882bac5985fffff","market_class":"proven_market_no_pv","opportunity_score":64.1,"province":"QC","households":589},"geometry":{"type":"Point","coordinates":[-71.4601561414704,46.743810646199755]}},{"type":"Feature","properties":{"h3_id":"8812cc99ebfffff","market_class":"proven_market_no_pv","opportunity_score":63.4,"province":"AB","households":496},"geometry":{"type":"Point","coordinates":[-113.83951494258555,51.029680089421035]}},{"type":"Feature","properties":{"h3_id":"8827b0a4c7fffff","market_class":"true_whitespace","opportunity_score":82.8,"province":"SK","households":661},"geometry":{"type":"Point","coordinates":[-108.47582722324697,50.093446081673704]}},{"type":"Feature","properties":{"h3_id":"8812f00537fffff","market_class":"true_whitespace","opportunity_score":86.6,"province":"BC","households":633},"geometry":{"type":"Point","coordinates":[-120.16628750764814,53.304508566502925]}},{"type":"Feature","properties":{"h3_id":"882ba870e7fffff","market_class":"true_whitespace","opportunity_score":68.6,"province":"QC","households":798},"geometry":{"type":"Point","coordinates":[-71.87548248911716,45.36523583748695]}},{"type":"Feature","properties":{"h3_id":"8812ec0323fffff","market_class":"true_whitespace","opportunity_score":81.9,"province":"AB","households":475},"geometry":{"type":"Point","coordinates":[-112.83221656516581,53.36659174156352]}},{"type":"Feature","properties":{"h3_id":"882ba850cbfffff","market_class":"true_whitespace","opportunity_score":82.1,"province":"QC","households":743},"geometry":{"type":"Point","coordinates":[-71.93492213802014,45.776581221403895]}},{"type":"Feature","properties":{"h3_id":"882b03a6a3fffff","market_class":"true_whitespace","opportunity_score":69.8,"province":"NS","households":600},"geometry":{"type":"Point","coordinates":[-64.38338961950545,45.04332252784563]}},{"type":"Feature","properties":{"h3_id":"882b9aca3dfffff","market_class":"true_whitespace","opportunity_score":78.5,"province":"ON","households":536},"geometry":{"type":"Point","coordinates":[-80.63045940681607,44.64238509401763]}},{"type":"Feature","properties":{"h3_id":"882b120f63fffff","market_class":"true_whitespace","opportunity_score":86.3,"province":"QC","households":721},"geometry":{"type":"Point","coordinates":[-69.94834396736297,47.39438608785389]}},{"type":"Feature","properties":{"h3_id":"88271c7b13fffff","market_class":"true_whitespace","opportunity_score":74.5,"province":"MB","households":547},"geometry":{"type":"Point","coordinates":[-98.11103078541441,49.20025021599245]}},{"type":"Feature","properties":{"h3_id":"882b9884bbfffff","market_class":"true_whitespace","opportunity_score":80.5,"province":"ON","households":555},"geometry":{"type":"Point","coordinates":[-78.11507177355575,44.44294924932009]}},{"type":"Feature","properties":{"h3_id":"882775d715fffff","market_class":"true_whitespace","opportunity_score":86.4,"province":"ON","households":627},"geometry":{"type":"Point","coordinates":[-87.25558834986748,48.81265355561841]}},{"type":"Feature","properties":{"h3_id":"882b9e0063fffff","market_class":"true_whitespace","opportunity_score":80.9,"province":"ON","households":573},"geometry":{"type":"Point","coordinates":[-79.64441787764447,45.249733988378296]}},{"type":"Feature","properties":{"h3_id":"882b9b3087fffff","market_class":"proven_market_no_pv","opportunity_score":67.3,"province":"ON","households":654},"geometry":{"type":"Point","coordinates":[-79.04646683648632,43.050967570457956]}},{"type":"Feature","properties":{"h3_id":"882bac735dfffff","market_class":"true_whitespace","opportunity_score":69.3,"province":"QC","households":588},"geometry":{"type":"Point","coordinates":[-71.01537103851544,46.43482474944339]}},{"type":"Feature","properties":{"h3_id":"880e4db8d3fffff","market_class":"true_whitespace","opportunity_score":86.9,"province":"QC","households":516},"geometry":{"type":"Point","coordinates":[-66.34894187443923,50.22606545317322]}},{"type":"Feature","properties":{"h3_id":"882715a83bfffff","market_class":"true_whitespace","opportunity_score":86.1,"province":"MB","households":678},"geometry":{"type":"Point","coordinates":[-98.34275234872672,51.17875255101021]}},{"type":"Feature","properties":{"h3_id":"882baec6abfffff","market_class":"true_whitespace","opportunity_score":84.6,"province":"QC","households":726},"geometry":{"type":"Point","coordinates":[-72.2713638281339,46.75408804723881]}},{"type":"Feature","properties":{"h3_id":"882baebb59fffff","market_class":"true_whitespace","opportunity_score":85.5,"province":"QC","households":663},"geometry":{"type":"Point","coordinates":[-71.83159943449371,46.56864655878132]}},{"type":"Feature","properties":{"h3_id":"8828d1ae0bfffff","market_class":"proven_market_no_pv","opportunity_score":63.6,"province":"BC","households":549},"geometry":{"type":"Point","coordinates":[-123.508495799415,48.4611702319363]}},{"type":"Feature","properties":{"h3_id":"8812594ad3fffff","market_class":"true_whitespace","opportunity_score":80.3,"province":"SK","households":606},"geometry":{"type":"Point","coordinates":[-107.22156932766018,52.13608438135488]}},{"type":"Feature","properties":{"h3_id":"882bac4229fffff","market_class":"proven_market_no_pv","opportunity_score":64.7,"province":"QC","households":477},"geometry":{"type":"Point","coordinates":[-71.21788970903636,46.6876460520307]}},{"type":"Feature","properties":{"h3_id":"8828d89133fffff","market_class":"true_whitespace","opportunity_score":73.4,"province":"BC","households":608},"geometry":{"type":"Point","coordinates":[-124.44285722685342,49.34479737739983]}},{"type":"Feature","properties":{"h3_id":"882b2a6ad7fffff","market_class":"true_whitespace","opportunity_score":85.7,"province":"NS","households":692},"geometry":{"type":"Point","coordinates":[-62.537584477420076,44.92029625571822]}},{"type":"Feature","properties":{"h3_id":"882baa469bfffff","market_class":"proven_market_no_pv","opportunity_score":59.9,"province":"QC","households":527},"geometry":{"type":"Point","coordinates":[-73.49555812638786,45.48370302183763]}},{"type":"Feature","properties":{"h3_id":"882710c283fffff","market_class":"true_whitespace","opportunity_score":82.4,"province":"MB","households":738},"geometry":{"type":"Point","coordinates":[-100.70384362305067,51.1727675839317]}},{"type":"Feature","properties":{"h3_id":"882b810809fffff","market_class":"true_whitespace","opportunity_score":80.4,"province":"ON","households":525},"geometry":{"type":"Point","coordinates":[-74.99379074684066,45.491753740706514]}},{"type":"Feature","properties":{"h3_id":"882b00b919fffff","market_class":"true_whitespace","opportunity_score":80.4,"province":"PE","households":668},"geometry":{"type":"Point","coordinates":[-63.69283857322742,46.25701540657103]}},{"type":"Feature","properties":{"h3_id":"880e4db727fffff","market_class":"true_whitespace","opportunity_score":86.8,"province":"QC","households":637},"geometry":{"type":"Point","coordinates":[-66.09030125682308,50.196864990245174]}},{"type":"Feature","properties":{"h3_id":"8828d269d3fffff","market_class":"true_whitespace","opportunity_score":81.9,"province":"BC","households":717},"geometry":{"type":"Point","coordinates":[-119.82003923224573,49.207686312892044]}},{"type":"Feature","properties":{"h3_id":"882ba0d465fffff","market_class":"true_whitespace","opportunity_score":84.3,"province":"QC","households":631},"geometry":{"type":"Point","coordinates":[-72.24947867875265,48.88431919150721]}},{"type":"Feature","properties":{"h3_id":"882b124a93fffff","market_class":"true_whitespace","opportunity_score":80.3,"province":"QC","households":651},"geometry":{"type":"Point","coordinates":[-70.5296955342613,47.558398482644236]}},{"type":"Feature","properties":{"h3_id":"882bac6d5bfffff","market_class":"true_whitespace","opportunity_score":83.6,"province":"QC","households":655},"geometry":{"type":"Point","coordinates":[-71.31158230242987,46.11058299570622]}},{"type":"Feature","properties":{"h3_id":"882b83a2c1fffff","market_class":"proven_market_no_pv","opportunity_score":59.3,"province":"ON","households":492},"geometry":{"type":"Point","coordinates":[-75.70529520893137,45.32411614967462]}},{"type":"Feature","properties":{"h3_id":"88271c8f27fffff","market_class":"true_whitespace","opportunity_score":79.3,"province":"MB","households":582},"geometry":{"type":"Point","coordinates":[-97.43894025922818,49.68377332533108]}},{"type":"Feature","properties":{"h3_id":"88125a21a1fffff","market_class":"true_whitespace","opportunity_score":82.4,"province":"SK","households":594},"geometry":{"type":"Point","coordinates":[-109.14160482519081,51.92038538286791]}},{"type":"Feature","properties":{"h3_id":"88125db0adfffff","market_class":"true_whitespace","opportunity_score":80.9,"province":"SK","households":722},"geometry":{"type":"Point","coordinates":[-105.78624822716033,53.53697424687536]}},{"type":"Feature","properties":{"h3_id":"8828d891abfffff","market_class":"true_whitespace","opportunity_score":76.1,"province":"BC","households":557},"geometry":{"type":"Point","coordinates":[-124.47636022393978,49.36347469415451]}},{"type":"Feature","properties":{"h3_id":"882b81aa5bfffff","market_class":"true_whitespace","opportunity_score":79.4,"province":"QC","households":590},"geometry":{"type":"Point","coordinates":[-74.3056510008825,45.40642865817697]}},{"type":"Feature","properties":{"h3_id":"88271c784dfffff","market_class":"true_whitespace","opportunity_score":73.7,"province":"MB","households":534},"geometry":{"type":"Point","coordinates":[-98.09788010917336,49.20045334764396]}},{"type":"Feature","properties":{"h3_id":"8813528e81fffff","market_class":"proven_market_no_pv","opportunity_score":77.4,"province":"NT_NU","households":455},"geometry":{"type":"Point","coordinates":[-114.42235219829121,62.44938080702758]}},{"type":"Feature","properties":{"h3_id":"882bac6d53fffff","market_class":"true_whitespace","opportunity_score":83.3,"province":"QC","households":677},"geometry":{"type":"Point","coordinates":[-71.32128563678988,46.1049917008196]}},{"type":"Feature","properties":{"h3_id":"881aa06c0bfffff","market_class":"true_whitespace","opportunity_score":80.5,"province":"NL","households":635},"geometry":{"type":"Point","coordinates":[-52.810511828935425,47.33086190221414]}},{"type":"Feature","properties":{"h3_id":"882b9b30a3fffff","market_class":"proven_market_no_pv","opportunity_score":64.5,"province":"ON","households":536},"geometry":{"type":"Point","coordinates":[-79.06618671383308,43.04685614220062]}},{"type":"Feature","properties":{"h3_id":"880e4970c7fffff","market_class":"true_whitespace","opportunity_score":86.5,"province":"QC","households":617},"geometry":{"type":"Point","coordinates":[-68.2825774580327,49.194128043347874]}},{"type":"Feature","properties":{"h3_id":"881253560bfffff","market_class":"true_whitespace","opportunity_score":79.0,"province":"AB","households":636},"geometry":{"type":"Point","coordinates":[-111.69050663170283,53.97473190691233]}},{"type":"Feature","properties":{"h3_id":"882b81541dfffff","market_class":"true_whitespace","opportunity_score":80.1,"province":"QC","households":648},"geometry":{"type":"Point","coordinates":[-75.11317936226428,45.60769102163897]}},{"type":"Feature","properties":{"h3_id":"88126b461bfffff","market_class":"true_whitespace","opportunity_score":86.5,"province":"SK","households":745},"geometry":{"type":"Point","coordinates":[-101.89729070137903,54.75932360076097]}},{"type":"Feature","properties":{"h3_id":"8812ecc857fffff","market_class":"proven_market_no_pv","opportunity_score":60.4,"province":"AB","households":509},"geometry":{"type":"Point","coordinates":[-113.41621838761903,53.55682544792508]}},{"type":"Feature","properties":{"h3_id":"882b81a2e9fffff","market_class":"proven_market_no_pv","opportunity_score":63.4,"province":"QC","households":506},"geometry":{"type":"Point","coordinates":[-74.10787330543859,45.38095767681321]}},{"type":"Feature","properties":{"h3_id":"882b056e93fffff","market_class":"true_whitespace","opportunity_score":84.1,"province":"NS","households":664},"geometry":{"type":"Point","coordinates":[-63.05377393220891,45.750185397546694]}},{"type":"Feature","properties":{"h3_id":"882b98c9e3fffff","market_class":"true_whitespace","opportunity_score":81.3,"province":"ON","households":608},"geometry":{"type":"Point","coordinates":[-79.15888579819989,44.69924840329235]}},{"type":"Feature","properties":{"h3_id":"881ab5b5b5fffff","market_class":"true_whitespace","opportunity_score":85.0,"province":"NL","households":645},"geometry":{"type":"Point","coordinates":[-54.83683997886904,47.561173410047594]}},{"type":"Feature","properties":{"h3_id":"882baa5127fffff","market_class":"proven_market_no_pv","opportunity_score":66.5,"province":"QC","households":519},"geometry":{"type":"Point","coordinates":[-73.7443436391381,45.80746716534265]}},{"type":"Feature","properties":{"h3_id":"882b333131fffff","market_class":"true_whitespace","opportunity_score":86.3,"province":"QC","households":698},"geometry":{"type":"Point","coordinates":[-65.3406998592621,48.004536360172466]}},{"type":"Feature","properties":{"h3_id":"8827ac842dfffff","market_class":"true_whitespace","opportunity_score":85.9,"province":"SK","households":560},"geometry":{"type":"Point","coordinates":[-101.68967604440685,49.57557019150626]}},{"type":"Feature","properties":{"h3_id":"8812c8a2b9fffff","market_class":"proven_market_no_pv","opportunity_score":62.7,"province":"AB","households":489},"geometry":{"type":"Point","coordinates":[-112.84416808294493,49.653780014575936]}},{"type":"Feature","properties":{"h3_id":"882ba871d1fffff","market_class":"true_whitespace","opportunity_score":67.3,"province":"QC","households":769},"geometry":{"type":"Point","coordinates":[-71.8990646730308,45.37065328535015]}},{"type":"Feature","properties":{"h3_id":"882baa49c9fffff","market_class":"proven_market_no_pv","opportunity_score":65.3,"province":"QC","households":531},"geometry":{"type":"Point","coordinates":[-74.00249311322241,45.63696831735541]}},{"type":"Feature","properties":{"h3_id":"882b2e08adfffff","market_class":"true_whitespace","opportunity_score":83.6,"province":"NS","households":678},"geometry":{"type":"Point","coordinates":[-61.150164859718316,46.00248386988218]}},{"type":"Feature","properties":{"h3_id":"882bac415bfffff","market_class":"true_whitespace","opportunity_score":67.0,"province":"QC","households":499},"geometry":{"type":"Point","coordinates":[-71.30109363647901,46.65961220001132]}},{"type":"Feature","properties":{"h3_id":"882ba87a8dfffff","market_class":"true_whitespace","opportunity_score":69.5,"province":"QC","households":535},"geometry":{"type":"Point","coordinates":[-72.01707104560421,45.397674023115826]}},{"type":"Feature","properties":{"h3_id":"882b853909fffff","market_class":"true_whitespace","opportunity_score":82.1,"province":"QC","households":693},"geometry":{"type":"Point","coordinates":[-74.06096918952935,46.22263161387285]}},{"type":"Feature","properties":{"h3_id":"882b019029fffff","market_class":"true_whitespace","opportunity_score":79.8,"province":"NS","households":626},"geometry":{"type":"Point","coordinates":[-62.852876488687045,45.65216737745261]}},{"type":"Feature","properties":{"h3_id":"882ba541e7fffff","market_class":"true_whitespace","opportunity_score":79.1,"province":"QC","households":542},"geometry":{"type":"Point","coordinates":[-71.32149815165215,48.55851022555986]}},{"type":"Feature","properties":{"h3_id":"882b1456bbfffff","market_class":"true_whitespace","opportunity_score":85.6,"province":"QC","households":675},"geometry":{"type":"Point","coordinates":[-67.42383835122645,48.471032021942676]}},{"type":"Feature","properties":{"h3_id":"882b16b965fffff","market_class":"proven_market_no_pv","opportunity_score":74.8,"province":"QC","households":599},"geometry":{"type":"Point","coordinates":[-68.49379582226257,48.44940890989181]}},{"type":"Feature","properties":{"h3_id":"88138670e9fffff","market_class":"true_whitespace","opportunity_score":86.7,"province":"YT","households":469},"geometry":{"type":"Point","coordinates":[-135.0205578046547,60.708497934238885]}},{"type":"Feature","properties":{"h3_id":"882b2ad95bfffff","market_class":"true_whitespace","opportunity_score":79.4,"province":"NS","households":562},"geometry":{"type":"Point","coordinates":[-62.041808839411274,45.73638359129862]}},{"type":"Feature","properties":{"h3_id":"882b83ce07fffff","market_class":"true_whitespace","opportunity_score":81.7,"province":"QC","households":673},"geometry":{"type":"Point","coordinates":[-76.60116408867933,45.729477914427804]}},{"type":"Feature","properties":{"h3_id":"8812ea3229fffff","market_class":"true_whitespace","opportunity_score":82.9,"province":"AB","households":637},"geometry":{"type":"Point","coordinates":[-113.48505520815029,51.59350803995892]}},{"type":"Feature","properties":{"h3_id":"882711024dfffff","market_class":"true_whitespace","opportunity_score":83.3,"province":"MB","households":668},"geometry":{"type":"Point","coordinates":[-98.95607906719063,50.22265811980083]}},{"type":"Feature","properties":{"h3_id":"882baa944dfffff","market_class":"true_whitespace","opportunity_score":68.9,"province":"QC","households":628},"geometry":{"type":"Point","coordinates":[-72.43358891374614,45.842283283000455]}},{"type":"Feature","properties":{"h3_id":"8812e98e33fffff","market_class":"true_whitespace","opportunity_score":85.3,"province":"AB","households":609},"geometry":{"type":"Point","coordinates":[-110.76784379416844,52.00976101811469]}},{"type":"Feature","properties":{"h3_id":"8828d9c851fffff","market_class":"true_whitespace","opportunity_score":67.9,"province":"BC","households":502},"geometry":{"type":"Point","coordinates":[-125.2299575033438,49.96728446341712]}},{"type":"Feature","properties":{"h3_id":"882bb225e1fffff","market_class":"true_whitespace","opportunity_score":78.8,"province":"QC","households":567},"geometry":{"type":"Point","coordinates":[-78.31553057181848,48.64115673448101]}},{"type":"Feature","properties":{"h3_id":"8812ecc80bfffff","market_class":"proven_market_no_pv","opportunity_score":58.7,"province":"AB","households":504},"geometry":{"type":"Point","coordinates":[-113.42930185514959,53.554760017144154]}},{"type":"Feature","properties":{"h3_id":"882b2e8601fffff","market_class":"proven_market_no_pv","opportunity_score":65.3,"province":"NS","households":554},"geometry":{"type":"Point","coordinates":[-60.21687385498088,46.140833270970525]}},{"type":"Feature","properties":{"h3_id":"882b9c16b7fffff","market_class":"true_whitespace","opportunity_score":83.2,"province":"ON","households":622},"geometry":{"type":"Point","coordinates":[-77.72252543050169,45.31938627166404]}},{"type":"Feature","properties":{"h3_id":"882b9a2b47fffff","market_class":"true_whitespace","opportunity_score":76.3,"province":"ON","households":461},"geometry":{"type":"Point","coordinates":[-80.32080871882599,43.89703961273566]}},{"type":"Feature","properties":{"h3_id":"88271214bbfffff","market_class":"true_whitespace","opportunity_score":85.6,"province":"SK","households":619},"geometry":{"type":"Point","coordinates":[-101.7020226462596,50.38225906503499]}},{"type":"Feature","properties":{"h3_id":"88276c3841fffff","market_class":"true_whitespace","opportunity_score":85.4,"province":"ON","households":628},"geometry":{"type":"Point","coordinates":[-82.16730431598347,45.73180598275812]}},{"type":"Feature","properties":{"h3_id":"882ba8566bfffff","market_class":"true_whitespace","opportunity_score":79.3,"province":"QC","households":676},"geometry":{"type":"Point","coordinates":[-71.80176610366928,45.73827905922227]}},{"type":"Feature","properties":{"h3_id":"882baad081fffff","market_class":"proven_market_no_pv","opportunity_score":65.8,"province":"QC","households":590},"geometry":{"type":"Point","coordinates":[-73.137541921335,46.020105411518976]}},{"type":"Feature","properties":{"h3_id":"882b80ccabfffff","market_class":"true_whitespace","opportunity_score":80.2,"province":"QC","households":712},"geometry":{"type":"Point","coordinates":[-75.91896633203258,46.62672013898645]}},{"type":"Feature","properties":{"h3_id":"882b336b05fffff","market_class":"true_whitespace","opportunity_score":83.8,"province":"QC","households":664},"geometry":{"type":"Point","coordinates":[-66.22810794319298,48.11054670657757]}},{"type":"Feature","properties":{"h3_id":"882baa392dfffff","market_class":"true_whitespace","opportunity_score":69.6,"province":"QC","households":577},"geometry":{"type":"Point","coordinates":[-73.25584987363925,45.28524885794705]}},{"type":"Feature","properties":{"h3_id":"882b814f07fffff","market_class":"proven_market_no_pv","opportunity_score":70.0,"province":"QC","households":538},"geometry":{"type":"Point","coordinates":[-75.49746867364205,45.52154057850579]}},{"type":"Feature","properties":{"h3_id":"882b12b019fffff","market_class":"true_whitespace","opportunity_score":85.1,"province":"QC","households":722},"geometry":{"type":"Point","coordinates":[-69.04041697222362,47.43314016728538]}},{"type":"Feature","properties":{"h3_id":"8827126415fffff","market_class":"true_whitespace","opportunity_score":85.8,"province":"SK","households":573},"geometry":{"type":"Point","coordinates":[-102.0232541229875,49.90656249049289]}},{"type":"Feature","properties":{"h3_id":"882ab435c3fffff","market_class":"true_whitespace","opportunity_score":75.4,"province":"ON","households":547},"geometry":{"type":"Point","coordinates":[-80.500824828446,42.84157280335343]}},{"type":"Feature","properties":{"h3_id":"882b057061fffff","market_class":"true_whitespace","opportunity_score":79.7,"province":"PE","households":569},"geometry":{"type":"Point","coordinates":[-62.87232769250493,46.07645883458289]}},{"type":"Feature","properties":{"h3_id":"882bac4a4bfffff","market_class":"proven_market_no_pv","opportunity_score":63.9,"province":"QC","households":482},"geometry":{"type":"Point","coordinates":[-71.40248396953832,46.69890797908206]}},{"type":"Feature","properties":{"h3_id":"8812ea6d53fffff","market_class":"proven_market_no_pv","opportunity_score":58.2,"province":"AB","households":532},"geometry":{"type":"Point","coordinates":[-114.07014488353951,51.133815575236646]}},{"type":"Feature","properties":{"h3_id":"882b14b485fffff","market_class":"true_whitespace","opportunity_score":82.9,"province":"QC","households":654},"geometry":{"type":"Point","coordinates":[-66.31236306327361,48.13419070328491]}},{"type":"Feature","properties":{"h3_id":"882b856511fffff","market_class":"true_whitespace","opportunity_score":71.8,"province":"QC","households":674},"geometry":{"type":"Point","coordinates":[-74.39974627529045,46.05146025101111]}},{"type":"Feature","properties":{"h3_id":"882b1cc249fffff","market_class":"proven_market_no_pv","opportunity_score":62.8,"province":"NB","households":567},"geometry":{"type":"Point","coordinates":[-66.62933093183852,45.926852554190276]}},{"type":"Feature","properties":{"h3_id":"8812d1041dfffff","market_class":"true_whitespace","opportunity_score":79.4,"province":"BC","households":518},"geometry":{"type":"Point","coordinates":[-118.97930174035992,50.257636610170714]}},{"type":"Feature","properties":{"h3_id":"880e4db891fffff","market_class":"true_whitespace","opportunity_score":86.4,"province":"QC","households":764},"geometry":{"type":"Point","coordinates":[-66.3714464211614,50.21555363334291]}},{"type":"Feature","properties":{"h3_id":"882ba87a89fffff","market_class":"true_whitespace","opportunity_score":66.6,"province":"QC","households":566},"geometry":{"type":"Point","coordinates":[-72.00526326058396,45.3949769450785]}},{"type":"Feature","properties":{"h3_id":"880e496185fffff","market_class":"true_whitespace","opportunity_score":86.1,"province":"QC","households":664},"geometry":{"type":"Point","coordinates":[-68.529739739403,49.069192360454664]}},{"type":"Feature","properties":{"h3_id":"8827a54addfffff","market_class":"true_whitespace","opportunity_score":84.2,"province":"SK","households":565},"geometry":{"type":"Point","coordinates":[-104.20769193108927,50.94530430962481]}},{"type":"Feature","properties":{"h3_id":"882b9d8317fffff","market_class":"true_whitespace","opportunity_score":80.1,"province":"ON","households":620},"geometry":{"type":"Point","coordinates":[-76.68680407257628,44.77007137562693]}},{"type":"Feature","properties":{"h3_id":"8812ee993bfffff","market_class":"true_whitespace","opportunity_score":81.3,"province":"AB","households":584},"geometry":{"type":"Point","coordinates":[-114.31858901108266,53.17528926407279]}},{"type":"Feature","properties":{"h3_id":"882baad08bfffff","market_class":"proven_market_no_pv","opportunity_score":65.8,"province":"QC","households":600},"geometry":{"type":"Point","coordinates":[-73.12548675322336,46.017504497783214]}},{"type":"Feature","properties":{"h3_id":"882bac2157fffff","market_class":"true_whitespace","opportunity_score":78.7,"province":"QC","households":570},"geometry":{"type":"Point","coordinates":[-70.62809009047085,46.10591259592326]}},{"type":"Feature","properties":{"h3_id":"8812f1419dfffff","market_class":"true_whitespace","opportunity_score":85.8,"province":"BC","households":611},"geometry":{"type":"Point","coordinates":[-119.27334060132682,52.82906987220483]}},{"type":"Feature","properties":{"h3_id":"882b9b4f69fffff","market_class":"true_whitespace","opportunity_score":67.6,"province":"ON","households":455},"geometry":{"type":"Point","coordinates":[-80.02081973189829,43.39227235268413]}},{"type":"Feature","properties":{"h3_id":"882baa9717fffff","market_class":"true_whitespace","opportunity_score":67.9,"province":"QC","households":600},"geometry":{"type":"Point","coordinates":[-72.45750775316779,45.84761676247211]}},{"type":"Feature","properties":{"h3_id":"882b1cd56dfffff","market_class":"proven_market_no_pv","opportunity_score":65.2,"province":"NB","households":535},"geometry":{"type":"Point","coordinates":[-66.5935823769751,45.90869157184941]}},{"type":"Feature","properties":{"h3_id":"881250480dfffff","market_class":"true_whitespace","opportunity_score":85.6,"province":"AB","households":566},"geometry":{"type":"Point","coordinates":[-112.34288141290051,54.84936151007999]}},{"type":"Feature","properties":{"h3_id":"88125e5221fffff","market_class":"true_whitespace","opportunity_score":81.2,"province":"AB","households":558},"geometry":{"type":"Point","coordinates":[-110.33003449017079,53.513628573377325]}},{"type":"Feature","properties":{"h3_id":"882ba86ae5fffff","market_class":"true_whitespace","opportunity_score":72.4,"province":"QC","households":619},"geometry":{"type":"Point","coordinates":[-72.15884764168592,45.27446947638397]}},{"type":"Feature","properties":{"h3_id":"880e49608bfffff","market_class":"true_whitespace","opportunity_score":86.1,"province":"QC","households":567},"geometry":{"type":"Point","coordinates":[-68.41696169842828,49.04052541282779]}},{"type":"Feature","properties":{"h3_id":"882b9a34a7fffff","market_class":"proven_market_no_pv","opportunity_score":64.9,"province":"ON","households":514},"geometry":{"type":"Point","coordinates":[-79.8682706264692,43.79748083080775]}},{"type":"Feature","properties":{"h3_id":"8827ac01a7fffff","market_class":"true_whitespace","opportunity_score":83.7,"province":"SK","households":539},"geometry":{"type":"Point","coordinates":[-102.17183318644696,49.227574171211714]}},{"type":"Feature","properties":{"h3_id":"8812ed4363fffff","market_class":"true_whitespace","opportunity_score":84.2,"province":"AB","households":573},"geometry":{"type":"Point","coordinates":[-111.86169886031026,52.79146968744273]}},{"type":"Feature","properties":{"h3_id":"882baa4ecdfffff","market_class":"proven_market_no_pv","opportunity_score":58.3,"province":"QC","households":745},"geometry":{"type":"Point","coordinates":[-73.74385546316378,45.52865622426512]}},{"type":"Feature","properties":{"h3_id":"882b9e04e3fffff","market_class":"true_whitespace","opportunity_score":75.4,"province":"ON","households":457},"geometry":{"type":"Point","coordinates":[-79.48126155298687,45.066157738537484]}},{"type":"Feature","properties":{"h3_id":"882b126e09fffff","market_class":"true_whitespace","opportunity_score":85.3,"province":"QC","households":629},"geometry":{"type":"Point","coordinates":[-70.3334798589136,47.09674901881475]}},{"type":"Feature","properties":{"h3_id":"881b99822bfffff","market_class":"true_whitespace","opportunity_score":85.6,"province":"NL","households":711},"geometry":{"type":"Point","coordinates":[-54.75796818796172,49.648133285768075]}},{"type":"Feature","properties":{"h3_id":"8812591421fffff","market_class":"true_whitespace","opportunity_score":79.6,"province":"SK","households":571},"geometry":{"type":"Point","coordinates":[-106.29141824584956,52.32270117666278]}},{"type":"Feature","properties":{"h3_id":"8828dac8e5fffff","market_class":"true_whitespace","opportunity_score":81.9,"province":"BC","households":611},"geometry":{"type":"Point","coordinates":[-122.72040415433358,50.31827177043347]}},{"type":"Feature","properties":{"h3_id":"882b12d699fffff","market_class":"proven_market_no_pv","opportunity_score":76.9,"province":"QC","households":661},"geometry":{"type":"Point","coordinates":[-69.53433370162546,47.83810653782624]}},{"type":"Feature","properties":{"h3_id":"882baa542dfffff","market_class":"proven_market_no_pv","opportunity_score":60.7,"province":"QC","households":477},"geometry":{"type":"Point","coordinates":[-73.53216324551163,45.66959454456544]}},{"type":"Feature","properties":{"h3_id":"882ba83b29fffff","market_class":"true_whitespace","opportunity_score":81.6,"province":"QC","households":661},"geometry":{"type":"Point","coordinates":[-71.55948532685359,45.338827430712634]}},{"type":"Feature","properties":{"h3_id":"882b83ca37fffff","market_class":"true_whitespace","opportunity_score":82.9,"province":"QC","households":615},"geometry":{"type":"Point","coordinates":[-76.74662157767695,45.840173212795705]}},{"type":"Feature","properties":{"h3_id":"882ba87a91fffff","market_class":"true_whitespace","opportunity_score":70.0,"province":"QC","households":522},"geometry":{"type":"Point","coordinates":[-71.998257286137,45.37003140294363]}},{"type":"Feature","properties":{"h3_id":"882b2ac245fffff","market_class":"true_whitespace","opportunity_score":74.0,"province":"NS","households":529},"geometry":{"type":"Point","coordinates":[-61.84349458451181,45.62842468620667]}},{"type":"Feature","properties":{"h3_id":"882b9dac65fffff","market_class":"proven_market_no_pv","opportunity_score":63.9,"province":"ON","households":521},"geometry":{"type":"Point","coordinates":[-76.65013496897609,44.21882975457343]}},{"type":"Feature","properties":{"h3_id":"882baa4dd5fffff","market_class":"proven_market_no_pv","opportunity_score":59.1,"province":"QC","households":469},"geometry":{"type":"Point","coordinates":[-73.88448657604611,45.48095150236767]}},{"type":"Feature","properties":{"h3_id":"8813867003fffff","market_class":"true_whitespace","opportunity_score":86.3,"province":"YT","households":515},"geometry":{"type":"Point","coordinates":[-135.0627409086823,60.71887041110124]}},{"type":"Feature","properties":{"h3_id":"882ba0d40dfffff","market_class":"true_whitespace","opportunity_score":83.9,"province":"QC","households":598},"geometry":{"type":"Point","coordinates":[-72.22128295118887,48.870207116372036]}},{"type":"Feature","properties":{"h3_id":"882ba86aedfffff","market_class":"proven_market_no_pv","opportunity_score":71.5,"province":"QC","households":551},"geometry":{"type":"Point","coordinates":[-72.14941937017547,45.280095060724115]}},{"type":"Feature","properties":{"h3_id":"880e4da24dfffff","market_class":"true_whitespace","opportunity_score":86.3,"province":"QC","households":606},"geometry":{"type":"Point","coordinates":[-66.1900142461459,50.215929475681946]}},{"type":"Feature","properties":{"h3_id":"882b81a75dfffff","market_class":"proven_market_no_pv","opportunity_score":65.7,"province":"QC","households":485},"geometry":{"type":"Point","coordinates":[-74.05027364129994,45.30731353469717]}},{"type":"Feature","properties":{"h3_id":"8828d1ae11fffff","market_class":"proven_market_no_pv","opportunity_score":66.4,"province":"BC","households":481},"geometry":{"type":"Point","coordinates":[-123.52505312066381,48.47084919094688]}},{"type":"Feature","properties":{"h3_id":"882ba0d85bfffff","market_class":"true_whitespace","opportunity_score":84.9,"province":"QC","households":622},"geometry":{"type":"Point","coordinates":[-72.54766323705779,48.996395525589804]}},{"type":"Feature","properties":{"h3_id":"882b304ccdfffff","market_class":"true_whitespace","opportunity_score":86.0,"province":"QC","households":658},"geometry":{"type":"Point","coordinates":[-65.12810861481996,49.21750360045921]}},{"type":"Feature","properties":{"h3_id":"882baac8bbfffff","market_class":"proven_market_no_pv","opportunity_score":66.3,"province":"QC","households":597},"geometry":{"type":"Point","coordinates":[-73.4901143129285,45.85456551743934]}},{"type":"Feature","properties":{"h3_id":"882ab5cae9fffff","market_class":"true_whitespace","opportunity_score":68.1,"province":"ON","households":530},"geometry":{"type":"Point","coordinates":[-80.25895765775411,42.76038931866565]}},{"type":"Feature","properties":{"h3_id":"881b9e6d3bfffff","market_class":"true_whitespace","opportunity_score":79.2,"province":"NL","households":623},"geometry":{"type":"Point","coordinates":[-58.13945676527019,49.0117042568356]}},{"type":"Feature","properties":{"h3_id":"882baa92adfffff","market_class":"true_whitespace","opportunity_score":66.3,"province":"QC","households":572},"geometry":{"type":"Point","coordinates":[-72.51798574683298,45.939081986874186]}},{"type":"Feature","properties":{"h3_id":"882bac0eddfffff","market_class":"true_whitespace","opportunity_score":82.7,"province":"QC","households":622},"geometry":{"type":"Point","coordinates":[-70.67976679296622,46.355066633643034]}},{"type":"Feature","properties":{"h3_id":"8812ecc803fffff","market_class":"proven_market_no_pv","opportunity_score":58.3,"province":"AB","households":530},"geometry":{"type":"Point","coordinates":[-113.43220515676707,53.546705920862536]}},{"type":"Feature","properties":{"h3_id":"88270e2a65fffff","market_class":"true_whitespace","opportunity_score":85.7,"province":"ON","households":620},"geometry":{"type":"Point","coordinates":[-94.5604817585239,48.71750815506289]}},{"type":"Feature","properties":{"h3_id":"882ba09935fffff","market_class":"true_whitespace","opportunity_score":84.1,"province":"QC","households":615},"geometry":{"type":"Point","coordinates":[-72.08817269750988,48.86526860985646]}},{"type":"Feature","properties":{"h3_id":"882baec2b7fffff","market_class":"true_whitespace","opportunity_score":84.3,"province":"QC","households":647},"geometry":{"type":"Point","coordinates":[-72.39633951977706,46.86835505499349]}},{"type":"Feature","properties":{"h3_id":"882708c613fffff","market_class":"true_whitespace","opportunity_score":85.8,"province":"ON","households":509},"geometry":{"type":"Point","coordinates":[-93.42683110488713,48.604418068862024]}},{"type":"Feature","properties":{"h3_id":"882b161611fffff","market_class":"proven_market_no_pv","opportunity_score":77.4,"province":"QC","households":531},"geometry":{"type":"Point","coordinates":[-68.53603555123193,48.427723680802174]}},{"type":"Feature","properties":{"h3_id":"882b0a88a5fffff","market_class":"true_whitespace","opportunity_score":79.2,"province":"NS","households":651},"geometry":{"type":"Point","coordinates":[-65.12785025693454,43.71473296059465]}},{"type":"Feature","properties":{"h3_id":"882b852a43fffff","market_class":"true_whitespace","opportunity_score":80.8,"province":"QC","households":616},"geometry":{"type":"Point","coordinates":[-74.01284477590626,46.111721368810876]}},{"type":"Feature","properties":{"h3_id":"8812e9c223fffff","market_class":"true_whitespace","opportunity_score":84.9,"province":"AB","households":596},"geometry":{"type":"Point","coordinates":[-111.45073003501165,52.08968627038463]}},{"type":"Feature","properties":{"h3_id":"882bac2119fffff","market_class":"true_whitespace","opportunity_score":78.7,"province":"QC","households":587},"geometry":{"type":"Point","coordinates":[-70.62598138651137,46.097521584961775]}},{"type":"Feature","properties":{"h3_id":"882baa7823fffff","market_class":"proven_market_no_pv","opportunity_score":60.2,"province":"QC","households":554},"geometry":{"type":"Point","coordinates":[-73.7502107536072,45.37547223606382]}},{"type":"Feature","properties":{"h3_id":"882b1262e3fffff","market_class":"true_whitespace","opportunity_score":85.3,"province":"QC","households":624},"geometry":{"type":"Point","coordinates":[-70.21701363923488,47.18018207883]}},{"type":"Feature","properties":{"h3_id":"8812524d15fffff","market_class":"true_whitespace","opportunity_score":81.0,"province":"AB","households":558},"geometry":{"type":"Point","coordinates":[-113.63921140513565,54.14565318468125]}},{"type":"Feature","properties":{"h3_id":"882baad089fffff","market_class":"proven_market_no_pv","opportunity_score":66.0,"province":"QC","households":612},"geometry":{"type":"Point","coordinates":[-73.1280711361954,46.02585020789855]}},{"type":"Feature","properties":{"h3_id":"882ba54459fffff","market_class":"true_whitespace","opportunity_score":67.6,"province":"QC","households":498},"geometry":{"type":"Point","coordinates":[-71.05518710213211,48.44961052681378]}},{"type":"Feature","properties":{"h3_id":"882b98d6c7fffff","market_class":"true_whitespace","opportunity_score":83.9,"province":"ON","households":545},"geometry":{"type":"Point","coordinates":[-78.53998784662579,44.763032826240035]}},{"type":"Feature","properties":{"h3_id":"882ab05867fffff","market_class":"true_whitespace","opportunity_score":68.5,"province":"ON","households":551},"geometry":{"type":"Point","coordinates":[-82.16518235367599,42.46470830114402]}},{"type":"Feature","properties":{"h3_id":"882b81a227fffff","market_class":"proven_market_no_pv","opportunity_score":64.3,"province":"QC","households":414},"geometry":{"type":"Point","coordinates":[-74.16116055347423,45.407428905887635]}},{"type":"Feature","properties":{"h3_id":"881ab5c5d9fffff","market_class":"true_whitespace","opportunity_score":85.8,"province":"NL","households":652},"geometry":{"type":"Point","coordinates":[-55.81667778663687,47.478154719774146]}},{"type":"Feature","properties":{"h3_id":"882b9082c5fffff","market_class":"true_whitespace","opportunity_score":81.5,"province":"QC","households":597},"geometry":{"type":"Point","coordinates":[-79.43652068000222,47.46984989108852]}},{"type":"Feature","properties":{"h3_id":"88121e682dfffff","market_class":"true_whitespace","opportunity_score":83.8,"province":"BC","households":518},"geometry":{"type":"Point","coordinates":[-121.90187697873156,56.03243586418341]}},{"type":"Feature","properties":{"h3_id":"882ab0ca45fffff","market_class":"true_whitespace","opportunity_score":78.6,"province":"ON","households":553},"geometry":{"type":"Point","coordinates":[-81.78995488114131,42.68086819589871]}},{"type":"Feature","properties":{"h3_id":"882b93d413fffff","market_class":"true_whitespace","opportunity_score":83.9,"province":"ON","households":553},"geometry":{"type":"Point","coordinates":[-80.5472963593325,46.519336769515085]}},{"type":"Feature","properties":{"h3_id":"882baa0f45fffff","market_class":"proven_market_no_pv","opportunity_score":63.4,"province":"QC","households":496},"geometry":{"type":"Point","coordinates":[-73.27003203141734,45.474009937339154]}},{"type":"Feature","properties":{"h3_id":"880e4972dbfffff","market_class":"true_whitespace","opportunity_score":85.8,"province":"QC","households":559},"geometry":{"type":"Point","coordinates":[-68.16766657933735,49.213760475124985]}},{"type":"Feature","properties":{"h3_id":"882bac0893fffff","market_class":"true_whitespace","opportunity_score":73.9,"province":"QC","households":559},"geometry":{"type":"Point","coordinates":[-70.87571562875553,46.41757429238726]}},{"type":"Feature","properties":{"h3_id":"8812e8c2ebfffff","market_class":"true_whitespace","opportunity_score":81.5,"province":"AB","households":591},"geometry":{"type":"Point","coordinates":[-112.96516909051525,52.58283625954066]}},{"type":"Feature","properties":{"h3_id":"882bae7a29fffff","market_class":"true_whitespace","opportunity_score":79.1,"province":"QC","households":653},"geometry":{"type":"Point","coordinates":[-72.88236169512479,46.401961425019]}},{"type":"Feature","properties":{"h3_id":"8828d8c567fffff","market_class":"true_whitespace","opportunity_score":83.5,"province":"BC","households":577},"geometry":{"type":"Point","coordinates":[-124.04367475505266,49.631979310880155]}},{"type":"Feature","properties":{"h3_id":"882b302a51fffff","market_class":"true_whitespace","opportunity_score":85.9,"province":"QC","households":630},"geometry":{"type":"Point","coordinates":[-64.49629668007412,48.832294994786814]}},{"type":"Feature","properties":{"h3_id":"8812d56539fffff","market_class":"true_whitespace","opportunity_score":80.6,"province":"BC","households":606},"geometry":{"type":"Point","coordinates":[-119.48343720003926,50.872269193554395]}},{"type":"Feature","properties":{"h3_id":"882ab4b643fffff","market_class":"proven_market_no_pv","opportunity_score":59.7,"province":"ON","households":415},"geometry":{"type":"Point","coordinates":[-79.99909861741597,43.226661287893506]}},{"type":"Feature","properties":{"h3_id":"881b9816b7fffff","market_class":"true_whitespace","opportunity_score":84.8,"province":"NL","households":652},"geometry":{"type":"Point","coordinates":[-56.19329703426761,49.53523388195114]}},{"type":"Feature","properties":{"h3_id":"8812ed42c5fffff","market_class":"true_whitespace","opportunity_score":84.6,"province":"AB","households":556},"geometry":{"type":"Point","coordinates":[-111.69535699738218,52.77740136369827]}},{"type":"Feature","properties":{"h3_id":"88124a0e31fffff","market_class":"true_whitespace","opportunity_score":79.5,"province":"SK","households":573},"geometry":{"type":"Point","coordinates":[-104.88744207913581,52.638409877995834]}},{"type":"Feature","properties":{"h3_id":"8827b29895fffff","market_class":"proven_market_no_pv","opportunity_score":63.8,"province":"AB","households":447},"geometry":{"type":"Point","coordinates":[-110.69887702108538,50.00501856469001]}},{"type":"Feature","properties":{"h3_id":"882baaadb9fffff","market_class":"true_whitespace","opportunity_score":77.7,"province":"QC","households":585},"geometry":{"type":"Point","coordinates":[-72.74749560395948,45.21265457903127]}},{"type":"Feature","properties":{"h3_id":"88272a3225fffff","market_class":"true_whitespace","opportunity_score":86.0,"province":"ON","households":612},"geometry":{"type":"Point","coordinates":[-92.2804996637229,50.31641794726987]}},{"type":"Feature","properties":{"h3_id":"8827ac3365fffff","market_class":"true_whitespace","opportunity_score":84.6,"province":"SK","households":529},"geometry":{"type":"Point","coordinates":[-101.79715857792888,49.17249183259033]}},{"type":"Feature","properties":{"h3_id":"8812c91195fffff","market_class":"true_whitespace","opportunity_score":83.7,"province":"AB","households":615},"geometry":{"type":"Point","coordinates":[-112.07276947993803,49.1508881292766]}},{"type":"Feature","properties":{"h3_id":"882b33b301fffff","market_class":"true_whitespace","opportunity_score":85.7,"province":"QC","households":659},"geometry":{"type":"Point","coordinates":[-64.71312892969388,48.30716151812541]}},{"type":"Feature","properties":{"h3_id":"882ba0b70dfffff","market_class":"true_whitespace","opportunity_score":83.6,"province":"QC","households":479},"geometry":{"type":"Point","coordinates":[-71.4944687185208,48.37337192101952]}},{"type":"Feature","properties":{"h3_id":"882baa79c9fffff","market_class":"proven_market_no_pv","opportunity_score":61.7,"province":"QC","households":531},"geometry":{"type":"Point","coordinates":[-73.75946879722026,45.369707168472516]}},{"type":"Feature","properties":{"h3_id":"882baa7003fffff","market_class":"proven_market_no_pv","opportunity_score":59.7,"province":"QC","households":437},"geometry":{"type":"Point","coordinates":[-73.48535698890424,45.380988024612385]}},{"type":"Feature","properties":{"h3_id":"882baa944bfffff","market_class":"true_whitespace","opportunity_score":66.3,"province":"QC","households":532},"geometry":{"type":"Point","coordinates":[-72.419192771158,45.831270789707744]}},{"type":"Feature","properties":{"h3_id":"8812cc998bfffff","market_class":"proven_market_no_pv","opportunity_score":61.9,"province":"AB","households":413},"geometry":{"type":"Point","coordinates":[-113.80824038890601,51.01981993836939]}},{"type":"Feature","properties":{"h3_id":"880e4db89dfffff","market_class":"true_whitespace","opportunity_score":85.9,"province":"QC","households":533},"geometry":{"type":"Point","coordinates":[-66.37286008362513,50.22425798729165]}},{"type":"Feature","properties":{"h3_id":"881aa06dc3fffff","market_class":"true_whitespace","opportunity_score":80.5,"province":"NL","households":555},"geometry":{"type":"Point","coordinates":[-52.828615553859635,47.285598462046295]}},{"type":"Feature","properties":{"h3_id":"88120cb66bfffff","market_class":"true_whitespace","opportunity_score":86.0,"province":"AB","households":573},"geometry":{"type":"Point","coordinates":[-114.53377832866519,58.47176961126892]}},{"type":"Feature","properties":{"h3_id":"882ba12e99fffff","market_class":"proven_market_no_pv","opportunity_score":63.3,"province":"QC","households":457},"geometry":{"type":"Point","coordinates":[-71.38466426341122,46.884460089071]}},{"type":"Feature","properties":{"h3_id":"882b330cbbfffff","market_class":"true_whitespace","opportunity_score":85.5,"province":"QC","households":634},"geometry":{"type":"Point","coordinates":[-65.57921218034933,48.07364218591947]}},{"type":"Feature","properties":{"h3_id":"8828de1751fffff","market_class":"proven_market_no_pv","opportunity_score":62.5,"province":"BC","households":663},"geometry":{"type":"Point","coordinates":[-123.12923220689075,49.326503914208544]}},{"type":"Feature","properties":{"h3_id":"8827a272ddfffff","market_class":"true_whitespace","opportunity_score":85.2,"province":"SK","households":567},"geometry":{"type":"Point","coordinates":[-106.55209954141431,49.8732656691896]}},{"type":"Feature","properties":{"h3_id":"882bac5319fffff","market_class":"proven_market_no_pv","opportunity_score":72.0,"province":"QC","households":529},"geometry":{"type":"Point","coordinates":[-71.12961137256072,46.82521606605018]}},{"type":"Feature","properties":{"h3_id":"882baa8aa1fffff","market_class":"true_whitespace","opportunity_score":79.6,"province":"QC","households":543},"geometry":{"type":"Point","coordinates":[-72.86508838281188,45.78964508001618]}},{"type":"Feature","properties":{"h3_id":"8812596469fffff","market_class":"true_whitespace","opportunity_score":79.5,"province":"SK","households":552},"geometry":{"type":"Point","coordinates":[-106.50174833201243,51.808552616643794]}},{"type":"Feature","properties":{"h3_id":"88271022cbfffff","market_class":"true_whitespace","opportunity_score":83.9,"province":"MB","households":602},"geometry":{"type":"Point","coordinates":[-99.91760599228503,50.500216552926254]}},{"type":"Feature","properties":{"h3_id":"882b81a35bfffff","market_class":"proven_market_no_pv","opportunity_score":66.0,"province":"QC","households":401},"geometry":{"type":"Point","coordinates":[-74.15742960308134,45.42978637067738]}},{"type":"Feature","properties":{"h3_id":"882ba88907fffff","market_class":"true_whitespace","opportunity_score":83.4,"province":"QC","households":634},"geometry":{"type":"Point","coordinates":[-71.37163372039552,45.834246729244676]}},{"type":"Feature","properties":{"h3_id":"882baa0a07fffff","market_class":"proven_market_no_pv","opportunity_score":63.0,"province":"QC","households":409},"geometry":{"type":"Point","coordinates":[-73.31976390109388,45.56218406267695]}},{"type":"Feature","properties":{"h3_id":"882bac4693fffff","market_class":"proven_market_no_pv","opportunity_score":66.4,"province":"QC","households":499},"geometry":{"type":"Point","coordinates":[-71.04380708377899,46.457311798985735]}},{"type":"Feature","properties":{"h3_id":"8828dc0107fffff","market_class":"true_whitespace","opportunity_score":80.9,"province":"BC","households":583},"geometry":{"type":"Point","coordinates":[-124.19102896627412,48.87355679329825]}},{"type":"Feature","properties":{"h3_id":"882b980329fffff","market_class":"true_whitespace","opportunity_score":71.2,"province":"ON","households":514},"geometry":{"type":"Point","coordinates":[-78.7323871158643,44.412009932327706]}},{"type":"Feature","properties":{"h3_id":"882baa2645fffff","market_class":"true_whitespace","opportunity_score":76.4,"province":"QC","households":579},"geometry":{"type":"Point","coordinates":[-72.8322103090259,45.05348328154842]}},{"type":"Feature","properties":{"h3_id":"882baa4c23fffff","market_class":"proven_market_no_pv","opportunity_score":60.4,"province":"QC","households":400},"geometry":{"type":"Point","coordinates":[-73.87134044769353,45.509094821755056]}},{"type":"Feature","properties":{"h3_id":"882ba86ae7fffff","market_class":"true_whitespace","opportunity_score":72.7,"province":"QC","households":620},"geometry":{"type":"Point","coordinates":[-72.15648878804517,45.26616575326321]}},{"type":"Feature","properties":{"h3_id":"882b2e9639fffff","market_class":"true_whitespace","opportunity_score":73.2,"province":"NS","households":602},"geometry":{"type":"Point","coordinates":[-60.077854073177036,46.249991063852775]}},{"type":"Feature","properties":{"h3_id":"8827a69819fffff","market_class":"true_whitespace","opportunity_score":82.1,"province":"SK","households":534},"geometry":{"type":"Point","coordinates":[-106.43769333089583,51.62757178949411]}},{"type":"Feature","properties":{"h3_id":"882bacc1c3fffff","market_class":"true_whitespace","opportunity_score":83.8,"province":"QC","households":564},"geometry":{"type":"Point","coordinates":[-70.82779409209171,46.88894866536563]}},{"type":"Feature","properties":{"h3_id":"8827108961fffff","market_class":"true_whitespace","opportunity_score":78.9,"province":"MB","households":657},"geometry":{"type":"Point","coordinates":[-100.49448079167672,51.15128875294551]}},{"type":"Feature","properties":{"h3_id":"882bac5003fffff","market_class":"proven_market_no_pv","opportunity_score":65.0,"province":"QC","households":462},"geometry":{"type":"Point","coordinates":[-71.1381590723023,46.771822508367116]}},{"type":"Feature","properties":{"h3_id":"882baa3927fffff","market_class":"true_whitespace","opportunity_score":69.7,"province":"QC","households":546},"geometry":{"type":"Point","coordinates":[-73.26258189771022,45.271244648197886]}},{"type":"Feature","properties":{"h3_id":"880ecc1353fffff","market_class":"true_whitespace","opportunity_score":85.9,"province":"ON","households":565},"geometry":{"type":"Point","coordinates":[-80.60784150352029,51.258369895594306]}},{"type":"Feature","properties":{"h3_id":"882b935341fffff","market_class":"true_whitespace","opportunity_score":73.0,"province":"ON","households":535},"geometry":{"type":"Point","coordinates":[-81.14931589814127,46.437832266108956]}},{"type":"Feature","properties":{"h3_id":"882b2e963dfffff","market_class":"true_whitespace","opportunity_score":72.6,"province":"NS","households":595},"geometry":{"type":"Point","coordinates":[-60.088665562786595,46.25385998377387]}},{"type":"Feature","properties":{"h3_id":"880eeb8903fffff","market_class":"true_whitespace","opportunity_score":85.8,"province":"QC","households":530},"geometry":{"type":"Point","coordinates":[-78.75155486843512,51.488462475745614]}},{"type":"Feature","properties":{"h3_id":"882ab0cd55fffff","market_class":"true_whitespace","opportunity_score":80.3,"province":"ON","households":577},"geometry":{"type":"Point","coordinates":[-81.76998397994272,42.51086944014299]}},{"type":"Feature","properties":{"h3_id":"88125ec299fffff","market_class":"true_whitespace","opportunity_score":82.5,"province":"SK","households":647},"geometry":{"type":"Point","coordinates":[-109.99526403785174,53.71546218735153]}},{"type":"Feature","properties":{"h3_id":"8812cd6b41fffff","market_class":"true_whitespace","opportunity_score":75.8,"province":"AB","households":539},"geometry":{"type":"Point","coordinates":[-112.60404909081886,49.72622156338178]}},{"type":"Feature","properties":{"h3_id":"88271eb069fffff","market_class":"true_whitespace","opportunity_score":82.0,"province":"MB","households":530},"geometry":{"type":"Point","coordinates":[-98.5362292319085,49.237248683321795]}},{"type":"Feature","properties":{"h3_id":"8827a191d3fffff","market_class":"true_whitespace","opportunity_score":83.9,"province":"SK","households":571},"geometry":{"type":"Point","coordinates":[-103.26897539505838,50.421234431178]}},{"type":"Feature","properties":{"h3_id":"8812e13805fffff","market_class":"true_whitespace","opportunity_score":76.6,"province":"AB","households":420},"geometry":{"type":"Point","coordinates":[-114.12641783805104,53.60194384406989]}},{"type":"Feature","properties":{"h3_id":"880e4d3aa9fffff","market_class":"true_whitespace","opportunity_score":85.7,"province":"QC","households":506},"geometry":{"type":"Point","coordinates":[-66.88262038007187,50.02140736536296]}},{"type":"Feature","properties":{"h3_id":"882baa51e7fffff","market_class":"proven_market_no_pv","opportunity_score":62.5,"province":"QC","households":502},"geometry":{"type":"Point","coordinates":[-73.70953958599094,45.7691379834088]}},{"type":"Feature","properties":{"h3_id":"881b9a5b1dfffff","market_class":"true_whitespace","opportunity_score":78.8,"province":"NL","households":676},"geometry":{"type":"Point","coordinates":[-58.47739393504116,48.42771582517748]}},{"type":"Feature","properties":{"h3_id":"882bae0069fffff","market_class":"true_whitespace","opportunity_score":80.0,"province":"QC","households":612},"geometry":{"type":"Point","coordinates":[-72.34104665213262,46.52593673675381]}},{"type":"Feature","properties":{"h3_id":"8812d56949fffff","market_class":"true_whitespace","opportunity_score":83.4,"province":"BC","households":583},"geometry":{"type":"Point","coordinates":[-119.88313945113204,50.881459378940534]}},{"type":"Feature","properties":{"h3_id":"8828d121c9fffff","market_class":"true_whitespace","opportunity_score":84.3,"province":"BC","households":534},"geometry":{"type":"Point","coordinates":[-123.27909572756883,48.7647012170896]}},{"type":"Feature","properties":{"h3_id":"882b983567fffff","market_class":"true_whitespace","opportunity_score":75.6,"province":"ON","households":440},"geometry":{"type":"Point","coordinates":[-78.40002980740468,43.997005438132604]}},{"type":"Feature","properties":{"h3_id":"882baa4581fffff","market_class":"proven_market_no_pv","opportunity_score":62.9,"province":"QC","households":666},"geometry":{"type":"Point","coordinates":[-73.67342136869928,45.482845998668914]}},{"type":"Feature","properties":{"h3_id":"880e496235fffff","market_class":"true_whitespace","opportunity_score":85.4,"province":"QC","households":628},"geometry":{"type":"Point","coordinates":[-68.39915540237392,49.125808035190715]}},{"type":"Feature","properties":{"h3_id":"8827a568a9fffff","market_class":"true_whitespace","opportunity_score":79.6,"province":"SK","households":538},"geometry":{"type":"Point","coordinates":[-103.87763654965661,50.5372805530795]}},{"type":"Feature","properties":{"h3_id":"882ba866e1fffff","market_class":"true_whitespace","opportunity_score":82.0,"province":"QC","households":583},"geometry":{"type":"Point","coordinates":[-71.80168708310687,45.138232035827144]}},{"type":"Feature","properties":{"h3_id":"882ba86aa9fffff","market_class":"true_whitespace","opportunity_score":74.2,"province":"QC","households":506},"geometry":{"type":"Point","coordinates":[-72.15413081703387,45.25786265997931]}},{"type":"Feature","properties":{"h3_id":"882b9b3081fffff","market_class":"proven_market_no_pv","opportunity_score":67.4,"province":"ON","households":522},"geometry":{"type":"Point","coordinates":[-79.03833429092175,43.05699891047384]}},{"type":"Feature","properties":{"h3_id":"881ab4cc47fffff","market_class":"true_whitespace","opportunity_score":85.4,"province":"NL","households":669},"geometry":{"type":"Point","coordinates":[-57.60674226608487,47.616351220338345]}},{"type":"Feature","properties":{"h3_id":"882bac1867fffff","market_class":"true_whitespace","opportunity_score":82.0,"province":"QC","households":575},"geometry":{"type":"Point","coordinates":[-70.81295174842741,46.65566747577446]}},{"type":"Feature","properties":{"h3_id":"880e9a000bfffff","market_class":"true_whitespace","opportunity_score":85.7,"province":"MB","households":610},"geometry":{"type":"Point","coordinates":[-97.84703869102285,55.73896894781063]}},{"type":"Feature","properties":{"h3_id":"882bae4603fffff","market_class":"true_whitespace","opportunity_score":65.5,"province":"QC","households":557},"geometry":{"type":"Point","coordinates":[-72.73887351512698,46.52730513221757]}},{"type":"Feature","properties":{"h3_id":"882b81180dfffff","market_class":"true_whitespace","opportunity_score":79.3,"province":"ON","households":496},"geometry":{"type":"Point","coordinates":[-74.89805483975265,45.63427547880081]}},{"type":"Feature","properties":{"h3_id":"88271c843bfffff","market_class":"true_whitespace","opportunity_score":72.0,"province":"MB","households":418},"geometry":{"type":"Point","coordinates":[-97.1111856526871,49.67933562504112]}},{"type":"Feature","properties":{"h3_id":"8812e88695fffff","market_class":"true_whitespace","opportunity_score":83.6,"province":"AB","households":547},"geometry":{"type":"Point","coordinates":[-112.06774871620894,52.58094725220298]}},{"type":"Feature","properties":{"h3_id":"882bac5029fffff","market_class":"proven_market_no_pv","opportunity_score":64.5,"province":"QC","households":595},"geometry":{"type":"Point","coordinates":[-71.16463490038326,46.78591705902034]}},{"type":"Feature","properties":{"h3_id":"88125dd11dfffff","market_class":"true_whitespace","opportunity_score":84.7,"province":"SK","households":641},"geometry":{"type":"Point","coordinates":[-107.03227050099267,53.83681225782505]}},{"type":"Feature","properties":{"h3_id":"8812ea285bfffff","market_class":"true_whitespace","opportunity_score":80.3,"province":"AB","households":519},"geometry":{"type":"Point","coordinates":[-113.6022277455011,51.32098267840453]}},{"type":"Feature","properties":{"h3_id":"882ab43435fffff","market_class":"true_whitespace","opportunity_score":74.8,"province":"ON","households":477},"geometry":{"type":"Point","coordinates":[-80.48502870290635,42.85380411479696]}},{"type":"Feature","properties":{"h3_id":"880ed921e9fffff","market_class":"true_whitespace","opportunity_score":84.8,"province":"ON","households":539},"geometry":{"type":"Point","coordinates":[-84.77462130992603,49.21423292908974]}},{"type":"Feature","properties":{"h3_id":"881259b28dfffff","market_class":"true_whitespace","opportunity_score":83.6,"province":"SK","households":567},"geometry":{"type":"Point","coordinates":[-105.72985670763977,52.49306722548423]}},{"type":"Feature","properties":{"h3_id":"8827103019fffff","market_class":"true_whitespace","opportunity_score":83.8,"province":"MB","households":591},"geometry":{"type":"Point","coordinates":[-99.96978118582597,50.62520943591108]}},{"type":"Feature","properties":{"h3_id":"882b000f29fffff","market_class":"true_whitespace","opportunity_score":76.5,"province":"NB","households":539},"geometry":{"type":"Point","coordinates":[-64.26839303598469,46.21584177906226]}},{"type":"Feature","properties":{"h3_id":"882baad0ddfffff","market_class":"proven_market_no_pv","opportunity_score":63.2,"province":"QC","households":532},"geometry":{"type":"Point","coordinates":[-73.10654098880796,46.02899125706509]}},{"type":"Feature","properties":{"h3_id":"8812c85b01fffff","market_class":"true_whitespace","opportunity_score":84.7,"province":"AB","households":608},"geometry":{"type":"Point","coordinates":[-114.36219268001659,49.584035386135355]}},{"type":"Feature","properties":{"h3_id":"88125381a3fffff","market_class":"true_whitespace","opportunity_score":79.0,"province":"AB","households":530},"geometry":{"type":"Point","coordinates":[-111.15370563397158,54.247308806676656]}},{"type":"Feature","properties":{"h3_id":"88124dc8a9fffff","market_class":"true_whitespace","opportunity_score":85.0,"province":"SK","households":625},"geometry":{"type":"Point","coordinates":[-102.26649067974556,53.95366285865735]}},{"type":"Feature","properties":{"h3_id":"882bae1531fffff","market_class":"true_whitespace","opportunity_score":81.4,"province":"QC","households":582},"geometry":{"type":"Point","coordinates":[-72.19794645721964,46.50187234861134]}},{"type":"Feature","properties":{"h3_id":"882b05ce87fffff","market_class":"true_whitespace","opportunity_score":80.4,"province":"PE","households":612},"geometry":{"type":"Point","coordinates":[-62.59111835489668,46.4210153572108]}},{"type":"Feature","properties":{"h3_id":"882b124c17fffff","market_class":"true_whitespace","opportunity_score":80.5,"province":"QC","households":602},"geometry":{"type":"Point","coordinates":[-70.51177655310124,47.44237759971787]}},{"type":"Feature","properties":{"h3_id":"882ba1b687fffff","market_class":"true_whitespace","opportunity_score":83.5,"province":"QC","households":562},"geometry":{"type":"Point","coordinates":[-70.56871158493703,47.30443489300119]}},{"type":"Feature","properties":{"h3_id":"8828d1a0ddfffff","market_class":"true_whitespace","opportunity_score":67.0,"province":"BC","households":428},"geometry":{"type":"Point","coordinates":[-123.5379359224666,48.394538949765476]}},{"type":"Feature","properties":{"h3_id":"882b82243bfffff","market_class":"true_whitespace","opportunity_score":76.0,"province":"ON","households":449},"geometry":{"type":"Point","coordinates":[-77.02182815278849,45.790249741967486]}},{"type":"Feature","properties":{"h3_id":"880e45ac99fffff","market_class":"proven_market_no_pv","opportunity_score":76.1,"province":"NL","households":406},"geometry":{"type":"Point","coordinates":[-66.92051376458988,52.94830268743615]}},{"type":"Feature","properties":{"h3_id":"8828d1adb9fffff","market_class":"true_whitespace","opportunity_score":68.4,"province":"BC","households":473},"geometry":{"type":"Point","coordinates":[-123.45602590637911,48.579473575395696]}},{"type":"Feature","properties":{"h3_id":"882bac216bfffff","market_class":"true_whitespace","opportunity_score":76.0,"province":"QC","households":539},"geometry":{"type":"Point","coordinates":[-70.65610256661996,46.12841685178505]}},{"type":"Feature","properties":{"h3_id":"882b1655d9fffff","market_class":"true_whitespace","opportunity_score":85.0,"province":"QC","households":642},"geometry":{"type":"Point","coordinates":[-69.26141669683638,48.529174573937915]}},{"type":"Feature","properties":{"h3_id":"8812cd6b69fffff","market_class":"true_whitespace","opportunity_score":68.1,"province":"AB","households":498},"geometry":{"type":"Point","coordinates":[-112.62791260165342,49.722696842776585]}},{"type":"Feature","properties":{"h3_id":"881aa6a353fffff","market_class":"true_whitespace","opportunity_score":78.8,"province":"NL","households":590},"geometry":{"type":"Point","coordinates":[-53.854044003203185,48.37179761830783]}},{"type":"Feature","properties":{"h3_id":"882ba0b835fffff","market_class":"true_whitespace","opportunity_score":80.2,"province":"QC","households":539},"geometry":{"type":"Point","coordinates":[-71.87601115036634,48.4266990743774]}},{"type":"Feature","properties":{"h3_id":"882ba86125fffff","market_class":"true_whitespace","opportunity_score":69.9,"province":"QC","households":505},"geometry":{"type":"Point","coordinates":[-72.10933207630258,45.29428532266689]}},{"type":"Feature","properties":{"h3_id":"8827158841fffff","market_class":"true_whitespace","opportunity_score":84.9,"province":"MB","households":616},"geometry":{"type":"Point","coordinates":[-98.72885313543,51.5831476005421]}},{"type":"Feature","properties":{"h3_id":"8812dd6a49fffff","market_class":"true_whitespace","opportunity_score":84.4,"province":"BC","households":591},"geometry":{"type":"Point","coordinates":[-116.49270833665446,49.08650739757009]}},{"type":"Feature","properties":{"h3_id":"882b831ab1fffff","market_class":"true_whitespace","opportunity_score":82.0,"province":"QC","households":529},"geometry":{"type":"Point","coordinates":[-76.45466062790378,45.526618214999544]}},{"type":"Feature","properties":{"h3_id":"882baa561dfffff","market_class":"proven_market_no_pv","opportunity_score":69.3,"province":"QC","households":438},"geometry":{"type":"Point","coordinates":[-73.41608926107952,45.69135842534032]}},{"type":"Feature","properties":{"h3_id":"882bb5d6a1fffff","market_class":"true_whitespace","opportunity_score":85.2,"province":"QC","households":551},"geometry":{"type":"Point","coordinates":[-74.86079850054102,49.780038502151285]}},{"type":"Feature","properties":{"h3_id":"882b140a29fffff","market_class":"true_whitespace","opportunity_score":84.3,"province":"QC","households":609},"geometry":{"type":"Point","coordinates":[-67.34412573060057,48.417016312120786]}},{"type":"Feature","properties":{"h3_id":"88125d592bfffff","market_class":"true_whitespace","opportunity_score":84.5,"province":"SK","households":629},"geometry":{"type":"Point","coordinates":[-107.5135135595323,53.36394175466405]}},{"type":"Feature","properties":{"h3_id":"8812264ca3fffff","market_class":"true_whitespace","opportunity_score":85.5,"province":"NT_NU","households":519},"geometry":{"type":"Point","coordinates":[-121.35234546338661,61.86661611131326]}},{"type":"Feature","properties":{"h3_id":"882ba546e7fffff","market_class":"true_whitespace","opportunity_score":66.1,"province":"QC","households":494},"geometry":{"type":"Point","coordinates":[-71.040292744466,48.43816590942099]}},{"type":"Feature","properties":{"h3_id":"882b80819bfffff","market_class":"true_whitespace","opportunity_score":78.5,"province":"QC","households":591},"geometry":{"type":"Point","coordinates":[-75.23782878667899,46.65198541815003]}},{"type":"Feature","properties":{"h3_id":"882baa084bfffff","market_class":"proven_market_no_pv","opportunity_score":59.6,"province":"QC","households":390},"geometry":{"type":"Point","coordinates":[-73.34780478897505,45.544967060611654]}},{"type":"Feature","properties":{"h3_id":"882b9e89d9fffff","market_class":"true_whitespace","opportunity_score":80.0,"province":"ON","households":536},"geometry":{"type":"Point","coordinates":[-79.46108943597764,45.4925970346513]}},{"type":"Feature","properties":{"h3_id":"882ba871a9fffff","market_class":"proven_market_no_pv","opportunity_score":65.9,"province":"QC","households":462},"geometry":{"type":"Point","coordinates":[-71.95572128163504,45.375861841372014]}},{"type":"Feature","properties":{"h3_id":"882702b915fffff","market_class":"true_whitespace","opportunity_score":82.5,"province":"MB","households":625},"geometry":{"type":"Point","coordinates":[-96.98581983225934,50.628687762567075]}},{"type":"Feature","properties":{"h3_id":"882bac5067fffff","market_class":"proven_market_no_pv","opportunity_score":64.8,"province":"QC","households":577},"geometry":{"type":"Point","coordinates":[-71.16688243201074,46.794352828289554]}},{"type":"Feature","properties":{"h3_id":"882ba871abfffff","market_class":"true_whitespace","opportunity_score":67.4,"province":"QC","households":452},"geometry":{"type":"Point","coordinates":[-71.95339544350834,45.36754678862344]}},{"type":"Feature","properties":{"h3_id":"880e4db881fffff","market_class":"true_whitespace","opportunity_score":85.4,"province":"QC","households":467},"geometry":{"type":"Point","coordinates":[-66.38694427085241,50.23640973454582]}},{"type":"Feature","properties":{"h3_id":"8812732243fffff","market_class":"true_whitespace","opportunity_score":85.1,"province":"SK","households":652},"geometry":{"type":"Point","coordinates":[-109.4345471051558,56.48386402669699]}},{"type":"Feature","properties":{"h3_id":"882b01a89bfffff","market_class":"true_whitespace","opportunity_score":79.5,"province":"NS","households":553},"geometry":{"type":"Point","coordinates":[-63.139037182239704,45.04460524377226]}},{"type":"Feature","properties":{"h3_id":"8827a5111bfffff","market_class":"true_whitespace","opportunity_score":81.3,"province":"SK","households":611},"geometry":{"type":"Point","coordinates":[-103.49129471371869,51.17329336143232]}},{"type":"Feature","properties":{"h3_id":"88270290bdfffff","market_class":"true_whitespace","opportunity_score":84.2,"province":"MB","households":576},"geometry":{"type":"Point","coordinates":[-96.99238668141007,50.996275867423726]}},{"type":"Feature","properties":{"h3_id":"882ab485edfffff","market_class":"proven_market_no_pv","opportunity_score":61.2,"province":"ON","households":389},"geometry":{"type":"Point","coordinates":[-80.41687295722168,43.40175052106155]}},{"type":"Feature","properties":{"h3_id":"882ba0b9e7fffff","market_class":"true_whitespace","opportunity_score":78.1,"province":"QC","households":579},"geometry":{"type":"Point","coordinates":[-71.94443760056735,48.41787713054441]}},{"type":"Feature","properties":{"h3_id":"882b16160bfffff","market_class":"proven_market_no_pv","opportunity_score":76.1,"province":"QC","households":663},"geometry":{"type":"Point","coordinates":[-68.53963277763482,48.4448848802218]}},{"type":"Feature","properties":{"h3_id":"882702506bfffff","market_class":"true_whitespace","opportunity_score":84.4,"province":"MB","households":546},"geometry":{"type":"Point","coordinates":[-98.0247535331169,50.69767561586379]}},{"type":"Feature","properties":{"h3_id":"882ba866e7fffff","market_class":"true_whitespace","opportunity_score":81.8,"province":"QC","households":595},"geometry":{"type":"Point","coordinates":[-71.81112527156102,45.132643037094155]}},{"type":"Feature","properties":{"h3_id":"8827a3965dfffff","market_class":"true_whitespace","opportunity_score":80.0,"province":"SK","households":485},"geometry":{"type":"Point","coordinates":[-104.52226396813575,49.98830959070034]}},{"type":"Feature","properties":{"h3_id":"882ba866e3fffff","market_class":"true_whitespace","opportunity_score":81.9,"province":"QC","households":590},"geometry":{"type":"Point","coordinates":[-71.79940254730244,45.12993378405456]}},{"type":"Feature","properties":{"h3_id":"882ba57ac9fffff","market_class":"true_whitespace","opportunity_score":69.3,"province":"QC","households":427},"geometry":{"type":"Point","coordinates":[-71.111740077449,48.310289621758535]}},{"type":"Feature","properties":{"h3_id":"882baa0e57fffff","market_class":"true_whitespace","opportunity_score":64.3,"province":"QC","households":553},"geometry":{"type":"Point","coordinates":[-73.16706102637811,45.42850740388763]}},{"type":"Feature","properties":{"h3_id":"8828de892dfffff","market_class":"proven_market_no_pv","opportunity_score":59.2,"province":"BC","households":480},"geometry":{"type":"Point","coordinates":[-122.83327742695415,49.21177780555107]}},{"type":"Feature","properties":{"h3_id":"881b80d0c9fffff","market_class":"true_whitespace","opportunity_score":85.4,"province":"NL","households":568},"geometry":{"type":"Point","coordinates":[-56.79413237770354,52.755476609451335]}},{"type":"Feature","properties":{"h3_id":"882bae8881fffff","market_class":"true_whitespace","opportunity_score":79.7,"province":"QC","households":598},"geometry":{"type":"Point","coordinates":[-72.07886773363116,46.71895664294813]}},{"type":"Feature","properties":{"h3_id":"882b9a4c4dfffff","market_class":"true_whitespace","opportunity_score":79.1,"province":"ON","households":481},"geometry":{"type":"Point","coordinates":[-80.92304094957262,44.20932897985852]}},{"type":"Feature","properties":{"h3_id":"882ba54637fffff","market_class":"true_whitespace","opportunity_score":66.0,"province":"QC","households":465},"geometry":{"type":"Point","coordinates":[-71.05750061339384,48.45816372363609]}},{"type":"Feature","properties":{"h3_id":"8812ea40e7fffff","market_class":"true_whitespace","opportunity_score":78.2,"province":"AB","households":549},"geometry":{"type":"Point","coordinates":[-114.49348649845508,51.541652060650236]}},{"type":"Feature","properties":{"h3_id":"88125e2169fffff","market_class":"true_whitespace","opportunity_score":81.3,"province":"SK","households":575},"geometry":{"type":"Point","coordinates":[-109.2966112397764,53.0898773112052]}},{"type":"Feature","properties":{"h3_id":"882b129b31fffff","market_class":"true_whitespace","opportunity_score":79.9,"province":"QC","households":531},"geometry":{"type":"Point","coordinates":[-69.43511023379342,47.91012025512894]}},{"type":"Feature","properties":{"h3_id":"8827024507fffff","market_class":"true_whitespace","opportunity_score":83.3,"province":"MB","households":543},"geometry":{"type":"Point","coordinates":[-97.9425015236244,50.414918213270035]}},{"type":"Feature","properties":{"h3_id":"882b838467fffff","market_class":"true_whitespace","opportunity_score":71.9,"province":"QC","households":382},"geometry":{"type":"Point","coordinates":[-75.85418123822278,45.60541373524313]}},{"type":"Feature","properties":{"h3_id":"8812ea1a31fffff","market_class":"proven_market_no_pv","opportunity_score":69.9,"province":"AB","households":449},"geometry":{"type":"Point","coordinates":[-114.12418941970594,51.78261394710158]}},{"type":"Feature","properties":{"h3_id":"882b9d6137fffff","market_class":"true_whitespace","opportunity_score":68.8,"province":"ON","households":428},"geometry":{"type":"Point","coordinates":[-77.62661228829872,44.14006630028746]}},{"type":"Feature","properties":{"h3_id":"882b03a617fffff","market_class":"true_whitespace","opportunity_score":66.0,"province":"NS","households":610},"geometry":{"type":"Point","coordinates":[-64.35555709576555,45.08305100250443]}},{"type":"Feature","properties":{"h3_id":"882bac5015fffff","market_class":"proven_market_no_pv","opportunity_score":65.5,"province":"QC","households":495},"geometry":{"type":"Point","coordinates":[-71.1359183160745,46.76338799390917]}},{"type":"Feature","properties":{"h3_id":"882b806599fffff","market_class":"true_whitespace","opportunity_score":81.2,"province":"QC","households":558},"geometry":{"type":"Point","coordinates":[-76.01462197619477,45.94287389873215]}},{"type":"Feature","properties":{"h3_id":"882b16aa15fffff","market_class":"true_whitespace","opportunity_score":84.7,"province":"QC","households":558},"geometry":{"type":"Point","coordinates":[-68.43708006820707,48.288704324132944]}},{"type":"Feature","properties":{"h3_id":"882711acd5fffff","market_class":"true_whitespace","opportunity_score":72.5,"province":"MB","households":464},"geometry":{"type":"Point","coordinates":[-98.29408094267531,49.95402969980369]}},{"type":"Feature","properties":{"h3_id":"882b1298e9fffff","market_class":"true_whitespace","opportunity_score":79.6,"province":"QC","households":464},"geometry":{"type":"Point","coordinates":[-69.39494284894499,47.83575264536314]}},{"type":"Feature","properties":{"h3_id":"882b16b92dfffff","market_class":"proven_market_no_pv","opportunity_score":75.2,"province":"QC","households":460},"geometry":{"type":"Point","coordinates":[-68.5025677699615,48.43540776966321]}},{"type":"Feature","properties":{"h3_id":"88271c2b69fffff","market_class":"true_whitespace","opportunity_score":79.8,"province":"MB","households":528},"geometry":{"type":"Point","coordinates":[-97.55507472114212,49.096472258867294]}},{"type":"Feature","properties":{"h3_id":"882b9da5c1fffff","market_class":"true_whitespace","opportunity_score":71.9,"province":"ON","households":506},"geometry":{"type":"Point","coordinates":[-76.44126475071857,44.18734013661358]}},{"type":"Feature","properties":{"h3_id":"8812d669adfffff","market_class":"true_whitespace","opportunity_score":84.5,"province":"BC","households":536},"geometry":{"type":"Point","coordinates":[-122.48059999189334,50.55123970286633]}},{"type":"Feature","properties":{"h3_id":"882baa4ed1fffff","market_class":"proven_market_no_pv","opportunity_score":60.0,"province":"QC","households":412},"geometry":{"type":"Point","coordinates":[-73.72388752008568,45.501248102667496]}},{"type":"Feature","properties":{"h3_id":"8827b5368dfffff","market_class":"true_whitespace","opportunity_score":78.9,"province":"SK","households":527},"geometry":{"type":"Point","coordinates":[-107.21841771039743,50.423035153359145]}},{"type":"Feature","properties":{"h3_id":"8813b34f55fffff","market_class":"true_whitespace","opportunity_score":85.4,"province":"YT","households":530},"geometry":{"type":"Point","coordinates":[-137.51507778703618,60.7558579631448]}},{"type":"Feature","properties":{"h3_id":"882b16163dfffff","market_class":"true_whitespace","opportunity_score":77.6,"province":"QC","households":527},"geometry":{"type":"Point","coordinates":[-68.57310350264844,48.43718951793066]}},{"type":"Feature","properties":{"h3_id":"8813867265fffff","market_class":"true_whitespace","opportunity_score":85.4,"province":"YT","households":499},"geometry":{"type":"Point","coordinates":[-135.14552733632465,60.77564783447218]}},{"type":"Feature","properties":{"h3_id":"882712b495fffff","market_class":"true_whitespace","opportunity_score":84.5,"province":"MB","households":518},"geometry":{"type":"Point","coordinates":[-101.04423029852572,50.41990092347213]}},{"type":"Feature","properties":{"h3_id":"881aa078e3fffff","market_class":"true_whitespace","opportunity_score":77.2,"province":"NL","households":431},"geometry":{"type":"Point","coordinates":[-53.045384539488275,47.48105273235514]}},{"type":"Feature","properties":{"h3_id":"882b015413fffff","market_class":"true_whitespace","opportunity_score":81.8,"province":"NS","households":603},"geometry":{"type":"Point","coordinates":[-63.77806738294971,45.411716704994234]}},{"type":"Feature","properties":{"h3_id":"8828dec65bfffff","market_class":"proven_market_no_pv","opportunity_score":58.1,"province":"BC","households":467},"geometry":{"type":"Point","coordinates":[-122.82492890040805,49.20695231314361]}},{"type":"Feature","properties":{"h3_id":"8812ea4a9dfffff","market_class":"true_whitespace","opportunity_score":80.3,"province":"AB","households":520},"geometry":{"type":"Point","coordinates":[-114.60859738352354,51.50733421143392]}},{"type":"Feature","properties":{"h3_id":"882bb34a15fffff","market_class":"true_whitespace","opportunity_score":82.2,"province":"QC","households":470},"geometry":{"type":"Point","coordinates":[-78.36476968760671,48.40009357746698]}},{"type":"Feature","properties":{"h3_id":"882b9d2d1bfffff","market_class":"true_whitespace","opportunity_score":79.0,"province":"ON","households":469},"geometry":{"type":"Point","coordinates":[-77.09441262499178,43.90191384919745]}},{"type":"Feature","properties":{"h3_id":"882b12519bfffff","market_class":"true_whitespace","opportunity_score":79.1,"province":"QC","households":525},"geometry":{"type":"Point","coordinates":[-70.30640218784977,47.680986532540814]}},{"type":"Feature","properties":{"h3_id":"882bac506dfffff","market_class":"proven_market_no_pv","opportunity_score":67.3,"province":"QC","households":479},"geometry":{"type":"Point","coordinates":[-71.15925458329737,46.8083968850823]}},{"type":"Feature","properties":{"h3_id":"882ba50f31fffff","market_class":"true_whitespace","opportunity_score":74.2,"province":"QC","households":492},"geometry":{"type":"Point","coordinates":[-70.76751380480484,48.34293991127786]}},{"type":"Feature","properties":{"h3_id":"881ab544e1fffff","market_class":"true_whitespace","opportunity_score":83.2,"province":"NL","households":582},"geometry":{"type":"Point","coordinates":[-55.8318766298146,47.07552837481875]}},{"type":"Feature","properties":{"h3_id":"882ba871adfffff","market_class":"true_whitespace","opportunity_score":66.6,"province":"QC","households":475},"geometry":{"type":"Point","coordinates":[-71.9675203443504,45.37856332980213]}},{"type":"Feature","properties":{"h3_id":"8827129a3bfffff","market_class":"true_whitespace","opportunity_score":80.7,"province":"SK","households":575},"geometry":{"type":"Point","coordinates":[-101.89503639857068,50.893618751224516]}},{"type":"Feature","properties":{"h3_id":"8812c33449fffff","market_class":"true_whitespace","opportunity_score":78.0,"province":"BC","households":478},"geometry":{"type":"Point","coordinates":[-115.8593803192724,50.33616793505968]}},{"type":"Feature","properties":{"h3_id":"882bae5439fffff","market_class":"true_whitespace","opportunity_score":69.2,"province":"QC","households":580},"geometry":{"type":"Point","coordinates":[-72.69879725163794,46.62047676773354]}},{"type":"Feature","properties":{"h3_id":"8812ddbb61fffff","market_class":"true_whitespace","opportunity_score":77.7,"province":"BC","households":455},"geometry":{"type":"Point","coordinates":[-115.9823403135197,49.67900125471879]}},{"type":"Feature","properties":{"h3_id":"8812e170c3fffff","market_class":"true_whitespace","opportunity_score":77.8,"province":"AB","households":531},"geometry":{"type":"Point","coordinates":[-114.47113796216011,53.55983865877453]}},{"type":"Feature","properties":{"h3_id":"882b800531fffff","market_class":"true_whitespace","opportunity_score":80.1,"province":"QC","households":599},"geometry":{"type":"Point","coordinates":[-75.63084827497205,46.28626402223802]}},{"type":"Feature","properties":{"h3_id":"882ba80095fffff","market_class":"true_whitespace","opportunity_score":80.3,"province":"QC","households":535},"geometry":{"type":"Point","coordinates":[-71.49620928598415,45.4722693539054]}},{"type":"Feature","properties":{"h3_id":"882b8e4033fffff","market_class":"true_whitespace","opportunity_score":79.8,"province":"ON","households":471},"geometry":{"type":"Point","coordinates":[-76.1028864673325,44.60004926689144]}},{"type":"Feature","properties":{"h3_id":"882b98a819fffff","market_class":"proven_market_no_pv","opportunity_score":65.3,"province":"ON","households":393},"geometry":{"type":"Point","coordinates":[-78.29976866056136,44.22688796919913]}},{"type":"Feature","properties":{"h3_id":"882b24ab35fffff","market_class":"true_whitespace","opportunity_score":83.3,"province":"NL","households":629},"geometry":{"type":"Point","coordinates":[-59.00412959660193,48.64673737380119]}},{"type":"Feature","properties":{"h3_id":"8812ee18b3fffff","market_class":"true_whitespace","opportunity_score":81.7,"province":"AB","households":500},"geometry":{"type":"Point","coordinates":[-114.2912592923437,52.748402907651496]}},{"type":"Feature","properties":{"h3_id":"88270c8a51fffff","market_class":"true_whitespace","opportunity_score":84.5,"province":"ON","households":469},"geometry":{"type":"Point","coordinates":[-92.84049359164781,49.76892391548525]}},{"type":"Feature","properties":{"h3_id":"8828dc7935fffff","market_class":"true_whitespace","opportunity_score":79.1,"province":"BC","households":528},"geometry":{"type":"Point","coordinates":[-123.82788040260384,49.199972581988135]}},{"type":"Feature","properties":{"h3_id":"882b9b6da5fffff","market_class":"true_whitespace","opportunity_score":77.4,"province":"ON","households":451},"geometry":{"type":"Point","coordinates":[-79.90620505608503,42.881085308832]}},{"type":"Feature","properties":{"h3_id":"881aa0788dfffff","market_class":"true_whitespace","opportunity_score":76.5,"province":"NL","households":426},"geometry":{"type":"Point","coordinates":[-53.033974687273144,47.48484823105772]}},{"type":"Feature","properties":{"h3_id":"8812cc99c5fffff","market_class":"proven_market_no_pv","opportunity_score":60.7,"province":"AB","households":393},"geometry":{"type":"Point","coordinates":[-113.83689114308895,51.037545743287964]}},{"type":"Feature","properties":{"h3_id":"882bae4613fffff","market_class":"true_whitespace","opportunity_score":67.5,"province":"QC","households":521},"geometry":{"type":"Point","coordinates":[-72.7216357560152,46.50786723783916]}},{"type":"Feature","properties":{"h3_id":"882b2e4cd3fffff","market_class":"true_whitespace","opportunity_score":81.8,"province":"NS","households":520},"geometry":{"type":"Point","coordinates":[-61.53863933734354,46.01986837969968]}},{"type":"Feature","properties":{"h3_id":"88271126b7fffff","market_class":"true_whitespace","opportunity_score":81.6,"province":"MB","households":501},"geometry":{"type":"Point","coordinates":[-98.34291333621606,49.65584637886414]}},{"type":"Feature","properties":{"h3_id":"880e4972b7fffff","market_class":"true_whitespace","opportunity_score":84.9,"province":"QC","households":536},"geometry":{"type":"Point","coordinates":[-68.2466964246199,49.193124094952836]}},{"type":"Feature","properties":{"h3_id":"882b8e0b03fffff","market_class":"true_whitespace","opportunity_score":67.4,"province":"ON","households":428},"geometry":{"type":"Point","coordinates":[-75.75667107160992,44.55637131041881]}},{"type":"Feature","properties":{"h3_id":"882ba004c1fffff","market_class":"true_whitespace","opportunity_score":80.2,"province":"QC","households":588},"geometry":{"type":"Point","coordinates":[-72.18237811034236,48.26281830447876]}},{"type":"Feature","properties":{"h3_id":"882ba8b147fffff","market_class":"true_whitespace","opportunity_score":84.1,"province":"QC","households":572},"geometry":{"type":"Point","coordinates":[-70.89480588513487,45.58041580429329]}},{"type":"Feature","properties":{"h3_id":"8827b47521fffff","market_class":"true_whitespace","opportunity_score":83.4,"province":"SK","households":518},"geometry":{"type":"Point","coordinates":[-109.53918282551257,50.881815461632165]}},{"type":"Feature","properties":{"h3_id":"882bae028dfffff","market_class":"true_whitespace","opportunity_score":79.9,"province":"QC","households":542},"geometry":{"type":"Point","coordinates":[-72.2512361763896,46.49022638066902]}},{"type":"Feature","properties":{"h3_id":"882ba8d803fffff","market_class":"true_whitespace","opportunity_score":73.6,"province":"QC","households":523},"geometry":{"type":"Point","coordinates":[-71.74146775355842,46.08452352409482]}},{"type":"Feature","properties":{"h3_id":"882bac2121fffff","market_class":"true_whitespace","opportunity_score":75.6,"province":"QC","households":517},"geometry":{"type":"Point","coordinates":[-70.6854395439127,46.11181309264822]}},{"type":"Feature","properties":{"h3_id":"8827110cd9fffff","market_class":"true_whitespace","opportunity_score":80.0,"province":"MB","households":495},"geometry":{"type":"Point","coordinates":[-98.92960939108418,49.948000706330255]}},{"type":"Feature","properties":{"h3_id":"8827a08649fffff","market_class":"true_whitespace","opportunity_score":80.9,"province":"SK","households":491},"geometry":{"type":"Point","coordinates":[-104.5027617086861,50.93867143216923]}},{"type":"Feature","properties":{"h3_id":"882b002903fffff","market_class":"true_whitespace","opportunity_score":73.7,"province":"NB","households":553},"geometry":{"type":"Point","coordinates":[-64.36565170394503,45.89574820530605]}},{"type":"Feature","properties":{"h3_id":"882b9dc287fffff","market_class":"true_whitespace","opportunity_score":83.3,"province":"ON","households":526},"geometry":{"type":"Point","coordinates":[-77.18464394146208,44.82273536790464]}},{"type":"Feature","properties":{"h3_id":"882baea315fffff","market_class":"true_whitespace","opportunity_score":77.8,"province":"QC","households":518},"geometry":{"type":"Point","coordinates":[-71.75297302358841,46.40911133789482]}},{"type":"Feature","properties":{"h3_id":"881aa078c3fffff","market_class":"true_whitespace","opportunity_score":71.3,"province":"NL","households":428},"geometry":{"type":"Point","coordinates":[-53.021249337383274,47.49696172086864]}},{"type":"Feature","properties":{"h3_id":"882b002007fffff","market_class":"true_whitespace","opportunity_score":73.0,"province":"NS","households":437},"geometry":{"type":"Point","coordinates":[-64.06893944956613,45.860673916450295]}},{"type":"Feature","properties":{"h3_id":"882bac4241fffff","market_class":"proven_market_no_pv","opportunity_score":63.8,"province":"QC","households":412},"geometry":{"type":"Point","coordinates":[-71.17625112498384,46.70164177413197]}},{"type":"Feature","properties":{"h3_id":"88271062b9fffff","market_class":"true_whitespace","opportunity_score":83.7,"province":"MB","households":541},"geometry":{"type":"Point","coordinates":[-100.58973281848621,50.438588915972275]}},{"type":"Feature","properties":{"h3_id":"8828dc4ce5fffff","market_class":"true_whitespace","opportunity_score":82.1,"province":"BC","households":527},"geometry":{"type":"Point","coordinates":[-123.73927057873703,49.14042969871051]}},{"type":"Feature","properties":{"h3_id":"882763a269fffff","market_class":"true_whitespace","opportunity_score":71.6,"province":"ON","households":493},"geometry":{"type":"Point","coordinates":[-84.26753640027572,46.668219857459505]}},{"type":"Feature","properties":{"h3_id":"882708c081fffff","market_class":"true_whitespace","opportunity_score":84.6,"province":"ON","households":481},"geometry":{"type":"Point","coordinates":[-93.6441493501602,48.63218759687762]}},{"type":"Feature","properties":{"h3_id":"882b2e4425fffff","market_class":"true_whitespace","opportunity_score":82.9,"province":"NS","households":527},"geometry":{"type":"Point","coordinates":[-61.38985186297622,46.07665562259089]}},{"type":"Feature","properties":{"h3_id":"882b1d3965fffff","market_class":"true_whitespace","opportunity_score":80.9,"province":"NS","households":578},"geometry":{"type":"Point","coordinates":[-66.13092452314424,44.25991919296711]}},{"type":"Feature","properties":{"h3_id":"882ba86a81fffff","market_class":"true_whitespace","opportunity_score":73.1,"province":"QC","households":482},"geometry":{"type":"Point","coordinates":[-72.13057053940757,45.25250417847132]}},{"type":"Feature","properties":{"h3_id":"882baeb61bfffff","market_class":"true_whitespace","opportunity_score":79.7,"province":"QC","households":510},"geometry":{"type":"Point","coordinates":[-71.40779262640605,46.384720072766385]}},{"type":"Feature","properties":{"h3_id":"882bae7b49fffff","market_class":"true_whitespace","opportunity_score":79.0,"province":"QC","households":575},"geometry":{"type":"Point","coordinates":[-72.91691673297353,46.44075517687735]}},{"type":"Feature","properties":{"h3_id":"882b2e9631fffff","market_class":"true_whitespace","opportunity_score":71.3,"province":"NS","households":533},"geometry":{"type":"Point","coordinates":[-60.08860028424095,46.24547021033297]}},{"type":"Feature","properties":{"h3_id":"8812cc02b7fffff","market_class":"true_whitespace","opportunity_score":79.2,"province":"AB","households":500},"geometry":{"type":"Point","coordinates":[-113.6269330246632,50.60305703681058]}},{"type":"Feature","properties":{"h3_id":"882b9e826dfffff","market_class":"true_whitespace","opportunity_score":81.8,"province":"ON","households":495},"geometry":{"type":"Point","coordinates":[-79.17480789218234,45.6137377356269]}},{"type":"Feature","properties":{"h3_id":"882b83b157fffff","market_class":"proven_market_no_pv","opportunity_score":57.5,"province":"QC","households":438},"geometry":{"type":"Point","coordinates":[-75.75993216349069,45.472440684308715]}},{"type":"Feature","properties":{"h3_id":"880e6ad94dfffff","market_class":"proven_market_no_pv","opportunity_score":76.2,"province":"NL","households":371},"geometry":{"type":"Point","coordinates":[-66.91723833080928,52.930618315890946]}},{"type":"Feature","properties":{"h3_id":"880e9a0063fffff","market_class":"true_whitespace","opportunity_score":84.9,"province":"MB","households":401},"geometry":{"type":"Point","coordinates":[-97.88679958289191,55.74573278530776]}},{"type":"Feature","properties":{"h3_id":"882baad2b1fffff","market_class":"proven_market_no_pv","opportunity_score":66.3,"province":"QC","households":513},"geometry":{"type":"Point","coordinates":[-73.0875857058419,46.040475880156805]}},{"type":"Feature","properties":{"h3_id":"8828d3a897fffff","market_class":"true_whitespace","opportunity_score":69.1,"province":"BC","households":426},"geometry":{"type":"Point","coordinates":[-122.04938611571731,49.117948845700646]}},{"type":"Feature","properties":{"h3_id":"882b9c20b7fffff","market_class":"true_whitespace","opportunity_score":79.3,"province":"ON","households":551},"geometry":{"type":"Point","coordinates":[-77.84692362374916,44.86387016478477]}},{"type":"Feature","properties":{"h3_id":"8827a67585fffff","market_class":"true_whitespace","opportunity_score":84.1,"province":"SK","households":496},"geometry":{"type":"Point","coordinates":[-106.50753943995268,50.79441056187218]}},{"type":"Feature","properties":{"h3_id":"8827053163fffff","market_class":"true_whitespace","opportunity_score":84.6,"province":"ON","households":476},"geometry":{"type":"Point","coordinates":[-93.74175547904437,51.056229175559025]}},{"type":"Feature","properties":{"h3_id":"8812195087fffff","market_class":"true_whitespace","opportunity_score":82.5,"province":"AB","households":506},"geometry":{"type":"Point","coordinates":[-118.70900068529822,55.75524771978609]}},{"type":"Feature","properties":{"h3_id":"882bac7a21fffff","market_class":"true_whitespace","opportunity_score":79.0,"province":"QC","households":510},"geometry":{"type":"Point","coordinates":[-71.23346914102105,46.40715489043675]}},{"type":"Feature","properties":{"h3_id":"8812ec1a99fffff","market_class":"true_whitespace","opportunity_score":79.7,"province":"AB","households":378},"geometry":{"type":"Point","coordinates":[-112.84728705871134,53.42495548599137]}},{"type":"Feature","properties":{"h3_id":"882ba889c7fffff","market_class":"true_whitespace","opportunity_score":83.0,"province":"QC","households":550},"geometry":{"type":"Point","coordinates":[-71.33895646066641,45.795255926343394]}},{"type":"Feature","properties":{"h3_id":"8812e92e09fffff","market_class":"true_whitespace","opportunity_score":83.4,"province":"AB","households":517},"geometry":{"type":"Point","coordinates":[-110.48220729363024,51.352081423982895]}},{"type":"Feature","properties":{"h3_id":"88125921c3fffff","market_class":"true_whitespace","opportunity_score":82.1,"province":"SK","households":510},"geometry":{"type":"Point","coordinates":[-106.0611340237596,51.89361436610659]}},{"type":"Feature","properties":{"h3_id":"882b916221fffff","market_class":"true_whitespace","opportunity_score":78.9,"province":"ON","households":494},"geometry":{"type":"Point","coordinates":[-79.36670315285528,45.98507250417888]}},{"type":"Feature","properties":{"h3_id":"882bac3a47fffff","market_class":"true_whitespace","opportunity_score":82.6,"province":"QC","households":516},"geometry":{"type":"Point","coordinates":[-70.60517037634739,46.281879948130545]}},{"type":"Feature","properties":{"h3_id":"882b16255dfffff","market_class":"true_whitespace","opportunity_score":83.7,"province":"QC","households":590},"geometry":{"type":"Point","coordinates":[-68.7235978331615,47.88436007807976]}},{"type":"Feature","properties":{"h3_id":"8827116ca5fffff","market_class":"true_whitespace","opportunity_score":82.9,"province":"MB","households":487},"geometry":{"type":"Point","coordinates":[-99.29302601941758,49.55303295500524]}},{"type":"Feature","properties":{"h3_id":"882ba87a81fffff","market_class":"true_whitespace","opportunity_score":67.5,"province":"QC","households":481},"geometry":{"type":"Point","coordinates":[-72.0147324704079,45.389358183974075]}},{"type":"Feature","properties":{"h3_id":"882baa0a63fffff","market_class":"proven_market_no_pv","opportunity_score":59.1,"province":"QC","households":397},"geometry":{"type":"Point","coordinates":[-73.32495426266838,45.5787982559872]}},{"type":"Feature","properties":{"h3_id":"8812e1cda1fffff","market_class":"true_whitespace","opportunity_score":81.1,"province":"AB","households":504},"geometry":{"type":"Point","coordinates":[-114.90279874079701,53.890151735322796]}},{"type":"Feature","properties":{"h3_id":"8812ed7245fffff","market_class":"true_whitespace","opportunity_score":81.3,"province":"AB","households":490},"geometry":{"type":"Point","coordinates":[-111.30766676055148,52.673203960143354]}},{"type":"Feature","properties":{"h3_id":"8812851a85fffff","market_class":"true_whitespace","opportunity_score":77.5,"province":"BC","households":438},"geometry":{"type":"Point","coordinates":[-127.11722345889996,54.78276646473234]}},{"type":"Feature","properties":{"h3_id":"882b81b99bfffff","market_class":"true_whitespace","opportunity_score":78.6,"province":"QC","households":430},"geometry":{"type":"Point","coordinates":[-74.34069605676972,45.4444513189717]}},{"type":"Feature","properties":{"h3_id":"882b14a6e9fffff","market_class":"true_whitespace","opportunity_score":75.2,"province":"NB","households":560},"geometry":{"type":"Point","coordinates":[-66.36986997722165,48.06015422250008]}},{"type":"Feature","properties":{"h3_id":"88271c590dfffff","market_class":"true_whitespace","opportunity_score":82.4,"province":"MB","households":477},"geometry":{"type":"Point","coordinates":[-98.55549482235548,49.533078751926986]}},{"type":"Feature","properties":{"h3_id":"882b161635fffff","market_class":"true_whitespace","opportunity_score":77.4,"province":"QC","households":463},"geometry":{"type":"Point","coordinates":[-68.58365552055356,48.43176223302115]}},{"type":"Feature","properties":{"h3_id":"882b314161fffff","market_class":"true_whitespace","opportunity_score":84.6,"province":"QC","households":525},"geometry":{"type":"Point","coordinates":[-64.41402307943267,48.408584534780275]}},{"type":"Feature","properties":{"h3_id":"88125eba45fffff","market_class":"true_whitespace","opportunity_score":83.3,"province":"SK","households":565},"geometry":{"type":"Point","coordinates":[-109.20111064772473,53.63068239631216]}},{"type":"Feature","properties":{"h3_id":"882b81d763fffff","market_class":"true_whitespace","opportunity_score":78.8,"province":"QC","households":586},"geometry":{"type":"Point","coordinates":[-74.71276898654065,45.975332379674555]}},{"type":"Feature","properties":{"h3_id":"882bac7337fffff","market_class":"true_whitespace","opportunity_score":72.4,"province":"QC","households":436},"geometry":{"type":"Point","coordinates":[-71.07418912967967,46.40134060585414]}},{"type":"Feature","properties":{"h3_id":"882b81a215fffff","market_class":"proven_market_no_pv","opportunity_score":64.2,"province":"QC","households":366},"geometry":{"type":"Point","coordinates":[-74.11333835093356,45.39751172246898]}},{"type":"Feature","properties":{"h3_id":"882ab435c9fffff","market_class":"true_whitespace","opportunity_score":72.8,"province":"ON","households":456},"geometry":{"type":"Point","coordinates":[-80.4966176029681,42.85557586828753]}},{"type":"Feature","properties":{"h3_id":"880e6adb25fffff","market_class":"proven_market_no_pv","opportunity_score":74.2,"province":"NL","households":382},"geometry":{"type":"Point","coordinates":[-66.90689787936223,52.94482443166071]}},{"type":"Feature","properties":{"h3_id":"882b812727fffff","market_class":"true_whitespace","opportunity_score":73.9,"province":"QC","households":585},"geometry":{"type":"Point","coordinates":[-74.57068554274545,45.00729457605122]}},{"type":"Feature","properties":{"h3_id":"8828de169dfffff","market_class":"true_whitespace","opportunity_score":64.4,"province":"BC","households":356},"geometry":{"type":"Point","coordinates":[-123.2630815164725,49.35689136486919]}},{"type":"Feature","properties":{"h3_id":"882b161615fffff","market_class":"proven_market_no_pv","opportunity_score":76.3,"province":"QC","households":490},"geometry":{"type":"Point","coordinates":[-68.54838943475295,48.43088013804723]}},{"type":"Feature","properties":{"h3_id":"882b9ed501fffff","market_class":"true_whitespace","opportunity_score":82.3,"province":"ON","households":502},"geometry":{"type":"Point","coordinates":[-79.66740314453833,45.66824362695693]}},{"type":"Feature","properties":{"h3_id":"882bad4b55fffff","market_class":"true_whitespace","opportunity_score":83.8,"province":"QC","households":536},"geometry":{"type":"Point","coordinates":[-70.69278037194746,45.74374760323013]}},{"type":"Feature","properties":{"h3_id":"882baa7807fffff","market_class":"proven_market_no_pv","opportunity_score":60.3,"province":"QC","households":420},"geometry":{"type":"Point","coordinates":[-73.72902680384004,45.37871660816907]}},{"type":"Feature","properties":{"h3_id":"8812ea2109fffff","market_class":"true_whitespace","opportunity_score":80.0,"province":"AB","households":491},"geometry":{"type":"Point","coordinates":[-113.5340192493201,51.38403298019389]}},{"type":"Feature","properties":{"h3_id":"8827134edbfffff","market_class":"true_whitespace","opportunity_score":83.5,"province":"MB","households":469},"geometry":{"type":"Point","coordinates":[-101.09487620632065,49.557877658119146]}},{"type":"Feature","properties":{"h3_id":"882ab6a357fffff","market_class":"true_whitespace","opportunity_score":77.4,"province":"ON","households":441},"geometry":{"type":"Point","coordinates":[-81.82282878424654,43.07188843503464]}},{"type":"Feature","properties":{"h3_id":"882b1d3935fffff","market_class":"true_whitespace","opportunity_score":79.9,"province":"NS","households":495},"geometry":{"type":"Point","coordinates":[-66.1359966127945,44.22181306155313]}},{"type":"Feature","properties":{"h3_id":"88270e94a7fffff","market_class":"true_whitespace","opportunity_score":83.0,"province":"ON","households":483},"geometry":{"type":"Point","coordinates":[-94.100758410564,49.40941028613905]}},{"type":"Feature","properties":{"h3_id":"882b126e0dfffff","market_class":"true_whitespace","opportunity_score":83.7,"province":"QC","households":538},"geometry":{"type":"Point","coordinates":[-70.34561749241026,47.099673278013235]}},{"type":"Feature","properties":{"h3_id":"882b81a743fffff","market_class":"proven_market_no_pv","opportunity_score":63.1,"province":"QC","households":400},"geometry":{"type":"Point","coordinates":[-74.06219893044023,45.30979862377388]}},{"type":"Feature","properties":{"h3_id":"882b1294c3fffff","market_class":"true_whitespace","opportunity_score":82.0,"province":"QC","households":538},"geometry":{"type":"Point","coordinates":[-69.01303043426232,47.675599237558274]}},{"type":"Feature","properties":{"h3_id":"8828d121c7fffff","market_class":"true_whitespace","opportunity_score":82.9,"province":"BC","households":459},"geometry":{"type":"Point","coordinates":[-123.27247080177979,48.77943575335327]}},{"type":"Feature","properties":{"h3_id":"882baa4ec1fffff","market_class":"proven_market_no_pv","opportunity_score":58.4,"province":"QC","households":349},"geometry":{"type":"Point","coordinates":[-73.74118382765941,45.520360988169614]}},{"type":"Feature","properties":{"h3_id":"88124db923fffff","market_class":"true_whitespace","opportunity_score":84.2,"province":"MB","households":587},"geometry":{"type":"Point","coordinates":[-101.2645795462578,53.83279262039445]}},{"type":"Feature","properties":{"h3_id":"882b822ebdfffff","market_class":"true_whitespace","opportunity_score":74.9,"province":"ON","households":393},"geometry":{"type":"Point","coordinates":[-77.18531624305436,45.77350159994661]}},{"type":"Feature","properties":{"h3_id":"882b1201c5fffff","market_class":"true_whitespace","opportunity_score":83.9,"province":"QC","households":553},"geometry":{"type":"Point","coordinates":[-69.85689479928581,47.44403952538109]}},{"type":"Feature","properties":{"h3_id":"882b03a48bfffff","market_class":"true_whitespace","opportunity_score":67.3,"province":"NS","households":494},"geometry":{"type":"Point","coordinates":[-64.41205483670362,45.01192812447877]}},{"type":"Feature","properties":{"h3_id":"882b33b8b7fffff","market_class":"true_whitespace","opportunity_score":84.3,"province":"QC","households":562},"geometry":{"type":"Point","coordinates":[-64.97315297022955,48.17729486834575]}},{"type":"Feature","properties":{"h3_id":"882b9aa59bfffff","market_class":"proven_market_no_pv","opportunity_score":60.4,"province":"ON","households":354},"geometry":{"type":"Point","coordinates":[-79.56808117905754,43.95801538784961]}},{"type":"Feature","properties":{"h3_id":"8828d12597fffff","market_class":"true_whitespace","opportunity_score":82.0,"province":"BC","households":453},"geometry":{"type":"Point","coordinates":[-123.50011899444152,48.85566017588058]}},{"type":"Feature","properties":{"h3_id":"8812ccd1c3fffff","market_class":"proven_market_no_pv","opportunity_score":57.0,"province":"AB","households":345},"geometry":{"type":"Point","coordinates":[-114.22232052987385,51.019496703929235]}},{"type":"Feature","properties":{"h3_id":"882ba0d461fffff","market_class":"true_whitespace","opportunity_score":82.1,"province":"QC","households":526},"geometry":{"type":"Point","coordinates":[-72.23666768578796,48.88154440938271]}},{"type":"Feature","properties":{"h3_id":"88125e7621fffff","market_class":"true_whitespace","opportunity_score":77.2,"province":"SK","households":530},"geometry":{"type":"Point","coordinates":[-109.62152896090969,53.12613525926765]}},{"type":"Feature","properties":{"h3_id":"882b1289bdfffff","market_class":"true_whitespace","opportunity_score":83.6,"province":"QC","households":533},"geometry":{"type":"Point","coordinates":[-69.62560827203298,47.683837829461226]}},{"type":"Feature","properties":{"h3_id":"882baad0c1fffff","market_class":"proven_market_no_pv","opportunity_score":62.4,"province":"QC","households":504},"geometry":{"type":"Point","coordinates":[-73.12118186209169,46.03994138645102]}},{"type":"Feature","properties":{"h3_id":"882baad0d9fffff","market_class":"proven_market_no_pv","opportunity_score":64.1,"province":"QC","households":495},"geometry":{"type":"Point","coordinates":[-73.09448555343215,46.026386864060235]}},{"type":"Feature","properties":{"h3_id":"882b1d769dfffff","market_class":"true_whitespace","opportunity_score":78.4,"province":"NS","households":505},"geometry":{"type":"Point","coordinates":[-66.16304598116726,44.190154466011286]}},{"type":"Feature","properties":{"h3_id":"882ba01b4bfffff","market_class":"true_whitespace","opportunity_score":76.4,"province":"QC","households":531},"geometry":{"type":"Point","coordinates":[-72.4552922402101,48.65701909385662]}},{"type":"Feature","properties":{"h3_id":"882ba871e1fffff","market_class":"proven_market_no_pv","opportunity_score":66.0,"province":"QC","households":509},"geometry":{"type":"Point","coordinates":[-71.9485733605785,45.38979117011134]}},{"type":"Feature","properties":{"h3_id":"881b99a335fffff","market_class":"true_whitespace","opportunity_score":83.3,"province":"NL","households":579},"geometry":{"type":"Point","coordinates":[-54.30005795419405,49.38504390884434]}},{"type":"Feature","properties":{"h3_id":"882b002939fffff","market_class":"true_whitespace","opportunity_score":73.8,"province":"NB","households":485},"geometry":{"type":"Point","coordinates":[-64.37599471423366,45.89081006330645]}},{"type":"Feature","properties":{"h3_id":"8812e188cdfffff","market_class":"true_whitespace","opportunity_score":82.8,"province":"AB","households":515},"geometry":{"type":"Point","coordinates":[-114.39513707398864,54.121268918078435]}},{"type":"Feature","properties":{"h3_id":"8812ddbb29fffff","market_class":"true_whitespace","opportunity_score":77.3,"province":"BC","households":443},"geometry":{"type":"Point","coordinates":[-115.97502119152185,49.66560884937234]}},{"type":"Feature","properties":{"h3_id":"882bacd72bfffff","market_class":"true_whitespace","opportunity_score":83.0,"province":"QC","households":522},"geometry":{"type":"Point","coordinates":[-70.57582853298814,46.97194263119349]}},{"type":"Feature","properties":{"h3_id":"880e490d39fffff","market_class":"true_whitespace","opportunity_score":84.3,"province":"QC","households":455},"geometry":{"type":"Point","coordinates":[-68.1495776582144,49.24185129936545]}},{"type":"Feature","properties":{"h3_id":"882bac6c2dfffff","market_class":"true_whitespace","opportunity_score":81.0,"province":"QC","households":570},"geometry":{"type":"Point","coordinates":[-71.30934158132854,46.10220073856596]}},{"type":"Feature","properties":{"h3_id":"882bae8ea7fffff","market_class":"true_whitespace","opportunity_score":83.5,"province":"QC","households":496},"geometry":{"type":"Point","coordinates":[-71.93570313792733,46.61585975925549]}},{"type":"Feature","properties":{"h3_id":"882b83083dfffff","market_class":"true_whitespace","opportunity_score":71.7,"province":"ON","households":456},"geometry":{"type":"Point","coordinates":[-76.64518654653773,45.408936118200025]}},{"type":"Feature","properties":{"h3_id":"8812582717fffff","market_class":"true_whitespace","opportunity_score":80.7,"province":"SK","households":464},"geometry":{"type":"Point","coordinates":[-107.40268542049235,52.46313871187933]}},{"type":"Feature","properties":{"h3_id":"882bae5453fffff","market_class":"true_whitespace","opportunity_score":70.0,"province":"QC","households":529},"geometry":{"type":"Point","coordinates":[-72.65510586160157,46.62661181787689]}},{"type":"Feature","properties":{"h3_id":"881ab56711fffff","market_class":"true_whitespace","opportunity_score":81.9,"province":"NL","households":519},"geometry":{"type":"Point","coordinates":[-55.40482528861586,46.91640113142601]}},{"type":"Feature","properties":{"h3_id":"882b1299a3fffff","market_class":"true_whitespace","opportunity_score":76.6,"province":"QC","households":466},"geometry":{"type":"Point","coordinates":[-69.50781663968397,47.82350844446889]}},{"type":"Feature","properties":{"h3_id":"88125a394bfffff","market_class":"true_whitespace","opportunity_score":82.6,"province":"SK","households":462},"geometry":{"type":"Point","coordinates":[-109.38811160568105,52.07847188855568]}},{"type":"Feature","properties":{"h3_id":"8812586e49fffff","market_class":"true_whitespace","opportunity_score":79.9,"province":"SK","households":499},"geometry":{"type":"Point","coordinates":[-108.20629833184876,52.37848821027094]}},{"type":"Feature","properties":{"h3_id":"880e4db893fffff","market_class":"true_whitespace","opportunity_score":84.5,"province":"QC","households":441},"geometry":{"type":"Point","coordinates":[-66.37003335943196,50.2068497859692]}},{"type":"Feature","properties":{"h3_id":"8812e56d1bfffff","market_class":"true_whitespace","opportunity_score":83.1,"province":"AB","households":484},"geometry":{"type":"Point","coordinates":[-114.77243379482363,54.33270466375616]}},{"type":"Feature","properties":{"h3_id":"882b98099bfffff","market_class":"true_whitespace","opportunity_score":78.7,"province":"ON","households":397},"geometry":{"type":"Point","coordinates":[-78.93737294665442,44.27365708613318]}},{"type":"Feature","properties":{"h3_id":"881aa630b7fffff","market_class":"true_whitespace","opportunity_score":76.9,"province":"NL","households":502},"geometry":{"type":"Point","coordinates":[-53.85018632046719,48.005009385420934]}},{"type":"Feature","properties":{"h3_id":"882b910157fffff","market_class":"true_whitespace","opportunity_score":79.3,"province":"ON","households":434},"geometry":{"type":"Point","coordinates":[-79.03059808176916,46.2590339772486]}},{"type":"Feature","properties":{"h3_id":"881219d2cbfffff","market_class":"true_whitespace","opportunity_score":82.9,"province":"AB","households":496},"geometry":{"type":"Point","coordinates":[-118.60187858534987,56.24561484307595]}},{"type":"Feature","properties":{"h3_id":"882bae46e9fffff","market_class":"true_whitespace","opportunity_score":65.5,"province":"QC","households":505},"geometry":{"type":"Point","coordinates":[-72.73126017647805,46.50213494327741]}},{"type":"Feature","properties":{"h3_id":"8812948c59fffff","market_class":"true_whitespace","opportunity_score":84.5,"province":"BC","households":570},"geometry":{"type":"Point","coordinates":[-132.1360875972961,54.01338421206277]}},{"type":"Feature","properties":{"h3_id":"882b12c013fffff","market_class":"true_whitespace","opportunity_score":82.1,"province":"QC","households":533},"geometry":{"type":"Point","coordinates":[-69.87274175476811,47.84878531835201]}},{"type":"Feature","properties":{"h3_id":"882b2aca87fffff","market_class":"true_whitespace","opportunity_score":72.8,"province":"NS","households":435},"geometry":{"type":"Point","coordinates":[-62.08617894847187,45.562284472238794]}},{"type":"Feature","properties":{"h3_id":"8812d0501bfffff","market_class":"true_whitespace","opportunity_score":82.9,"province":"BC","households":528},"geometry":{"type":"Point","coordinates":[-121.27955072051282,50.72486640526315]}},{"type":"Feature","properties":{"h3_id":"882baa971bfffff","market_class":"true_whitespace","opportunity_score":67.5,"province":"QC","households":437},"geometry":{"type":"Point","coordinates":[-72.43603136642652,45.8506279221065]}},{"type":"Feature","properties":{"h3_id":"882baaaaddfffff","market_class":"true_whitespace","opportunity_score":66.6,"province":"QC","households":409},"geometry":{"type":"Point","coordinates":[-72.67895721993057,45.39122928330183]}},{"type":"Feature","properties":{"h3_id":"8812e1295dfffff","market_class":"true_whitespace","opportunity_score":72.6,"province":"AB","households":386},"geometry":{"type":"Point","coordinates":[-114.15239434884381,53.45325702865639]}},{"type":"Feature","properties":{"h3_id":"882bac8c9dfffff","market_class":"true_whitespace","opportunity_score":83.5,"province":"QC","households":529},"geometry":{"type":"Point","coordinates":[-70.28261515971147,46.567927739808695]}},{"type":"Feature","properties":{"h3_id":"882b01d1a7fffff","market_class":"true_whitespace","opportunity_score":82.0,"province":"NS","households":481},"geometry":{"type":"Point","coordinates":[-63.488099665491205,45.78350989158312]}},{"type":"Feature","properties":{"h3_id":"8812ea318dfffff","market_class":"true_whitespace","opportunity_score":81.5,"province":"AB","households":490},"geometry":{"type":"Point","coordinates":[-113.50824168906597,51.492668365071296]}},{"type":"Feature","properties":{"h3_id":"8812ce6c3dfffff","market_class":"true_whitespace","opportunity_score":83.0,"province":"BC","households":391},"geometry":{"type":"Point","coordinates":[-115.08123894602365,49.49982195089906]}},{"type":"Feature","properties":{"h3_id":"882b14d8edfffff","market_class":"true_whitespace","opportunity_score":83.9,"province":"QC","households":547},"geometry":{"type":"Point","coordinates":[-67.33784813615985,48.89827822052682]}},{"type":"Feature","properties":{"h3_id":"882bac501dfffff","market_class":"proven_market_no_pv","opportunity_score":64.4,"province":"QC","households":429},"geometry":{"type":"Point","coordinates":[-71.12604712122484,46.76899107489786]}},{"type":"Feature","properties":{"h3_id":"882bacce67fffff","market_class":"true_whitespace","opportunity_score":82.1,"province":"QC","households":466},"geometry":{"type":"Point","coordinates":[-70.85874513165581,46.832842483779736]}},{"type":"Feature","properties":{"h3_id":"8827612de3fffff","market_class":"true_whitespace","opportunity_score":83.0,"province":"ON","households":527},"geometry":{"type":"Point","coordinates":[-83.22609926654889,46.270237871034674]}},{"type":"Feature","properties":{"h3_id":"882b1456b3fffff","market_class":"true_whitespace","opportunity_score":83.4,"province":"QC","households":529},"geometry":{"type":"Point","coordinates":[-67.43452101021633,48.46571518886853]}},{"type":"Feature","properties":{"h3_id":"882b8228d9fffff","market_class":"true_whitespace","opportunity_score":71.6,"province":"ON","households":355},"geometry":{"type":"Point","coordinates":[-77.32011015084669,45.8813416589261]}},{"type":"Feature","properties":{"h3_id":"882b9b3085fffff","market_class":"proven_market_no_pv","opportunity_score":63.3,"province":"ON","households":477},"geometry":{"type":"Point","coordinates":[-79.04992623061148,43.05892085072187]}},{"type":"Feature","properties":{"h3_id":"882b8548e9fffff","market_class":"true_whitespace","opportunity_score":82.5,"province":"QC","households":539},"geometry":{"type":"Point","coordinates":[-74.82462046022232,46.55556707723364]}},{"type":"Feature","properties":{"h3_id":"882b03ae1dfffff","market_class":"true_whitespace","opportunity_score":67.8,"province":"NS","households":467},"geometry":{"type":"Point","coordinates":[-64.57194768535436,45.109682240554264]}},{"type":"Feature","properties":{"h3_id":"882bae5723fffff","market_class":"true_whitespace","opportunity_score":73.8,"province":"QC","households":466},"geometry":{"type":"Point","coordinates":[-72.74099780023181,46.68460467951439]}},{"type":"Feature","properties":{"h3_id":"881b9b653bfffff","market_class":"true_whitespace","opportunity_score":84.0,"province":"NL","households":549},"geometry":{"type":"Point","coordinates":[-55.856661692546986,47.87858853724477]}},{"type":"Feature","properties":{"h3_id":"8827112c2dfffff","market_class":"true_whitespace","opportunity_score":81.9,"province":"MB","households":454},"geometry":{"type":"Point","coordinates":[-98.6920543180285,49.62666336403106]}},{"type":"Feature","properties":{"h3_id":"882b017621fffff","market_class":"true_whitespace","opportunity_score":77.3,"province":"NS","households":433},"geometry":{"type":"Point","coordinates":[-63.714748522866195,45.06747572375456]}},{"type":"Feature","properties":{"h3_id":"881aa078d9fffff","market_class":"true_whitespace","opportunity_score":69.8,"province":"NL","households":398},"geometry":{"type":"Point","coordinates":[-52.99841802880979,47.50454647628576]}},{"type":"Feature","properties":{"h3_id":"882baac8b3fffff","market_class":"proven_market_no_pv","opportunity_score":63.9,"province":"QC","households":415},"geometry":{"type":"Point","coordinates":[-73.49950449932933,45.84879832500498]}},{"type":"Feature","properties":{"h3_id":"880eeea8a5fffff","market_class":"true_whitespace","opportunity_score":84.4,"province":"QC","households":431},"geometry":{"type":"Point","coordinates":[-78.80456067014936,52.99800509161044]}},{"type":"Feature","properties":{"h3_id":"882baa0021fffff","market_class":"proven_market_no_pv","opportunity_score":62.0,"province":"QC","households":350},"geometry":{"type":"Point","coordinates":[-73.17653593030131,45.531281902083514]}},{"type":"Feature","properties":{"h3_id":"880e4da169fffff","market_class":"true_whitespace","opportunity_score":84.4,"province":"QC","households":481},"geometry":{"type":"Point","coordinates":[-66.38127950698826,50.20159267245854]}},{"type":"Feature","properties":{"h3_id":"882b16875dfffff","market_class":"true_whitespace","opportunity_score":83.8,"province":"QC","households":527},"geometry":{"type":"Point","coordinates":[-68.22174582207313,48.60721863241687]}},{"type":"Feature","properties":{"h3_id":"882ba12733fffff","market_class":"proven_market_no_pv","opportunity_score":63.9,"province":"QC","households":343},"geometry":{"type":"Point","coordinates":[-71.28813777839726,46.94918017167357]}},{"type":"Feature","properties":{"h3_id":"882713a4abfffff","market_class":"true_whitespace","opportunity_score":80.5,"province":"MB","households":452},"geometry":{"type":"Point","coordinates":[-99.68876402017156,49.593726934594315]}},{"type":"Feature","properties":{"h3_id":"882bac5151fffff","market_class":"proven_market_no_pv","opportunity_score":65.9,"province":"QC","households":534},"geometry":{"type":"Point","coordinates":[-71.1911286896416,46.800007678749125]}},{"type":"Feature","properties":{"h3_id":"882ba8b143fffff","market_class":"true_whitespace","opportunity_score":83.4,"province":"QC","households":543},"geometry":{"type":"Point","coordinates":[-70.88303582602555,45.5775991422311]}},{"type":"Feature","properties":{"h3_id":"882ba8aad5fffff","market_class":"true_whitespace","opportunity_score":82.8,"province":"QC","households":531},"geometry":{"type":"Point","coordinates":[-71.06760413398395,45.39469160747507]}},{"type":"Feature","properties":{"h3_id":"882b163969fffff","market_class":"true_whitespace","opportunity_score":83.7,"province":"QC","households":483},"geometry":{"type":"Point","coordinates":[-68.98571842299684,48.185204888108956]}},{"type":"Feature","properties":{"h3_id":"882baa5a51fffff","market_class":"true_whitespace","opportunity_score":63.5,"province":"QC","households":447},"geometry":{"type":"Point","coordinates":[-73.75241528439211,45.83242133654783]}},{"type":"Feature","properties":{"h3_id":"882bac2e47fffff","market_class":"true_whitespace","opportunity_score":82.9,"province":"QC","households":401},"geometry":{"type":"Point","coordinates":[-70.61470030901364,46.00812127954715]}},{"type":"Feature","properties":{"h3_id":"881aa072b1fffff","market_class":"proven_market_no_pv","opportunity_score":65.8,"province":"NL","households":350},"geometry":{"type":"Point","coordinates":[-52.83771687714471,47.62861568819752]}},{"type":"Feature","properties":{"h3_id":"882b900621fffff","market_class":"true_whitespace","opportunity_score":80.8,"province":"ON","households":495},"geometry":{"type":"Point","coordinates":[-79.78892626845376,47.063106677832785]}},{"type":"Feature","properties":{"h3_id":"8827a43197fffff","market_class":"true_whitespace","opportunity_score":83.1,"province":"SK","households":520},"geometry":{"type":"Point","coordinates":[-104.52418118698424,51.40668669642341]}},{"type":"Feature","properties":{"h3_id":"8812aa4055fffff","market_class":"true_whitespace","opportunity_score":83.6,"province":"BC","households":446},"geometry":{"type":"Point","coordinates":[-125.82234364830433,54.28614834710315]}},{"type":"Feature","properties":{"h3_id":"882bac02a1fffff","market_class":"true_whitespace","opportunity_score":81.9,"province":"QC","households":578},"geometry":{"type":"Point","coordinates":[-70.62227016480891,46.48358073889818]}},{"type":"Feature","properties":{"h3_id":"882baac897fffff","market_class":"proven_market_no_pv","opportunity_score":64.6,"province":"QC","households":433},"geometry":{"type":"Point","coordinates":[-73.47808002616492,45.852005970602576]}},{"type":"Feature","properties":{"h3_id":"8812196999fffff","market_class":"true_whitespace","opportunity_score":77.0,"province":"AB","households":445},"geometry":{"type":"Point","coordinates":[-118.35268510852141,55.23056177413922]}},{"type":"Feature","properties":{"h3_id":"882b8352c3fffff","market_class":"true_whitespace","opportunity_score":77.5,"province":"ON","households":409},"geometry":{"type":"Point","coordinates":[-76.78489058181603,45.67879062372163]}},{"type":"Feature","properties":{"h3_id":"882b9b30abfffff","market_class":"proven_market_no_pv","opportunity_score":62.1,"province":"ON","households":440},"geometry":{"type":"Point","coordinates":[-79.05805755413571,43.05288857482226]}},{"type":"Feature","properties":{"h3_id":"88276ed559fffff","market_class":"true_whitespace","opportunity_score":82.1,"province":"ON","households":478},"geometry":{"type":"Point","coordinates":[-83.8964674795327,46.251673973933585]}},{"type":"Feature","properties":{"h3_id":"882b1042a3fffff","market_class":"true_whitespace","opportunity_score":76.0,"province":"QC","households":487},"geometry":{"type":"Point","coordinates":[-68.64132298817013,47.5485702631704]}},{"type":"Feature","properties":{"h3_id":"882b162d63fffff","market_class":"true_whitespace","opportunity_score":83.1,"province":"QC","households":522},"geometry":{"type":"Point","coordinates":[-69.01459554889261,47.89362467629405]}},{"type":"Feature","properties":{"h3_id":"8828d3aa17fffff","market_class":"true_whitespace","opportunity_score":69.5,"province":"BC","households":411},"geometry":{"type":"Point","coordinates":[-122.01535208090897,49.03231353869771]}},{"type":"Feature","properties":{"h3_id":"882bae1aabfffff","market_class":"true_whitespace","opportunity_score":80.9,"province":"QC","households":551},"geometry":{"type":"Point","coordinates":[-72.390044566356,46.615337794373595]}},{"type":"Feature","properties":{"h3_id":"881b9a9603fffff","market_class":"true_whitespace","opportunity_score":80.8,"province":"NL","households":447},"geometry":{"type":"Point","coordinates":[-57.42277035101261,49.177304347034436]}},{"type":"Feature","properties":{"h3_id":"882baeb295fffff","market_class":"true_whitespace","opportunity_score":79.2,"province":"QC","households":481},"geometry":{"type":"Point","coordinates":[-71.53220528751152,46.46861952276394]}},{"type":"Feature","properties":{"h3_id":"882b9bcabdfffff","market_class":"proven_market_no_pv","opportunity_score":60.2,"province":"ON","households":513},"geometry":{"type":"Point","coordinates":[-79.65408684012797,43.71178891102626]}},{"type":"Feature","properties":{"h3_id":"8812ccc76bfffff","market_class":"proven_market_no_pv","opportunity_score":58.9,"province":"AB","households":380},"geometry":{"type":"Point","coordinates":[-114.04580301544114,50.89215035770276]}},{"type":"Feature","properties":{"h3_id":"8812c8b693fffff","market_class":"true_whitespace","opportunity_score":69.8,"province":"AB","households":474},"geometry":{"type":"Point","coordinates":[-112.62511325973031,49.73045965984586]}},{"type":"Feature","properties":{"h3_id":"882baa4c3dfffff","market_class":"proven_market_no_pv","opportunity_score":57.7,"province":"QC","households":356},"geometry":{"type":"Point","coordinates":[-73.85937412753931,45.50658448457677]}},{"type":"Feature","properties":{"h3_id":"882b914101fffff","market_class":"true_whitespace","opportunity_score":78.6,"province":"ON","households":491},"geometry":{"type":"Point","coordinates":[-79.66663019621735,46.358137790030305]}},{"type":"Feature","properties":{"h3_id":"8827a088b1fffff","market_class":"true_whitespace","opportunity_score":79.0,"province":"SK","households":437},"geometry":{"type":"Point","coordinates":[-104.91063845899855,50.80358620218283]}},{"type":"Feature","properties":{"h3_id":"882baa9739fffff","market_class":"proven_market_no_pv","opportunity_score":61.7,"province":"QC","households":518},"geometry":{"type":"Point","coordinates":[-72.47191928607167,45.858626424416464]}},{"type":"Feature","properties":{"h3_id":"882b9b6847fffff","market_class":"true_whitespace","opportunity_score":76.5,"province":"ON","households":373},"geometry":{"type":"Point","coordinates":[-79.9346505156449,43.06194680489446]}},{"type":"Feature","properties":{"h3_id":"882b988cadfffff","market_class":"true_whitespace","opportunity_score":76.4,"province":"ON","households":453},"geometry":{"type":"Point","coordinates":[-78.37552246829672,44.45726378280713]}},{"type":"Feature","properties":{"h3_id":"8828d89acbfffff","market_class":"true_whitespace","opportunity_score":70.7,"province":"BC","households":415},"geometry":{"type":"Point","coordinates":[-124.41969442686997,49.3500805458365]}},{"type":"Feature","properties":{"h3_id":"881aa6b8d9fffff","market_class":"true_whitespace","opportunity_score":79.2,"province":"NL","households":520},"geometry":{"type":"Point","coordinates":[-53.944679619658004,48.35745405259595]}},{"type":"Feature","properties":{"h3_id":"8812e14c4dfffff","market_class":"true_whitespace","opportunity_score":78.4,"province":"AB","households":474},"geometry":{"type":"Point","coordinates":[-114.99732021452255,53.59187879580444]}},{"type":"Feature","properties":{"h3_id":"8827762c91fffff","market_class":"true_whitespace","opportunity_score":80.8,"province":"ON","households":461},"geometry":{"type":"Point","coordinates":[-89.79391932723284,48.3022014307075]}},{"type":"Feature","properties":{"h3_id":"8828d121c3fffff","market_class":"true_whitespace","opportunity_score":82.6,"province":"BC","households":454},"geometry":{"type":"Point","coordinates":[-123.28409171410021,48.77689851586973]}},{"type":"Feature","properties":{"h3_id":"8812e4c269fffff","market_class":"true_whitespace","opportunity_score":82.5,"province":"AB","households":468},"geometry":{"type":"Point","coordinates":[-116.90902957944027,55.710340176747]}},{"type":"Feature","properties":{"h3_id":"882ba86a8dfffff","market_class":"proven_market_no_pv","opportunity_score":71.1,"province":"QC","households":481},"geometry":{"type":"Point","coordinates":[-72.13292378851357,45.26080721650125]}},{"type":"Feature","properties":{"h3_id":"880f4bd0d1fffff","market_class":"true_whitespace","opportunity_score":84.4,"province":"NL","households":466},"geometry":{"type":"Point","coordinates":[-61.686327791537174,56.54070380624762]}},{"type":"Feature","properties":{"h3_id":"882b8391b5fffff","market_class":"true_whitespace","opportunity_score":76.7,"province":"QC","households":479},"geometry":{"type":"Point","coordinates":[-75.94041434454141,45.805950194684065]}},{"type":"Feature","properties":{"h3_id":"882bac850bfffff","market_class":"true_whitespace","opportunity_score":83.4,"province":"QC","households":516},"geometry":{"type":"Point","coordinates":[-70.14551034033556,46.653558763266865]}},{"type":"Feature","properties":{"h3_id":"8812ea1a03fffff","market_class":"proven_market_no_pv","opportunity_score":68.0,"province":"AB","households":486},"geometry":{"type":"Point","coordinates":[-114.11896555536879,51.798461275477464]}},{"type":"Feature","properties":{"h3_id":"882ba87119fffff","market_class":"proven_market_no_pv","opportunity_score":63.9,"province":"QC","households":440},"geometry":{"type":"Point","coordinates":[-71.92245735632517,45.41494751847558]}},{"type":"Feature","properties":{"h3_id":"882b815905fffff","market_class":"true_whitespace","opportunity_score":77.7,"province":"QC","households":449},"geometry":{"type":"Point","coordinates":[-75.58494020837482,45.76119114352169]}},{"type":"Feature","properties":{"h3_id":"8812d8c541fffff","market_class":"true_whitespace","opportunity_score":70.5,"province":"BC","households":408},"geometry":{"type":"Point","coordinates":[-117.75611887821181,49.092760092876226]}},{"type":"Feature","properties":{"h3_id":"8827067059fffff","market_class":"true_whitespace","opportunity_score":83.6,"province":"MB","households":504},"geometry":{"type":"Point","coordinates":[-97.36113598543434,51.44348329195071]}},{"type":"Feature","properties":{"h3_id":"8827130307fffff","market_class":"true_whitespace","opportunity_score":80.0,"province":"MB","households":443},"geometry":{"type":"Point","coordinates":[-100.62838735511542,49.768950949316505]}},{"type":"Feature","properties":{"h3_id":"882ba01b59fffff","market_class":"true_whitespace","opportunity_score":75.3,"province":"QC","households":462},"geometry":{"type":"Point","coordinates":[-72.43992722500438,48.64572981785636]}},{"type":"Feature","properties":{"h3_id":"882b917a27fffff","market_class":"true_whitespace","opportunity_score":80.7,"province":"ON","households":419},"geometry":{"type":"Point","coordinates":[-79.51489869165579,46.10681714962309]}},{"type":"Feature","properties":{"h3_id":"882bb3558bfffff","market_class":"true_whitespace","opportunity_score":77.0,"province":"QC","households":436},"geometry":{"type":"Point","coordinates":[-77.99440038609835,48.35586636517321]}},{"type":"Feature","properties":{"h3_id":"882b16b159fffff","market_class":"true_whitespace","opportunity_score":83.6,"province":"QC","households":497},"geometry":{"type":"Point","coordinates":[-68.17302559070326,48.423665986452235]}},{"type":"Feature","properties":{"h3_id":"8812510c67fffff","market_class":"true_whitespace","opportunity_score":78.6,"province":"SK","households":527},"geometry":{"type":"Point","coordinates":[-109.77749557231729,54.34300841267636]}},{"type":"Feature","properties":{"h3_id":"882b16161dfffff","market_class":"proven_market_no_pv","opportunity_score":75.0,"province":"QC","households":484},"geometry":{"type":"Point","coordinates":[-68.53783379917672,48.43630400121557]}},{"type":"Feature","properties":{"h3_id":"882bac6dbdfffff","market_class":"true_whitespace","opportunity_score":78.9,"province":"QC","households":477},"geometry":{"type":"Point","coordinates":[-71.3607715426889,46.04351441769295]}},{"type":"Feature","properties":{"h3_id":"882ba8634dfffff","market_class":"true_whitespace","opportunity_score":67.8,"province":"QC","households":406},"geometry":{"type":"Point","coordinates":[-71.98412700270957,45.35901941477233]}},{"type":"Feature","properties":{"h3_id":"882b2a018dfffff","market_class":"true_whitespace","opportunity_score":82.5,"province":"NS","households":488},"geometry":{"type":"Point","coordinates":[-61.97918284905161,45.1411104039017]}},{"type":"Feature","properties":{"h3_id":"882ba3b9e9fffff","market_class":"true_whitespace","opportunity_score":83.4,"province":"QC","households":488},"geometry":{"type":"Point","coordinates":[-72.77875110795941,47.44846909020471]}},{"type":"Feature","properties":{"h3_id":"882b91561bfffff","market_class":"true_whitespace","opportunity_score":77.1,"province":"ON","households":460},"geometry":{"type":"Point","coordinates":[-79.24997449439086,46.38505425678155]}},{"type":"Feature","properties":{"h3_id":"8827b396bdfffff","market_class":"true_whitespace","opportunity_score":83.3,"province":"SK","households":485},"geometry":{"type":"Point","coordinates":[-108.82204001608685,49.51097697832216]}},{"type":"Feature","properties":{"h3_id":"8827a49461fffff","market_class":"true_whitespace","opportunity_score":79.3,"province":"SK","households":495},"geometry":{"type":"Point","coordinates":[-104.52277191483073,52.125481341394845]}},{"type":"Feature","properties":{"h3_id":"882b0e7b61fffff","market_class":"true_whitespace","opportunity_score":81.5,"province":"NS","households":515},"geometry":{"type":"Point","coordinates":[-65.02911894975358,44.375964601101934]}},{"type":"Feature","properties":{"h3_id":"882712535dfffff","market_class":"true_whitespace","opportunity_score":81.1,"province":"SK","households":471},"geometry":{"type":"Point","coordinates":[-102.66046333044812,50.576577799177414]}},{"type":"Feature","properties":{"h3_id":"882b9d7467fffff","market_class":"proven_market_no_pv","opportunity_score":65.5,"province":"ON","households":416},"geometry":{"type":"Point","coordinates":[-77.3233320416987,44.17617267323292]}},{"type":"Feature","properties":{"h3_id":"882b935351fffff","market_class":"true_whitespace","opportunity_score":73.4,"province":"ON","households":331},"geometry":{"type":"Point","coordinates":[-81.12852609037026,46.41980027066696]}},{"type":"Feature","properties":{"h3_id":"882baa4a47fffff","market_class":"proven_market_no_pv","opportunity_score":56.8,"province":"QC","households":326},"geometry":{"type":"Point","coordinates":[-73.89093237746393,45.70652164474154]}},{"type":"Feature","properties":{"h3_id":"882ba8528bfffff","market_class":"true_whitespace","opportunity_score":80.1,"province":"QC","households":521},"geometry":{"type":"Point","coordinates":[-71.88475743114515,45.79637590699805]}},{"type":"Feature","properties":{"h3_id":"882baa2e55fffff","market_class":"true_whitespace","opportunity_score":73.9,"province":"QC","households":498},"geometry":{"type":"Point","coordinates":[-73.04538457380117,45.030869844093026]}},{"type":"Feature","properties":{"h3_id":"8828d815d7fffff","market_class":"true_whitespace","opportunity_score":81.9,"province":"BC","households":472},"geometry":{"type":"Point","coordinates":[-124.55609651877225,49.752048100569226]}},{"type":"Feature","properties":{"h3_id":"882b81b301fffff","market_class":"true_whitespace","opportunity_score":67.4,"province":"QC","households":434},"geometry":{"type":"Point","coordinates":[-74.09246012371325,45.5706626280269]}},{"type":"Feature","properties":{"h3_id":"882bac785bfffff","market_class":"true_whitespace","opportunity_score":79.6,"province":"QC","households":485},"geometry":{"type":"Point","coordinates":[-71.22227427046502,46.36513115119688]}},{"type":"Feature","properties":{"h3_id":"8827b5114dfffff","market_class":"true_whitespace","opportunity_score":81.7,"province":"SK","households":442},"geometry":{"type":"Point","coordinates":[-108.04464528522492,50.827851191850314]}},{"type":"Feature","properties":{"h3_id":"882ba871c9fffff","market_class":"proven_market_no_pv","opportunity_score":63.0,"province":"QC","households":580},"geometry":{"type":"Point","coordinates":[-71.90601446499865,45.3956035963691]}},{"type":"Feature","properties":{"h3_id":"88271c7695fffff","market_class":"true_whitespace","opportunity_score":78.6,"province":"MB","households":437},"geometry":{"type":"Point","coordinates":[-97.56949265320465,49.111122238180855]}},{"type":"Feature","properties":{"h3_id":"8812ce6c33fffff","market_class":"true_whitespace","opportunity_score":82.9,"province":"BC","households":372},"geometry":{"type":"Point","coordinates":[-115.06267883540818,49.48832701259872]}},{"type":"Feature","properties":{"h3_id":"882b00892dfffff","market_class":"true_whitespace","opportunity_score":78.9,"province":"PE","households":444},"geometry":{"type":"Point","coordinates":[-63.93056705340626,46.56904540944118]}},{"type":"Feature","properties":{"h3_id":"882b8016a5fffff","market_class":"true_whitespace","opportunity_score":77.8,"province":"QC","households":478},"geometry":{"type":"Point","coordinates":[-75.3814404656463,46.4162398780831]}},{"type":"Feature","properties":{"h3_id":"8812cc2529fffff","market_class":"true_whitespace","opportunity_score":81.3,"province":"AB","households":471},"geometry":{"type":"Point","coordinates":[-113.14676215649473,50.241329571665474]}},{"type":"Feature","properties":{"h3_id":"882baaaac7fffff","market_class":"true_whitespace","opportunity_score":65.1,"province":"QC","households":478},"geometry":{"type":"Point","coordinates":[-72.70266966979997,45.39648486503215]}},{"type":"Feature","properties":{"h3_id":"882b9ecd47fffff","market_class":"true_whitespace","opportunity_score":80.3,"province":"ON","households":402},"geometry":{"type":"Point","coordinates":[-79.98644097256407,45.52080170407542]}},{"type":"Feature","properties":{"h3_id":"882b8cd0bbfffff","market_class":"true_whitespace","opportunity_score":77.1,"province":"QC","households":501},"geometry":{"type":"Point","coordinates":[-73.92565138160438,45.02720462996207]}},{"type":"Feature","properties":{"h3_id":"881aa072b7fffff","market_class":"proven_market_no_pv","opportunity_score":64.8,"province":"NL","households":331},"geometry":{"type":"Point","coordinates":[-52.83907024831357,47.62029259890702]}},{"type":"Feature","properties":{"h3_id":"880e4d3aebfffff","market_class":"true_whitespace","opportunity_score":84.0,"province":"QC","households":391},"geometry":{"type":"Point","coordinates":[-66.86032792659269,50.03201407942703]}},{"type":"Feature","properties":{"h3_id":"882b12d697fffff","market_class":"proven_market_no_pv","opportunity_score":72.4,"province":"QC","households":599},"geometry":{"type":"Point","coordinates":[-69.55493164709048,47.82710898144116]}},{"type":"Feature","properties":{"h3_id":"88270cda9bfffff","market_class":"true_whitespace","opportunity_score":82.7,"province":"ON","households":425},"geometry":{"type":"Point","coordinates":[-93.40253685728734,49.866283642348314]}},{"type":"Feature","properties":{"h3_id":"882bac531dfffff","market_class":"proven_market_no_pv","opportunity_score":69.8,"province":"QC","households":458},"geometry":{"type":"Point","coordinates":[-71.14173919056758,46.82804892965752]}},{"type":"Feature","properties":{"h3_id":"882b054c53fffff","market_class":"proven_market_no_pv","opportunity_score":69.3,"province":"PE","households":387},"geometry":{"type":"Point","coordinates":[-63.14288539172124,46.2049592572736]}},{"type":"Feature","properties":{"h3_id":"88125eae6bfffff","market_class":"true_whitespace","opportunity_score":82.4,"province":"SK","households":499},"geometry":{"type":"Point","coordinates":[-108.96110113891767,53.386358315782076]}},{"type":"Feature","properties":{"h3_id":"8828d9c859fffff","market_class":"true_whitespace","opportunity_score":65.7,"province":"BC","households":346},"geometry":{"type":"Point","coordinates":[-125.23009308967768,49.959739176160284]}},{"type":"Feature","properties":{"h3_id":"88124acf07fffff","market_class":"true_whitespace","opportunity_score":79.3,"province":"SK","households":515},"geometry":{"type":"Point","coordinates":[-105.43094536863383,52.978181262678866]}},{"type":"Feature","properties":{"h3_id":"88271e8cabfffff","market_class":"true_whitespace","opportunity_score":82.3,"province":"MB","households":439},"geometry":{"type":"Point","coordinates":[-98.90020159636069,49.200102199369816]}},{"type":"Feature","properties":{"h3_id":"882b2e2185fffff","market_class":"true_whitespace","opportunity_score":78.1,"province":"NS","households":498},"geometry":{"type":"Point","coordinates":[-60.96650451525056,45.59097429896401]}},{"type":"Feature","properties":{"h3_id":"882ab20a0dfffff","market_class":"true_whitespace","opportunity_score":67.1,"province":"ON","households":343},"geometry":{"type":"Point","coordinates":[-83.09801191379877,42.13527097693214]}},{"type":"Feature","properties":{"h3_id":"8828d30433fffff","market_class":"true_whitespace","opportunity_score":73.0,"province":"BC","households":402},"geometry":{"type":"Point","coordinates":[-121.78611818534908,49.17823719153438]}},{"type":"Feature","properties":{"h3_id":"882ab6bb0dfffff","market_class":"true_whitespace","opportunity_score":77.6,"province":"ON","households":547},"geometry":{"type":"Point","coordinates":[-81.98736764077795,43.20446331184179]}},{"type":"Feature","properties":{"h3_id":"880e4970e3fffff","market_class":"true_whitespace","opportunity_score":83.7,"province":"QC","households":451},"geometry":{"type":"Point","coordinates":[-68.30590610503853,49.191914013760474]}},{"type":"Feature","properties":{"h3_id":"882b140931fffff","market_class":"true_whitespace","opportunity_score":83.2,"province":"QC","households":498},"geometry":{"type":"Point","coordinates":[-67.4997170402701,48.37696146962034]}},{"type":"Feature","properties":{"h3_id":"882bae5419fffff","market_class":"true_whitespace","opportunity_score":68.9,"province":"QC","households":479},"geometry":{"type":"Point","coordinates":[-72.66476441139841,46.62087994498837]}},{"type":"Feature","properties":{"h3_id":"882baacf2bfffff","market_class":"proven_market_no_pv","opportunity_score":62.8,"province":"QC","households":386},"geometry":{"type":"Point","coordinates":[-73.42319128638691,45.855844002495814]}},{"type":"Feature","properties":{"h3_id":"881aa078dbfffff","market_class":"true_whitespace","opportunity_score":69.8,"province":"NL","households":384},"geometry":{"type":"Point","coordinates":[-52.98832127065075,47.500018080099835]}},{"type":"Feature","properties":{"h3_id":"882b3268a5fffff","market_class":"true_whitespace","opportunity_score":83.6,"province":"QC","households":542},"geometry":{"type":"Point","coordinates":[-66.9789242375817,48.99902487469317]}},{"type":"Feature","properties":{"h3_id":"882baaa6a7fffff","market_class":"true_whitespace","opportunity_score":78.4,"province":"QC","households":400},"geometry":{"type":"Point","coordinates":[-72.40385188256731,45.244461631570985]}},{"type":"Feature","properties":{"h3_id":"882b9a7891fffff","market_class":"true_whitespace","opportunity_score":79.4,"province":"ON","households":508},"geometry":{"type":"Point","coordinates":[-80.74756520415794,43.9833820041731]}},{"type":"Feature","properties":{"h3_id":"882baacf35fffff","market_class":"proven_market_no_pv","opportunity_score":59.0,"province":"QC","households":388},"geometry":{"type":"Point","coordinates":[-73.4299579415006,45.841756002756945]}},{"type":"Feature","properties":{"h3_id":"882b9a0839fffff","market_class":"true_whitespace","opportunity_score":77.1,"province":"ON","households":396},"geometry":{"type":"Point","coordinates":[-80.48793814770606,44.2042795320892]}},{"type":"Feature","properties":{"h3_id":"8812ea1a39fffff","market_class":"proven_market_no_pv","opportunity_score":67.4,"province":"AB","households":414},"geometry":{"type":"Point","coordinates":[-114.12157805873304,51.790537299456524]}},{"type":"Feature","properties":{"h3_id":"8813867015fffff","market_class":"true_whitespace","opportunity_score":84.1,"province":"YT","households":425},"geometry":{"type":"Point","coordinates":[-135.0486780625132,60.71541468963051]}},{"type":"Feature","properties":{"h3_id":"882bac39e1fffff","market_class":"true_whitespace","opportunity_score":75.4,"province":"QC","households":453},"geometry":{"type":"Point","coordinates":[-70.76630843550295,46.21002171619154]}},{"type":"Feature","properties":{"h3_id":"882bac2107fffff","market_class":"true_whitespace","opportunity_score":75.6,"province":"QC","households":491},"geometry":{"type":"Point","coordinates":[-70.6616510641227,46.10609982440149]}},{"type":"Feature","properties":{"h3_id":"882ab48939fffff","market_class":"true_whitespace","opportunity_score":78.4,"province":"ON","households":377},"geometry":{"type":"Point","coordinates":[-80.77959173267122,43.52272247328102]}},{"type":"Feature","properties":{"h3_id":"8812492497fffff","market_class":"true_whitespace","opportunity_score":83.2,"province":"MB","households":498},"geometry":{"type":"Point","coordinates":[-101.04261356635857,52.08847846890382]}},{"type":"Feature","properties":{"h3_id":"882b980059fffff","market_class":"true_whitespace","opportunity_score":72.2,"province":"ON","households":389},"geometry":{"type":"Point","coordinates":[-78.64337257015556,44.35973425341783]}},{"type":"Feature","properties":{"h3_id":"881aa21749fffff","market_class":"true_whitespace","opportunity_score":82.1,"province":"NL","households":493},"geometry":{"type":"Point","coordinates":[-53.897003060379454,47.27234278706425]}},{"type":"Feature","properties":{"h3_id":"882baad0e3fffff","market_class":"proven_market_no_pv","opportunity_score":61.1,"province":"QC","households":446},"geometry":{"type":"Point","coordinates":[-73.15218792185185,46.031050797316304]}},{"type":"Feature","properties":{"h3_id":"8812ce6c3bfffff","market_class":"true_whitespace","opportunity_score":82.6,"province":"BC","households":384},"geometry":{"type":"Point","coordinates":[-115.06042000016392,49.496054291275414]}},{"type":"Feature","properties":{"h3_id":"882b8315e1fffff","market_class":"true_whitespace","opportunity_score":70.5,"province":"ON","households":394},"geometry":{"type":"Point","coordinates":[-76.24472048882845,45.4187996756746]}},{"type":"Feature","properties":{"h3_id":"8827a01b5bfffff","market_class":"true_whitespace","opportunity_score":79.5,"province":"SK","households":391},"geometry":{"type":"Point","coordinates":[-105.2053432850923,50.70604933066606]}},{"type":"Feature","properties":{"h3_id":"88124a202bfffff","market_class":"true_whitespace","opportunity_score":78.9,"province":"SK","households":472},"geometry":{"type":"Point","coordinates":[-104.49728505584565,52.42041549832424]}},{"type":"Feature","properties":{"h3_id":"881b9921c9fffff","market_class":"true_whitespace","opportunity_score":82.1,"province":"NL","households":497},"geometry":{"type":"Point","coordinates":[-54.291405268662466,48.933993307022554]}},{"type":"Feature","properties":{"h3_id":"882bae56a5fffff","market_class":"true_whitespace","opportunity_score":69.8,"province":"QC","households":470},"geometry":{"type":"Point","coordinates":[-72.65257759378959,46.618212325137776]}},{"type":"Feature","properties":{"h3_id":"8813528ed3fffff","market_class":"true_whitespace","opportunity_score":76.4,"province":"NT_NU","households":383},"geometry":{"type":"Point","coordinates":[-114.37141504576047,62.457316728499094]}},{"type":"Feature","properties":{"h3_id":"882b80b667fffff","market_class":"true_whitespace","opportunity_score":80.7,"province":"QC","households":520},"geometry":{"type":"Point","coordinates":[-74.78175793739568,46.36854661844396]}},{"type":"Feature","properties":{"h3_id":"882b12d6d7fffff","market_class":"true_whitespace","opportunity_score":75.7,"province":"QC","households":453},"geometry":{"type":"Point","coordinates":[-69.5363086776822,47.84663755911596]}},{"type":"Feature","properties":{"h3_id":"882b003ad1fffff","market_class":"true_whitespace","opportunity_score":78.1,"province":"NS","households":429},"geometry":{"type":"Point","coordinates":[-64.03738607539852,45.981131811905314]}},{"type":"Feature","properties":{"h3_id":"882b050ed7fffff","market_class":"true_whitespace","opportunity_score":77.8,"province":"PE","households":481},"geometry":{"type":"Point","coordinates":[-62.53166358242044,46.00612433834484]}},{"type":"Feature","properties":{"h3_id":"882baeb341fffff","market_class":"true_whitespace","opportunity_score":77.9,"province":"QC","households":387},"geometry":{"type":"Point","coordinates":[-71.62036941268089,46.583429599487474]}},{"type":"Feature","properties":{"h3_id":"882bae36b1fffff","market_class":"true_whitespace","opportunity_score":63.4,"province":"QC","households":413},"geometry":{"type":"Point","coordinates":[-71.9120096022132,46.05297619860876]}},{"type":"Feature","properties":{"h3_id":"882703610bfffff","market_class":"true_whitespace","opportunity_score":76.9,"province":"MB","households":404},"geometry":{"type":"Point","coordinates":[-96.38813141179108,49.44448115493582]}},{"type":"Feature","properties":{"h3_id":"882b166519fffff","market_class":"true_whitespace","opportunity_score":83.1,"province":"QC","households":516},"geometry":{"type":"Point","coordinates":[-69.33103129713211,48.013193686999756]}},{"type":"Feature","properties":{"h3_id":"882b0cd281fffff","market_class":"true_whitespace","opportunity_score":81.6,"province":"NS","households":491},"geometry":{"type":"Point","coordinates":[-62.69873840523675,44.80301836403004]}},{"type":"Feature","properties":{"h3_id":"882baa505dfffff","market_class":"proven_market_no_pv","opportunity_score":59.0,"province":"QC","households":416},"geometry":{"type":"Point","coordinates":[-73.58656808348944,45.80519064640241]}},{"type":"Feature","properties":{"h3_id":"882baab429fffff","market_class":"true_whitespace","opportunity_score":78.6,"province":"QC","households":461},"geometry":{"type":"Point","coordinates":[-72.35278445744163,45.41155246010866]}},{"type":"Feature","properties":{"h3_id":"882b127031fffff","market_class":"true_whitespace","opportunity_score":83.1,"province":"QC","households":455},"geometry":{"type":"Point","coordinates":[-70.17936613581647,47.30670271584683]}},{"type":"Feature","properties":{"h3_id":"882b9e3b2bfffff","market_class":"true_whitespace","opportunity_score":79.0,"province":"ON","households":424},"geometry":{"type":"Point","coordinates":[-79.62985556119274,45.02180300604745]}},{"type":"Feature","properties":{"h3_id":"882b1261b1fffff","market_class":"true_whitespace","opportunity_score":82.9,"province":"QC","households":513},"geometry":{"type":"Point","coordinates":[-70.37622223833286,47.13092896390259]}},{"type":"Feature","properties":{"h3_id":"88126b0907fffff","market_class":"true_whitespace","opportunity_score":83.6,"province":"MB","households":422},"geometry":{"type":"Point","coordinates":[-101.84684533456507,54.76976252276625]}},{"type":"Feature","properties":{"h3_id":"880ec96d11fffff","market_class":"true_whitespace","opportunity_score":82.8,"province":"ON","households":354},"geometry":{"type":"Point","coordinates":[-80.93270430273166,48.6164642204638]}},{"type":"Feature","properties":{"h3_id":"8812d0524dfffff","market_class":"true_whitespace","opportunity_score":81.8,"province":"BC","households":482},"geometry":{"type":"Point","coordinates":[-121.33279783880964,50.80970869411005]}},{"type":"Feature","properties":{"h3_id":"882bac7349fffff","market_class":"proven_market_no_pv","opportunity_score":65.5,"province":"QC","households":377},"geometry":{"type":"Point","coordinates":[-71.01977311798285,46.45164870428452]}},{"type":"Feature","properties":{"h3_id":"88271c92a9fffff","market_class":"proven_market_no_pv","opportunity_score":60.5,"province":"MB","households":365},"geometry":{"type":"Point","coordinates":[-97.21337302678099,49.96148254210648]}},{"type":"Feature","properties":{"h3_id":"8827b402e7fffff","market_class":"true_whitespace","opportunity_score":78.4,"province":"SK","households":405},"geometry":{"type":"Point","coordinates":[-109.39326809602973,51.226314215155035]}},{"type":"Feature","properties":{"h3_id":"882ba1255dfffff","market_class":"proven_market_no_pv","opportunity_score":63.8,"province":"QC","households":322},"geometry":{"type":"Point","coordinates":[-71.31020513936467,46.946374171349134]}},{"type":"Feature","properties":{"h3_id":"882ba5721bfffff","market_class":"true_whitespace","opportunity_score":69.1,"province":"QC","households":431},"geometry":{"type":"Point","coordinates":[-70.87926931481823,48.32077488300765]}},{"type":"Feature","properties":{"h3_id":"88271044c7fffff","market_class":"true_whitespace","opportunity_score":83.1,"province":"MB","households":473},"geometry":{"type":"Point","coordinates":[-100.81672118839565,50.66777609941371]}},{"type":"Feature","properties":{"h3_id":"881284a181fffff","market_class":"true_whitespace","opportunity_score":82.6,"province":"BC","households":444},"geometry":{"type":"Point","coordinates":[-128.07259580433438,55.103520523237684]}},{"type":"Feature","properties":{"h3_id":"882b00dac3fffff","market_class":"true_whitespace","opportunity_score":81.8,"province":"PE","households":426},"geometry":{"type":"Point","coordinates":[-64.1323212577619,46.820228170617675]}},{"type":"Feature","properties":{"h3_id":"881253c8c7fffff","market_class":"true_whitespace","opportunity_score":80.5,"province":"AB","households":481},"geometry":{"type":"Point","coordinates":[-111.9239233646888,54.116451092217595]}},{"type":"Feature","properties":{"h3_id":"8812ec2c27fffff","market_class":"true_whitespace","opportunity_score":79.3,"province":"AB","households":424},"geometry":{"type":"Point","coordinates":[-112.26016135254937,52.86959856594928]}},{"type":"Feature","properties":{"h3_id":"882703473dfffff","market_class":"true_whitespace","opportunity_score":77.1,"province":"MB","households":340},"geometry":{"type":"Point","coordinates":[-96.5261843677371,49.74198896103494]}},{"type":"Feature","properties":{"h3_id":"882bac2101fffff","market_class":"true_whitespace","opportunity_score":75.1,"province":"QC","households":434},"geometry":{"type":"Point","coordinates":[-70.65187300008964,46.11163267800971]}},{"type":"Feature","properties":{"h3_id":"882b2a8137fffff","market_class":"true_whitespace","opportunity_score":81.3,"province":"NS","households":498},"geometry":{"type":"Point","coordinates":[-61.50274130874198,45.39718954365552]}},{"type":"Feature","properties":{"h3_id":"8812d0aa1dfffff","market_class":"true_whitespace","opportunity_score":69.8,"province":"BC","households":339},"geometry":{"type":"Point","coordinates":[-120.31712671462179,50.79880405048382]}},{"type":"Feature","properties":{"h3_id":"882b168c85fffff","market_class":"proven_market_no_pv","opportunity_score":74.8,"province":"QC","households":388},"geometry":{"type":"Point","coordinates":[-68.49038833896323,48.48916164485123]}},{"type":"Feature","properties":{"h3_id":"882716d867fffff","market_class":"true_whitespace","opportunity_score":82.3,"province":"SK","households":498},"geometry":{"type":"Point","coordinates":[-102.53590912861054,51.93589066738466]}},{"type":"Feature","properties":{"h3_id":"882baa5ad9fffff","market_class":"proven_market_no_pv","opportunity_score":63.1,"province":"QC","households":371},"geometry":{"type":"Point","coordinates":[-73.72424992141828,45.779986326929915]}},{"type":"Feature","properties":{"h3_id":"882baec5abfffff","market_class":"true_whitespace","opportunity_score":81.4,"province":"QC","households":494},"geometry":{"type":"Point","coordinates":[-72.42481225465356,46.73304494816725]}},{"type":"Feature","properties":{"h3_id":"882ba870e1fffff","market_class":"true_whitespace","opportunity_score":64.1,"province":"QC","households":454},"geometry":{"type":"Point","coordinates":[-71.86600240571491,45.37084148685403]}},{"type":"Feature","properties":{"h3_id":"882b0062bdfffff","market_class":"true_whitespace","opportunity_score":74.7,"province":"NB","households":382},"geometry":{"type":"Point","coordinates":[-64.55121068094631,46.001506260801605]}},{"type":"Feature","properties":{"h3_id":"8828dc7955fffff","market_class":"true_whitespace","opportunity_score":76.2,"province":"BC","households":460},"geometry":{"type":"Point","coordinates":[-123.85256670380477,49.16807158541354]}},{"type":"Feature","properties":{"h3_id":"8812d104e1fffff","market_class":"true_whitespace","opportunity_score":76.6,"province":"BC","households":410},"geometry":{"type":"Point","coordinates":[-118.96273979537024,50.2314428124935]}},{"type":"Feature","properties":{"h3_id":"881aa078e7fffff","market_class":"true_whitespace","opportunity_score":74.5,"province":"NL","households":381},"geometry":{"type":"Point","coordinates":[-53.05679298963306,47.477256019892764]}},{"type":"Feature","properties":{"h3_id":"8812c0adb5fffff","market_class":"true_whitespace","opportunity_score":81.7,"province":"AB","households":462},"geometry":{"type":"Point","coordinates":[-116.18177430983047,51.42423678478339]}},{"type":"Feature","properties":{"h3_id":"882bac3769fffff","market_class":"true_whitespace","opportunity_score":82.5,"province":"QC","households":476},"geometry":{"type":"Point","coordinates":[-70.35444425442407,46.1738564309895]}},{"type":"Feature","properties":{"h3_id":"882b2e7883fffff","market_class":"true_whitespace","opportunity_score":77.7,"province":"NS","households":426},"geometry":{"type":"Point","coordinates":[-61.48989116769211,45.8792015315528]}},{"type":"Feature","properties":{"h3_id":"8812cc6405fffff","market_class":"true_whitespace","opportunity_score":79.5,"province":"AB","households":464},"geometry":{"type":"Point","coordinates":[-113.6378124738031,50.16484040237286]}},{"type":"Feature","properties":{"h3_id":"882b9cb8d7fffff","market_class":"true_whitespace","opportunity_score":80.6,"province":"ON","households":467},"geometry":{"type":"Point","coordinates":[-77.50569148983132,45.31196666490732]}},{"type":"Feature","properties":{"h3_id":"882b838493fffff","market_class":"proven_market_no_pv","opportunity_score":58.0,"province":"QC","households":317},"geometry":{"type":"Point","coordinates":[-75.78420458093521,45.507737279993655]}},{"type":"Feature","properties":{"h3_id":"881386722dfffff","market_class":"true_whitespace","opportunity_score":83.9,"province":"YT","households":324},"geometry":{"type":"Point","coordinates":[-135.12894811052155,60.7642974641583]}},{"type":"Feature","properties":{"h3_id":"882b9aa70bfffff","market_class":"proven_market_no_pv","opportunity_score":61.6,"province":"ON","households":396},"geometry":{"type":"Point","coordinates":[-79.55490610120785,44.07497656245599]}},{"type":"Feature","properties":{"h3_id":"8812ea1a1dfffff","market_class":"true_whitespace","opportunity_score":68.0,"province":"AB","households":428},"geometry":{"type":"Point","coordinates":[-114.10657957122936,51.80049269195008]}},{"type":"Feature","properties":{"h3_id":"882bacc135fffff","market_class":"true_whitespace","opportunity_score":79.3,"province":"QC","households":466},"geometry":{"type":"Point","coordinates":[-70.89281655067666,46.920165151254196]}},{"type":"Feature","properties":{"h3_id":"882bac39e7fffff","market_class":"true_whitespace","opportunity_score":75.1,"province":"QC","households":448},"geometry":{"type":"Point","coordinates":[-70.77609550542346,46.20447443356079]}},{"type":"Feature","properties":{"h3_id":"8812ea368bfffff","market_class":"true_whitespace","opportunity_score":77.6,"province":"AB","households":442},"geometry":{"type":"Point","coordinates":[-113.15864193033265,51.487527188050755]}},{"type":"Feature","properties":{"h3_id":"88276cad31fffff","market_class":"true_whitespace","opportunity_score":82.2,"province":"ON","households":445},"geometry":{"type":"Point","coordinates":[-81.816698553681,45.74518222974286]}},{"type":"Feature","properties":{"h3_id":"882b344ab3fffff","market_class":"true_whitespace","opportunity_score":83.8,"province":"QC","households":435},"geometry":{"type":"Point","coordinates":[-64.13452387330372,50.26649421969807]}},{"type":"Feature","properties":{"h3_id":"881b823b59fffff","market_class":"true_whitespace","opportunity_score":83.7,"province":"QC","households":413},"geometry":{"type":"Point","coordinates":[-57.19508363654292,51.41081419630051]}},{"type":"Feature","properties":{"h3_id":"882b81060dfffff","market_class":"true_whitespace","opportunity_score":76.8,"province":"ON","households":428},"geometry":{"type":"Point","coordinates":[-74.58548686904766,45.409716895411755]}},{"type":"Feature","properties":{"h3_id":"882b120139fffff","market_class":"true_whitespace","opportunity_score":82.9,"province":"QC","households":467},"geometry":{"type":"Point","coordinates":[-69.88533839450412,47.46700964718726]}},{"type":"Feature","properties":{"h3_id":"880ecc1309fffff","market_class":"true_whitespace","opportunity_score":83.7,"province":"ON","households":459},"geometry":{"type":"Point","coordinates":[-80.64047873112371,51.270505688230024]}},{"type":"Feature","properties":{"h3_id":"882ba12eddfffff","market_class":"proven_market_no_pv","opportunity_score":61.9,"province":"QC","households":424},"geometry":{"type":"Point","coordinates":[-71.37938371388432,46.90697180234858]}},{"type":"Feature","properties":{"h3_id":"882baa451bfffff","market_class":"proven_market_no_pv","opportunity_score":55.3,"province":"QC","households":485},"geometry":{"type":"Point","coordinates":[-73.66279938964625,45.51925936585825]}},{"type":"Feature","properties":{"h3_id":"882b161659fffff","market_class":"proven_market_no_pv","opportunity_score":71.5,"province":"QC","households":492},"geometry":{"type":"Point","coordinates":[-68.50615194058662,48.45257052789363]}},{"type":"Feature","properties":{"h3_id":"882b1cc221fffff","market_class":"proven_market_no_pv","opportunity_score":64.7,"province":"NB","households":322},"geometry":{"type":"Point","coordinates":[-66.69153530859667,45.9043089485745]}},{"type":"Feature","properties":{"h3_id":"8812d56733fffff","market_class":"true_whitespace","opportunity_score":80.9,"province":"BC","households":475},"geometry":{"type":"Point","coordinates":[-119.46528012867024,50.91365601242024]}},{"type":"Feature","properties":{"h3_id":"882baa089bfffff","market_class":"proven_market_no_pv","opportunity_score":58.6,"province":"QC","households":337},"geometry":{"type":"Point","coordinates":[-73.32860681810432,45.44791978134927]}},{"type":"Feature","properties":{"h3_id":"880e9a59c3fffff","market_class":"true_whitespace","opportunity_score":83.7,"province":"MB","households":518},"geometry":{"type":"Point","coordinates":[-98.88957307880526,55.77949955169904]}},{"type":"Feature","properties":{"h3_id":"88272a50c1fffff","market_class":"true_whitespace","opportunity_score":83.2,"province":"ON","households":417},"geometry":{"type":"Point","coordinates":[-93.23188178057865,50.63751426293092]}},{"type":"Feature","properties":{"h3_id":"88276d0855fffff","market_class":"true_whitespace","opportunity_score":78.9,"province":"ON","households":428},"geometry":{"type":"Point","coordinates":[-81.43904051189728,45.09442513097649]}},{"type":"Feature","properties":{"h3_id":"882baad2b3fffff","market_class":"proven_market_no_pv","opportunity_score":64.0,"province":"QC","households":433},"geometry":{"type":"Point","coordinates":[-73.08500819683648,46.032128292144705]}},{"type":"Feature","properties":{"h3_id":"882baa4ec3fffff","market_class":"proven_market_no_pv","opportunity_score":55.0,"province":"QC","households":383},"geometry":{"type":"Point","coordinates":[-73.73851319176708,45.51206634820322]}},{"type":"Feature","properties":{"h3_id":"882baa0f61fffff","market_class":"proven_market_no_pv","opportunity_score":60.7,"province":"QC","households":312},"geometry":{"type":"Point","coordinates":[-73.2912863902013,45.47084908549178]}},{"type":"Feature","properties":{"h3_id":"882b3270d9fffff","market_class":"true_whitespace","opportunity_score":83.3,"province":"QC","households":481},"geometry":{"type":"Point","coordinates":[-66.4925970498637,49.12184340682016]}},{"type":"Feature","properties":{"h3_id":"882bac210bfffff","market_class":"true_whitespace","opportunity_score":75.6,"province":"QC","households":373},"geometry":{"type":"Point","coordinates":[-70.63998067501936,46.10877319259941]}},{"type":"Feature","properties":{"h3_id":"882b9d140dfffff","market_class":"true_whitespace","opportunity_score":77.1,"province":"ON","households":395},"geometry":{"type":"Point","coordinates":[-76.87709082905135,44.46448693561095]}},{"type":"Feature","properties":{"h3_id":"8812ccc55bfffff","market_class":"proven_market_no_pv","opportunity_score":56.0,"province":"AB","households":302},"geometry":{"type":"Point","coordinates":[-114.00587797963385,50.83917424823168]}},{"type":"Feature","properties":{"h3_id":"881259a6c5fffff","market_class":"true_whitespace","opportunity_score":78.0,"province":"SK","households":445},"geometry":{"type":"Point","coordinates":[-105.51483533292982,52.26354346743372]}},{"type":"Feature","properties":{"h3_id":"882b9a2f65fffff","market_class":"true_whitespace","opportunity_score":78.3,"province":"ON","households":312},"geometry":{"type":"Point","coordinates":[-80.22123265564387,43.77811085095366]}},{"type":"Feature","properties":{"h3_id":"882bac5313fffff","market_class":"proven_market_no_pv","opportunity_score":65.6,"province":"QC","households":370},"geometry":{"type":"Point","coordinates":[-71.13725138452845,46.81117230981234]}},{"type":"Feature","properties":{"h3_id":"882b0e5639fffff","market_class":"true_whitespace","opportunity_score":78.0,"province":"NS","households":469},"geometry":{"type":"Point","coordinates":[-64.68274319993228,44.573541846312395]}},{"type":"Feature","properties":{"h3_id":"8812e1b765fffff","market_class":"true_whitespace","opportunity_score":76.3,"province":"AB","households":422},"geometry":{"type":"Point","coordinates":[-113.65491627514653,54.0668628730542]}},{"type":"Feature","properties":{"h3_id":"881241566dfffff","market_class":"true_whitespace","opportunity_score":83.2,"province":"SK","households":495},"geometry":{"type":"Point","coordinates":[-105.33109809207386,55.08988158331822]}},{"type":"Feature","properties":{"h3_id":"881242801bfffff","market_class":"true_whitespace","opportunity_score":83.2,"province":"SK","households":493},"geometry":{"type":"Point","coordinates":[-107.90566067500582,55.44557445177286]}},{"type":"Feature","properties":{"h3_id":"8812ccd02bfffff","market_class":"proven_market_no_pv","opportunity_score":56.2,"province":"AB","households":321},"geometry":{"type":"Point","coordinates":[-114.2242934620806,51.04895506605741]}},{"type":"Feature","properties":{"h3_id":"882bae283dfffff","market_class":"true_whitespace","opportunity_score":77.3,"province":"QC","households":446},"geometry":{"type":"Point","coordinates":[-72.46871907144626,46.07651343209761]}},{"type":"Feature","properties":{"h3_id":"880e490de1fffff","market_class":"true_whitespace","opportunity_score":83.4,"province":"QC","households":431},"geometry":{"type":"Point","coordinates":[-68.14432438430629,49.215946265213354]}},{"type":"Feature","properties":{"h3_id":"882b9a60c5fffff","market_class":"true_whitespace","opportunity_score":78.6,"province":"ON","households":408},"geometry":{"type":"Point","coordinates":[-80.63014070463402,43.89926881301102]}},{"type":"Feature","properties":{"h3_id":"8812ce6c31fffff","market_class":"true_whitespace","opportunity_score":82.4,"province":"BC","households":316},"geometry":{"type":"Point","coordinates":[-115.07195785077236,49.494074883729674]}},{"type":"Feature","properties":{"h3_id":"882ba54463fffff","market_class":"true_whitespace","opportunity_score":63.0,"province":"QC","households":381},"geometry":{"type":"Point","coordinates":[-71.11581197411635,48.45549863389924]}},{"type":"Feature","properties":{"h3_id":"882b145553fffff","market_class":"true_whitespace","opportunity_score":82.8,"province":"QC","households":467},"geometry":{"type":"Point","coordinates":[-67.5513005812427,48.52949075837467]}},{"type":"Feature","properties":{"h3_id":"882bac533bfffff","market_class":"proven_market_no_pv","opportunity_score":65.6,"province":"QC","households":410},"geometry":{"type":"Point","coordinates":[-71.16150221687113,46.81683438520745]}},{"type":"Feature","properties":{"h3_id":"882b0094cbfffff","market_class":"true_whitespace","opportunity_score":78.7,"province":"PE","households":437},"geometry":{"type":"Point","coordinates":[-63.31614333697157,46.45755041112667]}},{"type":"Feature","properties":{"h3_id":"8827a3a091fffff","market_class":"true_whitespace","opportunity_score":79.7,"province":"SK","households":387},"geometry":{"type":"Point","coordinates":[-104.29642941402476,49.45913951648463]}},{"type":"Feature","properties":{"h3_id":"8812cd6b61fffff","market_class":"true_whitespace","opportunity_score":67.4,"province":"AB","households":323},"geometry":{"type":"Point","coordinates":[-112.63071078407894,49.71493469203055]}},{"type":"Feature","properties":{"h3_id":"8812eb5a5bfffff","market_class":"true_whitespace","opportunity_score":78.0,"province":"AB","households":435},"geometry":{"type":"Point","coordinates":[-113.14251949355348,51.236314600433666]}},{"type":"Feature","properties":{"h3_id":"882b012ddbfffff","market_class":"proven_market_no_pv","opportunity_score":57.9,"province":"NS","households":384},"geometry":{"type":"Point","coordinates":[-63.60898024182046,44.710563363289445]}},{"type":"Feature","properties":{"h3_id":"880e45ac97fffff","market_class":"true_whitespace","opportunity_score":76.4,"province":"NL","households":325},"geometry":{"type":"Point","coordinates":[-66.94446535415742,52.93757028242171]}},{"type":"Feature","properties":{"h3_id":"881b921365fffff","market_class":"true_whitespace","opportunity_score":83.6,"province":"QC","households":398},"geometry":{"type":"Point","coordinates":[-61.80571112399743,50.156362077631556]}},{"type":"Feature","properties":{"h3_id":"880e4970c1fffff","market_class":"true_whitespace","opportunity_score":83.3,"province":"QC","households":400},"geometry":{"type":"Point","coordinates":[-68.27180043575072,49.199549324272944]}},{"type":"Feature","properties":{"h3_id":"882b124c13fffff","market_class":"true_whitespace","opportunity_score":79.0,"province":"QC","households":455},"geometry":{"type":"Point","coordinates":[-70.49952862864946,47.43945935999645]}},{"type":"Feature","properties":{"h3_id":"8828d9c84bfffff","market_class":"true_whitespace","opportunity_score":66.4,"province":"BC","households":358},"geometry":{"type":"Point","coordinates":[-125.21004416364477,49.95790634371656]}},{"type":"Feature","properties":{"h3_id":"882baad0c7fffff","market_class":"proven_market_no_pv","opportunity_score":61.1,"province":"QC","households":452},"geometry":{"type":"Point","coordinates":[-73.13065649987615,46.03419650613248]}},{"type":"Feature","properties":{"h3_id":"882bae1703fffff","market_class":"true_whitespace","opportunity_score":81.4,"province":"QC","households":468},"geometry":{"type":"Point","coordinates":[-72.11066401616897,46.5530235829201]}},{"type":"Feature","properties":{"h3_id":"8827a4343bfffff","market_class":"true_whitespace","opportunity_score":82.5,"province":"SK","households":476},"geometry":{"type":"Point","coordinates":[-104.28988090295825,51.37174582130452]}},{"type":"Feature","properties":{"h3_id":"882b9b4895fffff","market_class":"true_whitespace","opportunity_score":73.7,"province":"ON","households":422},"geometry":{"type":"Point","coordinates":[-80.08449433148476,43.365306656121845]}},{"type":"Feature","properties":{"h3_id":"882b9ab581fffff","market_class":"proven_market_no_pv","opportunity_score":58.7,"province":"ON","households":308},"geometry":{"type":"Point","coordinates":[-79.50901437070976,44.119810170487476]}},{"type":"Feature","properties":{"h3_id":"882baa7b67fffff","market_class":"proven_market_no_pv","opportunity_score":56.8,"province":"QC","households":361},"geometry":{"type":"Point","coordinates":[-73.76495565509603,45.455817087669296]}},{"type":"Feature","properties":{"h3_id":"882ba86a89fffff","market_class":"true_whitespace","opportunity_score":70.6,"province":"QC","households":383},"geometry":{"type":"Point","coordinates":[-72.1211436398746,45.25812628657718]}},{"type":"Feature","properties":{"h3_id":"8813867041fffff","market_class":"true_whitespace","opportunity_score":83.6,"province":"YT","households":337},"geometry":{"type":"Point","coordinates":[-135.09582258558714,60.74158904514142]}},{"type":"Feature","properties":{"h3_id":"882bae844dfffff","market_class":"true_whitespace","opportunity_score":71.4,"province":"QC","households":385},"geometry":{"type":"Point","coordinates":[-71.7238756998195,46.67015510630592]}},{"type":"Feature","properties":{"h3_id":"8827133965fffff","market_class":"true_whitespace","opportunity_score":81.4,"province":"MB","households":408},"geometry":{"type":"Point","coordinates":[-100.5235730526016,49.4844378195754]}},{"type":"Feature","properties":{"h3_id":"882b2e9637fffff","market_class":"true_whitespace","opportunity_score":68.8,"province":"NS","households":446},"geometry":{"type":"Point","coordinates":[-60.09934468466542,46.24094836674471]}},{"type":"Feature","properties":{"h3_id":"8813867235fffff","market_class":"true_whitespace","opportunity_score":83.6,"province":"YT","households":416},"geometry":{"type":"Point","coordinates":[-135.08669630442307,60.75395261023027]}},{"type":"Feature","properties":{"h3_id":"8812852949fffff","market_class":"true_whitespace","opportunity_score":81.1,"province":"BC","households":417},"geometry":{"type":"Point","coordinates":[-126.63318701138294,54.40404399964321]}},{"type":"Feature","properties":{"h3_id":"88129d8563fffff","market_class":"true_whitespace","opportunity_score":83.6,"province":"BC","households":491},"geometry":{"type":"Point","coordinates":[-126.75045149764341,52.369568442705386]}},{"type":"Feature","properties":{"h3_id":"882b9a785bfffff","market_class":"true_whitespace","opportunity_score":79.0,"province":"ON","households":417},"geometry":{"type":"Point","coordinates":[-80.75016963022351,44.05785379129794]}},{"type":"Feature","properties":{"h3_id":"882ab0cd3dfffff","market_class":"true_whitespace","opportunity_score":78.1,"province":"ON","households":402},"geometry":{"type":"Point","coordinates":[-81.80449270421205,42.493981256645064]}},{"type":"Feature","properties":{"h3_id":"882ba3b9e1fffff","market_class":"true_whitespace","opportunity_score":82.8,"province":"QC","households":480},"geometry":{"type":"Point","coordinates":[-72.78857799917215,47.442690613988376]}},{"type":"Feature","properties":{"h3_id":"882ba548c3fffff","market_class":"true_whitespace","opportunity_score":78.6,"province":"QC","households":382},"geometry":{"type":"Point","coordinates":[-71.43360411886198,48.53577879136632]}},{"type":"Feature","properties":{"h3_id":"882ba8860bfffff","market_class":"true_whitespace","opportunity_score":82.7,"province":"QC","households":468},"geometry":{"type":"Point","coordinates":[-70.85284678815886,45.71936972676531]}},{"type":"Feature","properties":{"h3_id":"8827120e33fffff","market_class":"true_whitespace","opportunity_score":82.6,"province":"SK","households":366},"geometry":{"type":"Point","coordinates":[-101.96571031179259,50.25774766770143]}},{"type":"Feature","properties":{"h3_id":"8828d82369fffff","market_class":"true_whitespace","opportunity_score":79.8,"province":"BC","households":431},"geometry":{"type":"Point","coordinates":[-124.75650537654711,49.979929420432235]}},{"type":"Feature","properties":{"h3_id":"882b935343fffff","market_class":"true_whitespace","opportunity_score":72.5,"province":"ON","households":347},"geometry":{"type":"Point","coordinates":[-81.14520192299447,46.42969036011662]}},{"type":"Feature","properties":{"h3_id":"88125dcea3fffff","market_class":"true_whitespace","opportunity_score":82.0,"province":"SK","households":501},"geometry":{"type":"Point","coordinates":[-106.87565404864083,53.526467650057775]}},{"type":"Feature","properties":{"h3_id":"882b017a05fffff","market_class":"true_whitespace","opportunity_score":81.2,"province":"NS","households":483},"geometry":{"type":"Point","coordinates":[-64.00668627297375,45.22447135190388]}},{"type":"Feature","properties":{"h3_id":"88121ba059fffff","market_class":"proven_market_no_pv","opportunity_score":62.8,"province":"AB","households":396},"geometry":{"type":"Point","coordinates":[-118.7872875572489,55.272214904096934]}},{"type":"Feature","properties":{"h3_id":"882b1cd1a3fffff","market_class":"proven_market_no_pv","opportunity_score":59.3,"province":"NB","households":406},"geometry":{"type":"Point","coordinates":[-66.69958223718062,45.95474614140943]}},{"type":"Feature","properties":{"h3_id":"882b019693fffff","market_class":"true_whitespace","opportunity_score":72.1,"province":"NS","households":407},"geometry":{"type":"Point","coordinates":[-62.65674220956021,45.44889265982703]}},{"type":"Feature","properties":{"h3_id":"8812ae4c59fffff","market_class":"true_whitespace","opportunity_score":83.1,"province":"BC","households":445},"geometry":{"type":"Point","coordinates":[-126.29327668677861,55.155540675983104]}},{"type":"Feature","properties":{"h3_id":"8827743a3dfffff","market_class":"true_whitespace","opportunity_score":82.2,"province":"ON","households":429},"geometry":{"type":"Point","coordinates":[-88.25834514280014,48.94036660779678]}},{"type":"Feature","properties":{"h3_id":"882ba120edfffff","market_class":"true_whitespace","opportunity_score":73.9,"province":"QC","households":322},"geometry":{"type":"Point","coordinates":[-71.37730103506125,47.025219168455926]}},{"type":"Feature","properties":{"h3_id":"882ba54d5dfffff","market_class":"true_whitespace","opportunity_score":72.0,"province":"QC","households":386},"geometry":{"type":"Point","coordinates":[-71.40424203095554,48.47306798169604]}},{"type":"Feature","properties":{"h3_id":"882702d2c5fffff","market_class":"true_whitespace","opportunity_score":82.6,"province":"MB","households":442},"geometry":{"type":"Point","coordinates":[-97.62104468530119,51.07896653442088]}},{"type":"Feature","properties":{"h3_id":"882baacc4dfffff","market_class":"proven_market_no_pv","opportunity_score":60.8,"province":"QC","households":353},"geometry":{"type":"Point","coordinates":[-73.36983928431648,45.828917072128334]}},{"type":"Feature","properties":{"h3_id":"8812aa4e09fffff","market_class":"true_whitespace","opportunity_score":82.7,"province":"BC","households":501},"geometry":{"type":"Point","coordinates":[-125.75510800310265,54.195216038595284]}},{"type":"Feature","properties":{"h3_id":"8812d5643bfffff","market_class":"true_whitespace","opportunity_score":76.2,"province":"BC","households":372},"geometry":{"type":"Point","coordinates":[-119.39436006023331,50.88419390990937]}},{"type":"Feature","properties":{"h3_id":"88126961ddfffff","market_class":"true_whitespace","opportunity_score":83.2,"province":"MB","households":445},"geometry":{"type":"Point","coordinates":[-100.03205639072549,54.87947820945547]}},{"type":"Feature","properties":{"h3_id":"882b98685dfffff","market_class":"proven_market_no_pv","opportunity_score":62.7,"province":"ON","households":354},"geometry":{"type":"Point","coordinates":[-79.28925366440292,44.04731005301938]}},{"type":"Feature","properties":{"h3_id":"882716d423fffff","market_class":"true_whitespace","opportunity_score":82.2,"province":"SK","households":474},"geometry":{"type":"Point","coordinates":[-102.08010419333546,51.88644597387582]}},{"type":"Feature","properties":{"h3_id":"8812a36a9dfffff","market_class":"true_whitespace","opportunity_score":81.0,"province":"BC","households":423},"geometry":{"type":"Point","coordinates":[-127.58036287246532,55.248619600448315]}},{"type":"Feature","properties":{"h3_id":"882b0e71cdfffff","market_class":"true_whitespace","opportunity_score":77.8,"province":"NS","households":440},"geometry":{"type":"Point","coordinates":[-64.83893938749925,44.27792281121089]}},{"type":"Feature","properties":{"h3_id":"88271e1621fffff","market_class":"true_whitespace","opportunity_score":81.9,"province":"MB","households":392},"geometry":{"type":"Point","coordinates":[-98.95299609404847,49.1471957504945]}},{"type":"Feature","properties":{"h3_id":"8827142345fffff","market_class":"true_whitespace","opportunity_score":80.3,"province":"MB","households":476},"geometry":{"type":"Point","coordinates":[-99.92275351937113,51.65248875465412]}},{"type":"Feature","properties":{"h3_id":"882766143dfffff","market_class":"true_whitespace","opportunity_score":81.8,"province":"ON","households":410},"geometry":{"type":"Point","coordinates":[-85.2856640866987,48.58626941880675]}},{"type":"Feature","properties":{"h3_id":"88271cd113fffff","market_class":"true_whitespace","opportunity_score":75.7,"province":"MB","households":382},"geometry":{"type":"Point","coordinates":[-97.99654589905516,49.92936097231115]}},{"type":"Feature","properties":{"h3_id":"882baa3923fffff","market_class":"true_whitespace","opportunity_score":68.4,"province":"QC","households":381},"geometry":{"type":"Point","coordinates":[-73.25071945093113,45.26867845829008]}},{"type":"Feature","properties":{"h3_id":"882baad09dfffff","market_class":"proven_market_no_pv","opportunity_score":64.7,"province":"QC","households":394},"geometry":{"type":"Point","coordinates":[-73.12290335041257,46.00915937612998]}},{"type":"Feature","properties":{"h3_id":"8812634347fffff","market_class":"true_whitespace","opportunity_score":83.4,"province":"SK","households":466},"geometry":{"type":"Point","coordinates":[-105.60701698807837,57.26139786379582]}},{"type":"Feature","properties":{"h3_id":"8812512ebdfffff","market_class":"true_whitespace","opportunity_score":79.0,"province":"SK","households":480},"geometry":{"type":"Point","coordinates":[-109.16466116496997,54.021922366211996]}},{"type":"Feature","properties":{"h3_id":"882bac772dfffff","market_class":"true_whitespace","opportunity_score":78.6,"province":"QC","households":429},"geometry":{"type":"Point","coordinates":[-70.96830628586899,46.297488066111555]}},{"type":"Feature","properties":{"h3_id":"882ba855b1fffff","market_class":"true_whitespace","opportunity_score":71.3,"province":"QC","households":387},"geometry":{"type":"Point","coordinates":[-71.94752884627282,45.62332556447353]}},{"type":"Feature","properties":{"h3_id":"882baa9919fffff","market_class":"true_whitespace","opportunity_score":77.1,"province":"QC","households":423},"geometry":{"type":"Point","coordinates":[-72.85813566415757,45.95164143091157]}},{"type":"Feature","properties":{"h3_id":"8812c3240bfffff","market_class":"true_whitespace","opportunity_score":79.7,"province":"BC","households":389},"geometry":{"type":"Point","coordinates":[-115.80784670345797,50.16043442783903]}},{"type":"Feature","properties":{"h3_id":"8827168211fffff","market_class":"true_whitespace","opportunity_score":82.5,"province":"MB","households":472},"geometry":{"type":"Point","coordinates":[-101.54215615421874,51.91435976793157]}},{"type":"Feature","properties":{"h3_id":"882baa5121fffff","market_class":"proven_market_no_pv","opportunity_score":61.7,"province":"QC","households":338},"geometry":{"type":"Point","coordinates":[-73.73499225985248,45.81325289470491]}},{"type":"Feature","properties":{"h3_id":"882b9bcab1fffff","market_class":"proven_market_no_pv","opportunity_score":59.5,"province":"ON","households":450},"geometry":{"type":"Point","coordinates":[-79.65047280695788,43.703800212342095]}},{"type":"Feature","properties":{"h3_id":"882b120813fffff","market_class":"true_whitespace","opportunity_score":82.6,"province":"QC","households":383},"geometry":{"type":"Point","coordinates":[-70.01545538181863,47.43473399158925]}},{"type":"Feature","properties":{"h3_id":"882b168cabfffff","market_class":"proven_market_no_pv","opportunity_score":73.5,"province":"QC","households":425},"geometry":{"type":"Point","coordinates":[-68.50096224797751,48.48374067191236]}},{"type":"Feature","properties":{"h3_id":"882ba259e5fffff","market_class":"true_whitespace","opportunity_score":83.0,"province":"QC","households":435},"geometry":{"type":"Point","coordinates":[-74.945073823563,48.65454837227975]}},{"type":"Feature","properties":{"h3_id":"882b12c4d1fffff","market_class":"true_whitespace","opportunity_score":82.4,"province":"QC","households":385},"geometry":{"type":"Point","coordinates":[-69.72781928743224,47.67687800069546]}},{"type":"Feature","properties":{"h3_id":"882babd6c9fffff","market_class":"true_whitespace","opportunity_score":80.1,"province":"QC","households":467},"geometry":{"type":"Point","coordinates":[-72.10488985715459,45.00613304611169]}},{"type":"Feature","properties":{"h3_id":"880e4970c9fffff","market_class":"true_whitespace","opportunity_score":83.0,"province":"QC","households":453},"geometry":{"type":"Point","coordinates":[-68.26102084244934,49.20496970702849]}},{"type":"Feature","properties":{"h3_id":"88124e218dfffff","market_class":"true_whitespace","opportunity_score":78.3,"province":"SK","households":488},"geometry":{"type":"Point","coordinates":[-104.47609994464456,53.49362742591994]}},{"type":"Feature","properties":{"h3_id":"882ba1241bfffff","market_class":"proven_market_no_pv","opportunity_score":59.2,"province":"QC","households":326},"geometry":{"type":"Point","coordinates":[-71.22811836168339,46.89566675333146]}},{"type":"Feature","properties":{"h3_id":"882baa9703fffff","market_class":"proven_market_no_pv","opportunity_score":62.5,"province":"QC","households":414},"geometry":{"type":"Point","coordinates":[-72.4624032957768,45.86430665741827]}},{"type":"Feature","properties":{"h3_id":"882ba120e3fffff","market_class":"true_whitespace","opportunity_score":69.9,"province":"QC","households":311},"geometry":{"type":"Point","coordinates":[-71.37270028826505,47.0083205861011]}},{"type":"Feature","properties":{"h3_id":"8812dd8e97fffff","market_class":"true_whitespace","opportunity_score":77.2,"province":"BC","households":352},"geometry":{"type":"Point","coordinates":[-115.98966406961365,49.69239429816003]}},{"type":"Feature","properties":{"h3_id":"882bae6cb1fffff","market_class":"true_whitespace","opportunity_score":74.4,"province":"QC","households":442},"geometry":{"type":"Point","coordinates":[-72.91892561327413,46.0038750835398]}},{"type":"Feature","properties":{"h3_id":"881252c5c5fffff","market_class":"true_whitespace","opportunity_score":81.9,"province":"AB","households":396},"geometry":{"type":"Point","coordinates":[-113.25151528784048,54.619508999074505]}},{"type":"Feature","properties":{"h3_id":"882b2ac185fffff","market_class":"true_whitespace","opportunity_score":75.8,"province":"NS","households":373},"geometry":{"type":"Point","coordinates":[-62.010444471565904,45.54504117816678]}},{"type":"Feature","properties":{"h3_id":"882ba0b1b9fffff","market_class":"true_whitespace","opportunity_score":75.7,"province":"QC","households":379},"geometry":{"type":"Point","coordinates":[-71.67635297178404,48.39023671363753]}},{"type":"Feature","properties":{"h3_id":"8827026221fffff","market_class":"true_whitespace","opportunity_score":78.9,"province":"MB","households":384},"geometry":{"type":"Point","coordinates":[-97.66592861389792,50.209962494342996]}},{"type":"Feature","properties":{"h3_id":"88271394ebfffff","market_class":"true_whitespace","opportunity_score":77.5,"province":"MB","households":390},"geometry":{"type":"Point","coordinates":[-100.03733746017453,50.12409335073527]}},{"type":"Feature","properties":{"h3_id":"88125b65a7fffff","market_class":"true_whitespace","opportunity_score":82.1,"province":"SK","households":393},"geometry":{"type":"Point","coordinates":[-108.02895997781565,51.201152699023275]}},{"type":"Feature","properties":{"h3_id":"88124b4a2bfffff","market_class":"true_whitespace","opportunity_score":80.4,"province":"SK","households":455},"geometry":{"type":"Point","coordinates":[-104.25786825238666,52.070207292802806]}},{"type":"Feature","properties":{"h3_id":"882b217b6dfffff","market_class":"true_whitespace","opportunity_score":82.7,"province":"NS","households":414},"geometry":{"type":"Point","coordinates":[-60.46611680979285,46.89896162011357]}},{"type":"Feature","properties":{"h3_id":"880e9d4e93fffff","market_class":"true_whitespace","opportunity_score":83.2,"province":"MB","households":476},"geometry":{"type":"Point","coordinates":[-94.70654772845785,56.34414114611759]}},{"type":"Feature","properties":{"h3_id":"8812e1b883fffff","market_class":"true_whitespace","opportunity_score":77.0,"province":"AB","households":395},"geometry":{"type":"Point","coordinates":[-113.89463689457918,53.95197762564468]}},{"type":"Feature","properties":{"h3_id":"882b81a753fffff","market_class":"proven_market_no_pv","opportunity_score":59.8,"province":"QC","households":419},"geometry":{"type":"Point","coordinates":[-74.04484317953428,45.290771099298354]}},{"type":"Feature","properties":{"h3_id":"882b9ab983fffff","market_class":"true_whitespace","opportunity_score":69.8,"province":"ON","households":303},"geometry":{"type":"Point","coordinates":[-79.86419002912814,44.220461854558295]}},{"type":"Feature","properties":{"h3_id":"882bacb807fffff","market_class":"true_whitespace","opportunity_score":82.3,"province":"QC","households":478},"geometry":{"type":"Point","coordinates":[-70.20836409959863,46.49435552367145]}},{"type":"Feature","properties":{"h3_id":"882b28598dfffff","market_class":"true_whitespace","opportunity_score":82.4,"province":"NS","households":433},"geometry":{"type":"Point","coordinates":[-61.022857974076835,45.329964624719025]}},{"type":"Feature","properties":{"h3_id":"88270c8165fffff","market_class":"true_whitespace","opportunity_score":82.5,"province":"ON","households":363},"geometry":{"type":"Point","coordinates":[-92.81991137506186,49.77583932512661]}},{"type":"Feature","properties":{"h3_id":"8812744d69fffff","market_class":"true_whitespace","opportunity_score":83.0,"province":"AB","households":493},"geometry":{"type":"Point","coordinates":[-111.15267368781043,58.7121929403398]}},{"type":"Feature","properties":{"h3_id":"882ab058c3fffff","market_class":"true_whitespace","opportunity_score":68.4,"province":"ON","households":347},"geometry":{"type":"Point","coordinates":[-82.09551002792787,42.41155997496975]}},{"type":"Feature","properties":{"h3_id":"882b8064c7fffff","market_class":"true_whitespace","opportunity_score":80.2,"province":"QC","households":434},"geometry":{"type":"Point","coordinates":[-75.95070213365187,45.95390568918566]}},{"type":"Feature","properties":{"h3_id":"882b9da601fffff","market_class":"true_whitespace","opportunity_score":74.5,"province":"ON","households":323},"geometry":{"type":"Point","coordinates":[-76.33382138690766,44.25014873990679]}},{"type":"Feature","properties":{"h3_id":"8812c88aa1fffff","market_class":"true_whitespace","opportunity_score":79.4,"province":"AB","households":444},"geometry":{"type":"Point","coordinates":[-113.5122644271915,49.86759310677797]}},{"type":"Feature","properties":{"h3_id":"8813528e9bfffff","market_class":"true_whitespace","opportunity_score":75.7,"province":"NT_NU","households":331},"geometry":{"type":"Point","coordinates":[-114.36146390654828,62.44300581081736]}},{"type":"Feature","properties":{"h3_id":"88271c40a1fffff","market_class":"true_whitespace","opportunity_score":77.3,"province":"MB","households":387},"geometry":{"type":"Point","coordinates":[-98.2401168202803,49.36844639597414]}},{"type":"Feature","properties":{"h3_id":"882ba870e3fffff","market_class":"true_whitespace","opportunity_score":63.6,"province":"QC","households":392},"geometry":{"type":"Point","coordinates":[-71.86369378788844,45.362525454219906]}},{"type":"Feature","properties":{"h3_id":"882b33448bfffff","market_class":"true_whitespace","opportunity_score":82.1,"province":"QC","households":412},"geometry":{"type":"Point","coordinates":[-65.90313877025821,48.24862060369044]}},{"type":"Feature","properties":{"h3_id":"8812ccd719fffff","market_class":"proven_market_no_pv","opportunity_score":54.7,"province":"AB","households":342},"geometry":{"type":"Point","coordinates":[-114.02370687944453,51.029661500497134]}},{"type":"Feature","properties":{"h3_id":"882b2aca4dfffff","market_class":"true_whitespace","opportunity_score":76.5,"province":"NS","households":349},"geometry":{"type":"Point","coordinates":[-62.058804110248204,45.65165441722436]}},{"type":"Feature","properties":{"h3_id":"882b128b45fffff","market_class":"proven_market_no_pv","opportunity_score":73.6,"province":"QC","households":400},"geometry":{"type":"Point","coordinates":[-69.54068267885032,47.81554879139324]}},{"type":"Feature","properties":{"h3_id":"882baa3921fffff","market_class":"true_whitespace","opportunity_score":67.6,"province":"QC","households":380},"geometry":{"type":"Point","coordinates":[-73.2532841840083,45.27696335178791]}},{"type":"Feature","properties":{"h3_id":"882bb34dedfffff","market_class":"true_whitespace","opportunity_score":79.4,"province":"QC","households":426},"geometry":{"type":"Point","coordinates":[-78.38236063348955,48.224293939056295]}},{"type":"Feature","properties":{"h3_id":"882b02a4cdfffff","market_class":"true_whitespace","opportunity_score":73.9,"province":"NB","households":397},"geometry":{"type":"Point","coordinates":[-65.04557731726787,46.029620863790136]}},{"type":"Feature","properties":{"h3_id":"882bacd713fffff","market_class":"true_whitespace","opportunity_score":81.8,"province":"QC","households":430},"geometry":{"type":"Point","coordinates":[-70.53520482643476,46.94633801992133]}},{"type":"Feature","properties":{"h3_id":"8812ccd757fffff","market_class":"proven_market_no_pv","opportunity_score":55.1,"province":"AB","households":348},"geometry":{"type":"Point","coordinates":[-114.033276020301,51.035549127845705]}},{"type":"Feature","properties":{"h3_id":"8812549639fffff","market_class":"true_whitespace","opportunity_score":73.5,"province":"AB","households":287},"geometry":{"type":"Point","coordinates":[-111.16687835389946,56.66198290707491]}},{"type":"Feature","properties":{"h3_id":"882b012d49fffff","market_class":"proven_market_no_pv","opportunity_score":61.0,"province":"NS","households":284},"geometry":{"type":"Point","coordinates":[-63.62710189235409,44.797061543868516]}},{"type":"Feature","properties":{"h3_id":"8827ae9337fffff","market_class":"true_whitespace","opportunity_score":77.3,"province":"SK","households":364},"geometry":{"type":"Point","coordinates":[-103.41146993734222,49.40010762323196]}},{"type":"Feature","properties":{"h3_id":"8827ac51c7fffff","market_class":"true_whitespace","opportunity_score":79.6,"province":"SK","households":351},"geometry":{"type":"Point","coordinates":[-102.75620824945506,49.38014081592223]}},{"type":"Feature","properties":{"h3_id":"881b98a5bbfffff","market_class":"true_whitespace","opportunity_score":82.4,"province":"NL","households":468},"geometry":{"type":"Point","coordinates":[-55.62164667162342,49.51079818107662]}},{"type":"Feature","properties":{"h3_id":"8812e1268dfffff","market_class":"proven_market_no_pv","opportunity_score":54.3,"province":"AB","households":334},"geometry":{"type":"Point","coordinates":[-113.56415978870675,53.48780911339466]}},{"type":"Feature","properties":{"h3_id":"88271c20b1fffff","market_class":"true_whitespace","opportunity_score":80.7,"province":"MB","households":380},"geometry":{"type":"Point","coordinates":[-97.21207307225865,49.003326874932746]}},{"type":"Feature","properties":{"h3_id":"882b314305fffff","market_class":"true_whitespace","opportunity_score":82.9,"province":"QC","households":422},"geometry":{"type":"Point","coordinates":[-64.33537987451209,48.42648062913588]}},{"type":"Feature","properties":{"h3_id":"882bac6c21fffff","market_class":"true_whitespace","opportunity_score":79.4,"province":"QC","households":451},"geometry":{"type":"Point","coordinates":[-71.30710171683037,46.09381909394716]}},{"type":"Feature","properties":{"h3_id":"8827a2628dfffff","market_class":"true_whitespace","opportunity_score":82.4,"province":"SK","households":412},"geometry":{"type":"Point","coordinates":[-106.57954262944791,49.70880306639184]}},{"type":"Feature","properties":{"h3_id":"882b235323fffff","market_class":"true_whitespace","opportunity_score":82.9,"province":"QC","households":368},"geometry":{"type":"Point","coordinates":[-61.897756565743315,47.40492874581404]}},{"type":"Feature","properties":{"h3_id":"882ba86135fffff","market_class":"true_whitespace","opportunity_score":70.9,"province":"QC","households":366},"geometry":{"type":"Point","coordinates":[-72.09284930249274,45.27498940698295]}},{"type":"Feature","properties":{"h3_id":"882b00da41fffff","market_class":"true_whitespace","opportunity_score":81.6,"province":"PE","households":448},"geometry":{"type":"Point","coordinates":[-64.13922850296368,46.888033501121605]}},{"type":"Feature","properties":{"h3_id":"882bac39e5fffff","market_class":"true_whitespace","opportunity_score":74.6,"province":"QC","households":407},"geometry":{"type":"Point","coordinates":[-70.77823837132802,46.21287176921157]}},{"type":"Feature","properties":{"h3_id":"882ba54617fffff","market_class":"true_whitespace","opportunity_score":65.4,"province":"QC","households":399},"geometry":{"type":"Point","coordinates":[-71.02205098584867,48.4580377653992]}},{"type":"Feature","properties":{"h3_id":"882baacd5dfffff","market_class":"proven_market_no_pv","opportunity_score":61.9,"province":"QC","households":314},"geometry":{"type":"Point","coordinates":[-73.43672033920375,45.82766933614785]}},{"type":"Feature","properties":{"h3_id":"882ba87633fffff","market_class":"true_whitespace","opportunity_score":78.8,"province":"QC","households":392},"geometry":{"type":"Point","coordinates":[-71.69920957775136,45.285622022683654]}},{"type":"Feature","properties":{"h3_id":"882b14cf2bfffff","market_class":"true_whitespace","opportunity_score":82.4,"province":"QC","households":449},"geometry":{"type":"Point","coordinates":[-67.39730795058445,48.70930058127534]}},{"type":"Feature","properties":{"h3_id":"882b83b323fffff","market_class":"proven_market_no_pv","opportunity_score":58.1,"province":"QC","households":294},"geometry":{"type":"Point","coordinates":[-75.75101021931381,45.50904930484931]}},{"type":"Feature","properties":{"h3_id":"882ba12537fffff","market_class":"proven_market_no_pv","opportunity_score":60.7,"province":"QC","households":339},"geometry":{"type":"Point","coordinates":[-71.36950834097019,46.91260266334398]}},{"type":"Feature","properties":{"h3_id":"8827131521fffff","market_class":"true_whitespace","opportunity_score":76.9,"province":"MB","households":399},"geometry":{"type":"Point","coordinates":[-100.47032588095655,49.77491228437069]}},{"type":"Feature","properties":{"h3_id":"882bac5063fffff","market_class":"proven_market_no_pv","opportunity_score":63.4,"province":"QC","households":364},"geometry":{"type":"Point","coordinates":[-71.15476193627092,46.791523651783066]}},{"type":"Feature","properties":{"h3_id":"882ba5445dfffff","market_class":"true_whitespace","opportunity_score":62.1,"province":"QC","households":361},"geometry":{"type":"Point","coordinates":[-71.06777350323198,48.452501215905045]}},{"type":"Feature","properties":{"h3_id":"8812c3ba37fffff","market_class":"true_whitespace","opportunity_score":76.2,"province":"BC","households":392},"geometry":{"type":"Point","coordinates":[-116.12965462662257,50.6951706409663]}},{"type":"Feature","properties":{"h3_id":"88271c9729fffff","market_class":"proven_market_no_pv","opportunity_score":56.8,"province":"MB","households":426},"geometry":{"type":"Point","coordinates":[-97.16227625694766,49.90975977466188]}},{"type":"Feature","properties":{"h3_id":"882b254625fffff","market_class":"true_whitespace","opportunity_score":82.2,"province":"NL","households":453},"geometry":{"type":"Point","coordinates":[-59.18561135030066,47.82977265939467]}},{"type":"Feature","properties":{"h3_id":"881aa210cbfffff","market_class":"true_whitespace","opportunity_score":81.6,"province":"NL","households":451},"geometry":{"type":"Point","coordinates":[-53.966044015804975,47.24067133132873]}},{"type":"Feature","properties":{"h3_id":"882bae8d9dfffff","market_class":"true_whitespace","opportunity_score":76.9,"province":"QC","households":407},"geometry":{"type":"Point","coordinates":[-72.03050982122069,46.59004242483325]}},{"type":"Feature","properties":{"h3_id":"8827a23213fffff","market_class":"true_whitespace","opportunity_score":81.8,"province":"SK","households":373},"geometry":{"type":"Point","coordinates":[-105.97139868671742,49.93945648703557]}},{"type":"Feature","properties":{"h3_id":"882b1299a1fffff","market_class":"true_whitespace","opportunity_score":74.9,"province":"QC","households":384},"geometry":{"type":"Point","coordinates":[-69.50978560507373,47.83203872811417]}},{"type":"Feature","properties":{"h3_id":"8812ec56ddfffff","market_class":"true_whitespace","opportunity_score":76.5,"province":"AB","households":327},"geometry":{"type":"Point","coordinates":[-113.0687440714818,53.36064546802876]}},{"type":"Feature","properties":{"h3_id":"88271cce27fffff","market_class":"true_whitespace","opportunity_score":79.8,"province":"MB","households":383},"geometry":{"type":"Point","coordinates":[-97.9987078127332,49.67650458415122]}},{"type":"Feature","properties":{"h3_id":"882baa0e19fffff","market_class":"true_whitespace","opportunity_score":63.0,"province":"QC","households":381},"geometry":{"type":"Point","coordinates":[-73.16450380429329,45.420208855976405]}},{"type":"Feature","properties":{"h3_id":"882bac38bbfffff","market_class":"true_whitespace","opportunity_score":73.2,"province":"QC","households":341},"geometry":{"type":"Point","coordinates":[-70.67223918253556,46.148062163838915]}},{"type":"Feature","properties":{"h3_id":"88271dc20bfffff","market_class":"true_whitespace","opportunity_score":79.5,"province":"MB","households":376},"geometry":{"type":"Point","coordinates":[-96.5553176683839,49.132307228570255]}},{"type":"Feature","properties":{"h3_id":"882b0e92b1fffff","market_class":"proven_market_no_pv","opportunity_score":61.8,"province":"NS","households":310},"geometry":{"type":"Point","coordinates":[-63.74725835630878,44.72244166402573]}},{"type":"Feature","properties":{"h3_id":"881b9894ebfffff","market_class":"true_whitespace","opportunity_score":82.4,"province":"NL","households":434},"geometry":{"type":"Point","coordinates":[-56.193511674035555,49.933891661147086]}},{"type":"Feature","properties":{"h3_id":"882b0e50a1fffff","market_class":"true_whitespace","opportunity_score":79.3,"province":"NS","households":444},"geometry":{"type":"Point","coordinates":[-64.85894628975707,44.63564611347617]}},{"type":"Feature","properties":{"h3_id":"882b1218c9fffff","market_class":"true_whitespace","opportunity_score":82.2,"province":"QC","households":396},"geometry":{"type":"Point","coordinates":[-69.86284046521048,47.565622675670724]}},{"type":"Feature","properties":{"h3_id":"8827b24ac5fffff","market_class":"true_whitespace","opportunity_score":81.3,"province":"AB","households":421},"geometry":{"type":"Point","coordinates":[-111.43892722266244,49.48045633248624]}},{"type":"Feature","properties":{"h3_id":"882b982f4dfffff","market_class":"true_whitespace","opportunity_score":65.2,"province":"ON","households":425},"geometry":{"type":"Point","coordinates":[-78.62141050755335,43.90001960571728]}},{"type":"Feature","properties":{"h3_id":"882769b169fffff","market_class":"true_whitespace","opportunity_score":78.0,"province":"ON","households":340},"geometry":{"type":"Point","coordinates":[-81.2504264640914,44.19737167398438]}},{"type":"Feature","properties":{"h3_id":"881aa078ddfffff","market_class":"true_whitespace","opportunity_score":69.2,"province":"NL","households":337},"geometry":{"type":"Point","coordinates":[-53.0098343833858,47.50075470632855]}},{"type":"Feature","properties":{"h3_id":"882b818e27fffff","market_class":"true_whitespace","opportunity_score":63.8,"province":"QC","households":437},"geometry":{"type":"Point","coordinates":[-74.40686993122323,45.67396339333971]}},{"type":"Feature","properties":{"h3_id":"882ba86d51fffff","market_class":"true_whitespace","opportunity_score":75.3,"province":"QC","households":336},"geometry":{"type":"Point","coordinates":[-72.14706259092394,45.1553332188604]}},{"type":"Feature","properties":{"h3_id":"882b019659fffff","market_class":"true_whitespace","opportunity_score":64.2,"province":"NS","households":391},"geometry":{"type":"Point","coordinates":[-62.63054630936566,45.538384155240976]}},{"type":"Feature","properties":{"h3_id":"882baa41c7fffff","market_class":"proven_market_no_pv","opportunity_score":54.1,"province":"QC","households":307},"geometry":{"type":"Point","coordinates":[-73.78798685592385,45.63076778777219]}},{"type":"Feature","properties":{"h3_id":"882b8384a9fffff","market_class":"proven_market_no_pv","opportunity_score":63.1,"province":"QC","households":279},"geometry":{"type":"Point","coordinates":[-75.82964043637881,45.539406092125894]}},{"type":"Feature","properties":{"h3_id":"8812e17a0dfffff","market_class":"true_whitespace","opportunity_score":78.4,"province":"AB","households":395},"geometry":{"type":"Point","coordinates":[-114.7395312977638,53.56005909124094]}},{"type":"Feature","properties":{"h3_id":"882b066981fffff","market_class":"true_whitespace","opportunity_score":62.8,"province":"NB","households":370},"geometry":{"type":"Point","coordinates":[-65.58085367661208,47.009284019288664]}},{"type":"Feature","properties":{"h3_id":"882baa49e9fffff","market_class":"proven_market_no_pv","opportunity_score":61.5,"province":"QC","households":348},"geometry":{"type":"Point","coordinates":[-74.03579537480903,45.63616382026359]}},{"type":"Feature","properties":{"h3_id":"882b83d523fffff","market_class":"true_whitespace","opportunity_score":80.8,"province":"QC","households":431},"geometry":{"type":"Point","coordinates":[-76.43356340773785,45.85193005046717]}},{"type":"Feature","properties":{"h3_id":"882baaadb7fffff","market_class":"true_whitespace","opportunity_score":71.7,"province":"QC","households":485},"geometry":{"type":"Point","coordinates":[-72.76618209620571,45.201308018409236]}},{"type":"Feature","properties":{"h3_id":"882b1cc223fffff","market_class":"proven_market_no_pv","opportunity_score":63.2,"province":"NB","households":305},"geometry":{"type":"Point","coordinates":[-66.69019595651059,45.89590508583221]}},{"type":"Feature","properties":{"h3_id":"882b9b2183fffff","market_class":"true_whitespace","opportunity_score":67.3,"province":"ON","households":362},"geometry":{"type":"Point","coordinates":[-79.20518721897368,42.92237144893214]}},{"type":"Feature","properties":{"h3_id":"8812dc6435fffff","market_class":"true_whitespace","opportunity_score":76.5,"province":"BC","households":397},"geometry":{"type":"Point","coordinates":[-117.59459147729035,49.440290224175605]}},{"type":"Feature","properties":{"h3_id":"882ba0d445fffff","market_class":"true_whitespace","opportunity_score":81.0,"province":"QC","households":376},"geometry":{"type":"Point","coordinates":[-72.21362506876702,48.88455259280673]}},{"type":"Feature","properties":{"h3_id":"882bacd709fffff","market_class":"true_whitespace","opportunity_score":81.5,"province":"QC","households":404},"geometry":{"type":"Point","coordinates":[-70.54373790584609,46.98016548515704]}},{"type":"Feature","properties":{"h3_id":"881aa075a5fffff","market_class":"proven_market_no_pv","opportunity_score":62.2,"province":"NL","households":400},"geometry":{"type":"Point","coordinates":[-52.749150034024964,47.50827741267754]}},{"type":"Feature","properties":{"h3_id":"882b9a35b5fffff","market_class":"true_whitespace","opportunity_score":68.2,"province":"ON","households":296},"geometry":{"type":"Point","coordinates":[-79.935476325918,43.800573618960605]}},{"type":"Feature","properties":{"h3_id":"882ba57255fffff","market_class":"proven_market_no_pv","opportunity_score":63.6,"province":"QC","households":372},"geometry":{"type":"Point","coordinates":[-70.88608460638112,48.346418203457155]}},{"type":"Feature","properties":{"h3_id":"882b159221fffff","market_class":"true_whitespace","opportunity_score":73.9,"province":"NB","households":404},"geometry":{"type":"Point","coordinates":[-65.72217132685431,47.786246685918115]}},{"type":"Feature","properties":{"h3_id":"882b1684e1fffff","market_class":"true_whitespace","opportunity_score":82.3,"province":"QC","households":380},"geometry":{"type":"Point","coordinates":[-68.24680874261317,48.49972032511501]}},{"type":"Feature","properties":{"h3_id":"882baa4d13fffff","market_class":"proven_market_no_pv","opportunity_score":58.7,"province":"QC","households":279},"geometry":{"type":"Point","coordinates":[-73.9045464838763,45.50832785469714]}},{"type":"Feature","properties":{"h3_id":"881b92a683fffff","market_class":"true_whitespace","opportunity_score":83.0,"province":"QC","households":366},"geometry":{"type":"Point","coordinates":[-60.66735863783247,50.21845924044095]}},{"type":"Feature","properties":{"h3_id":"882ba870ebfffff","market_class":"true_whitespace","opportunity_score":62.0,"province":"QC","households":432},"geometry":{"type":"Point","coordinates":[-71.85421293018348,45.36812996088966]}},{"type":"Feature","properties":{"h3_id":"882bac5225fffff","market_class":"proven_market_no_pv","opportunity_score":69.2,"province":"QC","households":325},"geometry":{"type":"Point","coordinates":[-71.11748531551582,46.82238203443654]}},{"type":"Feature","properties":{"h3_id":"881219844bfffff","market_class":"true_whitespace","opportunity_score":75.6,"province":"AB","households":408},"geometry":{"type":"Point","coordinates":[-117.73557533177642,56.148049356414425]}},{"type":"Feature","properties":{"h3_id":"881aa441b7fffff","market_class":"true_whitespace","opportunity_score":81.4,"province":"NL","households":450},"geometry":{"type":"Point","coordinates":[-53.75874501770495,48.65218795021996]}},{"type":"Feature","properties":{"h3_id":"880e4972d7fffff","market_class":"true_whitespace","opportunity_score":82.6,"province":"QC","households":358},"geometry":{"type":"Point","coordinates":[-68.19100733027794,49.21156992354064]}},{"type":"Feature","properties":{"h3_id":"882710a6edfffff","market_class":"true_whitespace","opportunity_score":80.3,"province":"MB","households":425},"geometry":{"type":"Point","coordinates":[-99.48785681258336,50.77506507494583]}},{"type":"Feature","properties":{"h3_id":"882b121113fffff","market_class":"true_whitespace","opportunity_score":82.0,"province":"QC","households":427},"geometry":{"type":"Point","coordinates":[-69.73024293948465,47.589231035982095]}},{"type":"Feature","properties":{"h3_id":"880e5b2981fffff","market_class":"true_whitespace","opportunity_score":82.5,"province":"QC","households":396},"geometry":{"type":"Point","coordinates":[-74.35391775185172,49.914521464745505]}},{"type":"Feature","properties":{"h3_id":"882b14cb35fffff","market_class":"true_whitespace","opportunity_score":82.3,"province":"QC","households":431},"geometry":{"type":"Point","coordinates":[-67.51515790405533,48.83887502297684]}},{"type":"Feature","properties":{"h3_id":"882b16693bfffff","market_class":"true_whitespace","opportunity_score":82.0,"province":"QC","households":437},"geometry":{"type":"Point","coordinates":[-69.7236549087819,48.150222742247585]}},{"type":"Feature","properties":{"h3_id":"8812d1329bfffff","market_class":"true_whitespace","opportunity_score":81.1,"province":"BC","households":368},"geometry":{"type":"Point","coordinates":[-118.66527096539704,50.21248487128159]}},{"type":"Feature","properties":{"h3_id":"8828d97469fffff","market_class":"true_whitespace","opportunity_score":81.7,"province":"BC","households":452},"geometry":{"type":"Point","coordinates":[-125.951141185591,50.37769709311201]}},{"type":"Feature","properties":{"h3_id":"882ba558e7fffff","market_class":"true_whitespace","opportunity_score":78.8,"province":"QC","households":418},"geometry":{"type":"Point","coordinates":[-71.35481790426192,48.67834533461717]}},{"type":"Feature","properties":{"h3_id":"882b9e24a5fffff","market_class":"true_whitespace","opportunity_score":70.4,"province":"ON","households":372},"geometry":{"type":"Point","coordinates":[-79.33064511712524,44.65932073105175]}},{"type":"Feature","properties":{"h3_id":"88129ba32dfffff","market_class":"true_whitespace","opportunity_score":82.5,"province":"BC","households":410},"geometry":{"type":"Point","coordinates":[-126.93077818180772,50.58614373497136]}},{"type":"Feature","properties":{"h3_id":"882b1250ddfffff","market_class":"true_whitespace","opportunity_score":76.9,"province":"QC","households":399},"geometry":{"type":"Point","coordinates":[-70.21648215371091,47.691420448587685]}},{"type":"Feature","properties":{"h3_id":"8827a54453fffff","market_class":"true_whitespace","opportunity_score":80.5,"province":"SK","households":374},"geometry":{"type":"Point","coordinates":[-103.85299019971313,50.90315398406774]}},{"type":"Feature","properties":{"h3_id":"882bae3ac9fffff","market_class":"true_whitespace","opportunity_score":78.1,"province":"QC","households":408},"geometry":{"type":"Point","coordinates":[-72.2217246941089,46.232649333705666]}},{"type":"Feature","properties":{"h3_id":"882baac8b5fffff","market_class":"proven_market_no_pv","opportunity_score":65.2,"province":"QC","households":338},"geometry":{"type":"Point","coordinates":[-73.51418739971899,45.85968107367317]}},{"type":"Feature","properties":{"h3_id":"882baacf37fffff","market_class":"proven_market_no_pv","opportunity_score":57.9,"province":"QC","households":384},"geometry":{"type":"Point","coordinates":[-73.42732694780815,45.833430207722785]}},{"type":"Feature","properties":{"h3_id":"882bac5011fffff","market_class":"proven_market_no_pv","opportunity_score":62.8,"province":"QC","households":359},"geometry":{"type":"Point","coordinates":[-71.12380887915094,46.7605565988931]}},{"type":"Feature","properties":{"h3_id":"882ba8298dfffff","market_class":"true_whitespace","opportunity_score":80.6,"province":"QC","households":378},"geometry":{"type":"Point","coordinates":[-71.7056777924547,45.108220538410485]}},{"type":"Feature","properties":{"h3_id":"882702ab09fffff","market_class":"true_whitespace","opportunity_score":78.2,"province":"MB","households":401},"geometry":{"type":"Point","coordinates":[-96.98659157618371,50.546276327146934]}},{"type":"Feature","properties":{"h3_id":"880e4da98dfffff","market_class":"true_whitespace","opportunity_score":82.7,"province":"QC","households":337},"geometry":{"type":"Point","coordinates":[-66.62416350903986,50.13444299610659]}},{"type":"Feature","properties":{"h3_id":"882b806a1bfffff","market_class":"true_whitespace","opportunity_score":80.1,"province":"QC","households":429},"geometry":{"type":"Point","coordinates":[-76.24917611653463,46.140449609886424]}},{"type":"Feature","properties":{"h3_id":"8827b1b84dfffff","market_class":"true_whitespace","opportunity_score":81.2,"province":"SK","households":402},"geometry":{"type":"Point","coordinates":[-107.49270255470627,49.746750413098454]}},{"type":"Feature","properties":{"h3_id":"882baacf21fffff","market_class":"proven_market_no_pv","opportunity_score":61.6,"province":"QC","households":326},"geometry":{"type":"Point","coordinates":[-73.43522290880931,45.858409361996884]}},{"type":"Feature","properties":{"h3_id":"882ba124c1fffff","market_class":"proven_market_no_pv","opportunity_score":57.6,"province":"QC","households":316},"geometry":{"type":"Point","coordinates":[-71.22358973116853,46.87878267746085]}},{"type":"Feature","properties":{"h3_id":"882bae14b5fffff","market_class":"true_whitespace","opportunity_score":79.4,"province":"QC","households":403},"geometry":{"type":"Point","coordinates":[-72.10834996002103,46.42680247136878]}},{"type":"Feature","properties":{"h3_id":"8812ec06ebfffff","market_class":"true_whitespace","opportunity_score":79.1,"province":"AB","households":366},"geometry":{"type":"Point","coordinates":[-112.43864716897194,53.29695369017201]}},{"type":"Feature","properties":{"h3_id":"882b949235fffff","market_class":"true_whitespace","opportunity_score":78.7,"province":"QC","households":417},"geometry":{"type":"Point","coordinates":[-78.69025477186997,48.66133759739199]}},{"type":"Feature","properties":{"h3_id":"882b81a531fffff","market_class":"proven_market_no_pv","opportunity_score":63.0,"province":"QC","households":314},"geometry":{"type":"Point","coordinates":[-74.16060637023614,45.23784684376357]}},{"type":"Feature","properties":{"h3_id":"8812d018d9fffff","market_class":"true_whitespace","opportunity_score":77.0,"province":"BC","households":404},"geometry":{"type":"Point","coordinates":[-120.84950770794732,50.75116601268555]}},{"type":"Feature","properties":{"h3_id":"882702a9d7fffff","market_class":"true_whitespace","opportunity_score":75.0,"province":"MB","households":387},"geometry":{"type":"Point","coordinates":[-96.95792438460066,50.43420933117406]}},{"type":"Feature","properties":{"h3_id":"881258c55bfffff","market_class":"true_whitespace","opportunity_score":76.3,"province":"SK","households":441},"geometry":{"type":"Point","coordinates":[-108.33292056196555,53.07986408696051]}},{"type":"Feature","properties":{"h3_id":"882ba864adfffff","market_class":"true_whitespace","opportunity_score":80.2,"province":"QC","households":358},"geometry":{"type":"Point","coordinates":[-71.886549748771,45.087911690203995]}},{"type":"Feature","properties":{"h3_id":"882ba81415fffff","market_class":"true_whitespace","opportunity_score":80.0,"province":"QC","households":421},"geometry":{"type":"Point","coordinates":[-71.27979947027221,45.53090598241531]}},{"type":"Feature","properties":{"h3_id":"882bac88d9fffff","market_class":"true_whitespace","opportunity_score":81.5,"province":"QC","households":435},"geometry":{"type":"Point","coordinates":[-70.36594734562641,46.722982175706285]}},{"type":"Feature","properties":{"h3_id":"882b806261fffff","market_class":"true_whitespace","opportunity_score":75.7,"province":"QC","households":408},"geometry":{"type":"Point","coordinates":[-76.0629326923836,46.19047078272729]}},{"type":"Feature","properties":{"h3_id":"882b12571dfffff","market_class":"true_whitespace","opportunity_score":74.2,"province":"QC","households":416},"geometry":{"type":"Point","coordinates":[-70.14876309137018,47.65108734207866]}},{"type":"Feature","properties":{"h3_id":"882ab48f4dfffff","market_class":"proven_market_no_pv","opportunity_score":57.2,"province":"ON","households":274},"geometry":{"type":"Point","coordinates":[-80.57590292049697,43.48482988582259]}},{"type":"Feature","properties":{"h3_id":"882b01baa7fffff","market_class":"true_whitespace","opportunity_score":79.4,"province":"NS","households":407},"geometry":{"type":"Point","coordinates":[-62.9931373766254,45.22471500252549]}},{"type":"Feature","properties":{"h3_id":"882baa512bfffff","market_class":"proven_market_no_pv","opportunity_score":61.8,"province":"QC","households":302},"geometry":{"type":"Point","coordinates":[-73.72295282815934,45.810719969322484]}},{"type":"Feature","properties":{"h3_id":"882ba5ae67fffff","market_class":"true_whitespace","opportunity_score":81.6,"province":"QC","households":418},"geometry":{"type":"Point","coordinates":[-70.07727394835076,48.21173850083352]}},{"type":"Feature","properties":{"h3_id":"882bacd747fffff","market_class":"true_whitespace","opportunity_score":81.3,"province":"QC","households":381},"geometry":{"type":"Point","coordinates":[-70.5458732609586,46.98862382907451]}},{"type":"Feature","properties":{"h3_id":"882b124357fffff","market_class":"true_whitespace","opportunity_score":76.4,"province":"QC","households":349},"geometry":{"type":"Point","coordinates":[-70.3818506688579,47.65903536693]}},{"type":"Feature","properties":{"h3_id":"882b0a42c5fffff","market_class":"true_whitespace","opportunity_score":75.4,"province":"NS","households":333},"geometry":{"type":"Point","coordinates":[-65.79766889029234,43.671626504932284]}},{"type":"Feature","properties":{"h3_id":"882bac6c4dfffff","market_class":"true_whitespace","opportunity_score":79.7,"province":"QC","households":382},"geometry":{"type":"Point","coordinates":[-71.25856585296052,46.12176075427009]}},{"type":"Feature","properties":{"h3_id":"882bacca61fffff","market_class":"true_whitespace","opportunity_score":77.1,"province":"QC","households":366},"geometry":{"type":"Point","coordinates":[-70.96458657659682,46.9767098357808]}},{"type":"Feature","properties":{"h3_id":"882b814509fffff","market_class":"true_whitespace","opportunity_score":65.0,"province":"ON","households":269},"geometry":{"type":"Point","coordinates":[-75.31045011015014,45.50045205785737]}},{"type":"Feature","properties":{"h3_id":"8812dd78a5fffff","market_class":"true_whitespace","opportunity_score":81.6,"province":"BC","households":419},"geometry":{"type":"Point","coordinates":[-116.51128780722328,49.097691523525825]}},{"type":"Feature","properties":{"h3_id":"882baa41c9fffff","market_class":"proven_market_no_pv","opportunity_score":54.1,"province":"QC","households":297},"geometry":{"type":"Point","coordinates":[-73.76936667035706,45.64232849900638]}},{"type":"Feature","properties":{"h3_id":"882702393dfffff","market_class":"true_whitespace","opportunity_score":77.8,"province":"MB","households":355},"geometry":{"type":"Point","coordinates":[-97.31815408840214,50.258940325251295]}},{"type":"Feature","properties":{"h3_id":"882b8525ddfffff","market_class":"true_whitespace","opportunity_score":73.1,"province":"QC","households":359},"geometry":{"type":"Point","coordinates":[-73.7739843507079,45.898991499055796]}},{"type":"Feature","properties":{"h3_id":"882b2eb06bfffff","market_class":"true_whitespace","opportunity_score":69.6,"province":"NS","households":355},"geometry":{"type":"Point","coordinates":[-60.215173172203926,45.981680586724636]}},{"type":"Feature","properties":{"h3_id":"882b81d507fffff","market_class":"true_whitespace","opportunity_score":79.3,"province":"QC","households":454},"geometry":{"type":"Point","coordinates":[-74.77177496012848,45.917589646688604]}},{"type":"Feature","properties":{"h3_id":"882b81d827fffff","market_class":"true_whitespace","opportunity_score":81.1,"province":"QC","households":375},"geometry":{"type":"Point","coordinates":[-75.0811206359349,46.02529212725192]}},{"type":"Feature","properties":{"h3_id":"882bac62e1fffff","market_class":"true_whitespace","opportunity_score":79.8,"province":"QC","households":399},"geometry":{"type":"Point","coordinates":[-71.08555587520016,46.23061816745743]}},{"type":"Feature","properties":{"h3_id":"882ba878d3fffff","market_class":"true_whitespace","opportunity_score":67.5,"province":"QC","households":362},"geometry":{"type":"Point","coordinates":[-72.04555810283097,45.34194113009309]}},{"type":"Feature","properties":{"h3_id":"882ba852b7fffff","market_class":"true_whitespace","opportunity_score":77.2,"province":"QC","households":420},"geometry":{"type":"Point","coordinates":[-71.92301951367887,45.77386364737066]}},{"type":"Feature","properties":{"h3_id":"882bb3590dfffff","market_class":"true_whitespace","opportunity_score":78.8,"province":"QC","households":343},"geometry":{"type":"Point","coordinates":[-78.42905697916902,48.542485420756876]}},{"type":"Feature","properties":{"h3_id":"8827a39b4dfffff","market_class":"true_whitespace","opportunity_score":81.4,"province":"SK","households":356},"geometry":{"type":"Point","coordinates":[-105.06159975867895,50.014040733859545]}},{"type":"Feature","properties":{"h3_id":"88138290a1fffff","market_class":"true_whitespace","opportunity_score":82.6,"province":"YT","households":365},"geometry":{"type":"Point","coordinates":[-134.31316252907402,60.509481176089636]}},{"type":"Feature","properties":{"h3_id":"882b1cc747fffff","market_class":"true_whitespace","opportunity_score":69.4,"province":"NB","households":344},"geometry":{"type":"Point","coordinates":[-66.63103171725162,45.798931751912136]}},{"type":"Feature","properties":{"h3_id":"8828de16d7fffff","market_class":"true_whitespace","opportunity_score":62.3,"province":"BC","households":271},"geometry":{"type":"Point","coordinates":[-123.26641920776427,49.349583988132984]}},{"type":"Feature","properties":{"h3_id":"881386700bfffff","market_class":"true_whitespace","opportunity_score":82.6,"province":"YT","households":331},"geometry":{"type":"Point","coordinates":[-135.06520770273548,60.726777581879446]}},{"type":"Feature","properties":{"h3_id":"882713c9e1fffff","market_class":"true_whitespace","opportunity_score":81.1,"province":"MB","households":355},"geometry":{"type":"Point","coordinates":[-101.24006670837771,49.973350924744956]}},{"type":"Feature","properties":{"h3_id":"882b31515dfffff","market_class":"true_whitespace","opportunity_score":82.3,"province":"QC","households":455},"geometry":{"type":"Point","coordinates":[-64.21913374130902,48.52447195569033]}},{"type":"Feature","properties":{"h3_id":"880e4db883fffff","market_class":"true_whitespace","opportunity_score":82.5,"province":"QC","households":349},"geometry":{"type":"Point","coordinates":[-66.38552717672586,50.22770470971343]}},{"type":"Feature","properties":{"h3_id":"88125255edfffff","market_class":"true_whitespace","opportunity_score":79.9,"province":"AB","households":371},"geometry":{"type":"Point","coordinates":[-113.45641165112063,54.37323361880152]}},{"type":"Feature","properties":{"h3_id":"8812d528c5fffff","market_class":"true_whitespace","opportunity_score":81.6,"province":"BC","households":384},"geometry":{"type":"Point","coordinates":[-119.19303496681603,50.97266158635332]}},{"type":"Feature","properties":{"h3_id":"882baacab9fffff","market_class":"true_whitespace","opportunity_score":66.7,"province":"QC","households":289},"geometry":{"type":"Point","coordinates":[-73.42695068805551,45.90325213412867]}},{"type":"Feature","properties":{"h3_id":"882b81ce63fffff","market_class":"true_whitespace","opportunity_score":79.2,"province":"QC","households":404},"geometry":{"type":"Point","coordinates":[-74.97121606790391,45.81065764673498]}},{"type":"Feature","properties":{"h3_id":"882baea82bfffff","market_class":"true_whitespace","opportunity_score":76.9,"province":"QC","households":411},"geometry":{"type":"Point","coordinates":[-71.9997119344454,46.36304608399934]}},{"type":"Feature","properties":{"h3_id":"8827236cd5fffff","market_class":"true_whitespace","opportunity_score":82.6,"province":"ON","households":374},"geometry":{"type":"Point","coordinates":[-93.99332270546006,51.80294757239992]}},{"type":"Feature","properties":{"h3_id":"882b33a36bfffff","market_class":"true_whitespace","opportunity_score":82.2,"province":"QC","households":433},"geometry":{"type":"Point","coordinates":[-64.86039068350279,48.193591038105495]}},{"type":"Feature","properties":{"h3_id":"882b8054d5fffff","market_class":"true_whitespace","opportunity_score":69.6,"province":"QC","households":423},"geometry":{"type":"Point","coordinates":[-75.9827911705204,46.491769224134664]}},{"type":"Feature","properties":{"h3_id":"882ba0b837fffff","market_class":"true_whitespace","opportunity_score":77.0,"province":"QC","households":349},"geometry":{"type":"Point","coordinates":[-71.87353322376005,48.41816083046727]}},{"type":"Feature","properties":{"h3_id":"882baad0c3fffff","market_class":"proven_market_no_pv","opportunity_score":60.0,"province":"QC","households":382},"geometry":{"type":"Point","coordinates":[-73.11859797121272,46.03159447124972]}},{"type":"Feature","properties":{"h3_id":"882baacd69fffff","market_class":"proven_market_no_pv","opportunity_score":62.6,"province":"QC","households":332},"geometry":{"type":"Point","coordinates":[-73.47543929299626,45.84368032984795]}},{"type":"Feature","properties":{"h3_id":"882b98aa11fffff","market_class":"proven_market_no_pv","opportunity_score":64.4,"province":"ON","households":303},"geometry":{"type":"Point","coordinates":[-78.24905166577376,44.263212259111086]}},{"type":"Feature","properties":{"h3_id":"882b9c26c1fffff","market_class":"true_whitespace","opportunity_score":77.8,"province":"ON","households":421},"geometry":{"type":"Point","coordinates":[-77.61889335130186,44.824134877221134]}},{"type":"Feature","properties":{"h3_id":"882ba8a287fffff","market_class":"true_whitespace","opportunity_score":81.4,"province":"QC","households":404},"geometry":{"type":"Point","coordinates":[-70.86722639882275,45.385904061614866]}},{"type":"Feature","properties":{"h3_id":"882baa5445fffff","market_class":"proven_market_no_pv","opportunity_score":55.2,"province":"QC","households":362},"geometry":{"type":"Point","coordinates":[-73.49212111489382,45.68432310627823]}},{"type":"Feature","properties":{"h3_id":"88138670e1fffff","market_class":"true_whitespace","opportunity_score":82.6,"province":"YT","households":285},"geometry":{"type":"Point","coordinates":[-135.0181040505633,60.70058946245708]}},{"type":"Feature","properties":{"h3_id":"882ba57217fffff","market_class":"proven_market_no_pv","opportunity_score":65.3,"province":"QC","households":292},"geometry":{"type":"Point","coordinates":[-70.90206339585471,48.31803823630826]}},{"type":"Feature","properties":{"h3_id":"882baaad9dfffff","market_class":"true_whitespace","opportunity_score":71.2,"province":"QC","households":379},"geometry":{"type":"Point","coordinates":[-72.72633663344132,45.21570896365522]}},{"type":"Feature","properties":{"h3_id":"882ba16db1fffff","market_class":"true_whitespace","opportunity_score":77.2,"province":"QC","households":413},"geometry":{"type":"Point","coordinates":[-72.18136327031212,46.994039463095405]}},{"type":"Feature","properties":{"h3_id":"882b81a895fffff","market_class":"true_whitespace","opportunity_score":75.9,"province":"QC","households":387},"geometry":{"type":"Point","coordinates":[-74.3899869041864,45.29287508331828]}},{"type":"Feature","properties":{"h3_id":"880e4970ebfffff","market_class":"true_whitespace","opportunity_score":82.2,"province":"QC","households":319},"geometry":{"type":"Point","coordinates":[-68.29513220890811,49.197337513810034]}},{"type":"Feature","properties":{"h3_id":"881aa4c09dfffff","market_class":"true_whitespace","opportunity_score":81.8,"province":"NL","households":418},"geometry":{"type":"Point","coordinates":[-53.600642899560974,49.12207181772825]}},{"type":"Feature","properties":{"h3_id":"882b94ab35fffff","market_class":"true_whitespace","opportunity_score":76.9,"province":"QC","households":354},"geometry":{"type":"Point","coordinates":[-78.94185939373342,48.10321162094573]}},{"type":"Feature","properties":{"h3_id":"8812d0aa37fffff","market_class":"true_whitespace","opportunity_score":63.3,"province":"BC","households":298},"geometry":{"type":"Point","coordinates":[-120.33181204980521,50.77300033448565]}},{"type":"Feature","properties":{"h3_id":"882b83cc19fffff","market_class":"true_whitespace","opportunity_score":76.8,"province":"QC","households":383},"geometry":{"type":"Point","coordinates":[-76.62734140457898,45.680701671891974]}},{"type":"Feature","properties":{"h3_id":"882baa0567fffff","market_class":"true_whitespace","opportunity_score":63.0,"province":"QC","households":291},"geometry":{"type":"Point","coordinates":[-73.13392321031331,45.429061296443464]}},{"type":"Feature","properties":{"h3_id":"88271cd753fffff","market_class":"true_whitespace","opportunity_score":76.3,"province":"MB","households":346},"geometry":{"type":"Point","coordinates":[-97.75261558727095,49.903184542765146]}},{"type":"Feature","properties":{"h3_id":"882b9d6737fffff","market_class":"true_whitespace","opportunity_score":69.7,"province":"ON","households":321},"geometry":{"type":"Point","coordinates":[-77.43857088135097,44.05409831822908]}},{"type":"Feature","properties":{"h3_id":"8812c218cbfffff","market_class":"true_whitespace","opportunity_score":80.9,"province":"BC","households":305},"geometry":{"type":"Point","coordinates":[-118.1711377482479,50.977689717147065]}},{"type":"Feature","properties":{"h3_id":"8812086c45fffff","market_class":"true_whitespace","opportunity_score":81.8,"province":"AB","households":390},"geometry":{"type":"Point","coordinates":[-115.29150701342175,56.548753790899674]}},{"type":"Feature","properties":{"h3_id":"8827159a57fffff","market_class":"true_whitespace","opportunity_score":81.9,"province":"MB","households":381},"geometry":{"type":"Point","coordinates":[-98.63241408800478,51.773689246277236]}},{"type":"Feature","properties":{"h3_id":"8827a0a2c5fffff","market_class":"true_whitespace","opportunity_score":76.8,"province":"SK","households":305},"geometry":{"type":"Point","coordinates":[-104.25700365817157,50.63696686284965]}},{"type":"Feature","properties":{"h3_id":"882b9a58adfffff","market_class":"true_whitespace","opportunity_score":75.1,"province":"ON","households":345},"geometry":{"type":"Point","coordinates":[-80.9924346967645,44.397617382196515]}},{"type":"Feature","properties":{"h3_id":"882ba0d46bfffff","market_class":"true_whitespace","opportunity_score":80.2,"province":"QC","households":427},"geometry":{"type":"Point","coordinates":[-72.22385853486868,48.87876829942494]}},{"type":"Feature","properties":{"h3_id":"881aa2af21fffff","market_class":"true_whitespace","opportunity_score":80.6,"province":"NL","households":375},"geometry":{"type":"Point","coordinates":[-53.47198498938227,47.15620764181107]}},{"type":"Feature","properties":{"h3_id":"882b0348c5fffff","market_class":"true_whitespace","opportunity_score":70.5,"province":"NB","households":330},"geometry":{"type":"Point","coordinates":[-65.82772415590028,45.51922501435237]}},{"type":"Feature","properties":{"h3_id":"882bac6c0dfffff","market_class":"true_whitespace","opportunity_score":79.6,"province":"QC","households":379},"geometry":{"type":"Point","coordinates":[-71.27575295725741,46.102203186192924]}},{"type":"Feature","properties":{"h3_id":"88271e1885fffff","market_class":"true_whitespace","opportunity_score":81.5,"province":"MB","households":353},"geometry":{"type":"Point","coordinates":[-99.33933390040039,49.093494486930055]}},{"type":"Feature","properties":{"h3_id":"882b16d52dfffff","market_class":"true_whitespace","opportunity_score":82.0,"province":"QC","households":413},"geometry":{"type":"Point","coordinates":[-68.84067846361619,48.862497187827344]}},{"type":"Feature","properties":{"h3_id":"8812ddb95dfffff","market_class":"true_whitespace","opportunity_score":72.7,"province":"BC","households":343},"geometry":{"type":"Point","coordinates":[-115.95101616147939,49.63316533691714]}},{"type":"Feature","properties":{"h3_id":"882bac6c6bfffff","market_class":"true_whitespace","opportunity_score":79.7,"province":"QC","households":458},"geometry":{"type":"Point","coordinates":[-71.2779872076519,46.11058591983956]}},{"type":"Feature","properties":{"h3_id":"8812196eb3fffff","market_class":"true_whitespace","opportunity_score":78.4,"province":"AB","households":347},"geometry":{"type":"Point","coordinates":[-118.02133589800921,55.220593216508306]}},{"type":"Feature","properties":{"h3_id":"882ba849b7fffff","market_class":"true_whitespace","opportunity_score":77.3,"province":"QC","households":366},"geometry":{"type":"Point","coordinates":[-72.42261699154984,45.613877674019655]}},{"type":"Feature","properties":{"h3_id":"881b9a9639fffff","market_class":"true_whitespace","opportunity_score":78.7,"province":"NL","households":340},"geometry":{"type":"Point","coordinates":[-57.42324925486806,49.168747852866005]}},{"type":"Feature","properties":{"h3_id":"882b168cc7fffff","market_class":"true_whitespace","opportunity_score":74.4,"province":"QC","households":310},"geometry":{"type":"Point","coordinates":[-68.46923303293566,48.50000104547758]}},{"type":"Feature","properties":{"h3_id":"8812cc99e3fffff","market_class":"proven_market_no_pv","opportunity_score":59.6,"province":"AB","households":278},"geometry":{"type":"Point","coordinates":[-113.84213761752079,51.02181507911992]}},{"type":"Feature","properties":{"h3_id":"881aa078c7fffff","market_class":"true_whitespace","opportunity_score":72.7,"province":"NL","households":318},"geometry":{"type":"Point","coordinates":[-53.03266289015393,47.49316752031428]}},{"type":"Feature","properties":{"h3_id":"8828d891e1fffff","market_class":"true_whitespace","opportunity_score":70.2,"province":"BC","households":375},"geometry":{"type":"Point","coordinates":[-124.46281088830179,49.34682457477055]}},{"type":"Feature","properties":{"h3_id":"882baa9449fffff","market_class":"true_whitespace","opportunity_score":65.3,"province":"QC","households":319},"geometry":{"type":"Point","coordinates":[-72.42163187296099,45.83961481913414]}},{"type":"Feature","properties":{"h3_id":"882babd601fffff","market_class":"true_whitespace","opportunity_score":80.1,"province":"QC","households":383},"geometry":{"type":"Point","coordinates":[-72.14706318238325,45.0390057209984]}},{"type":"Feature","properties":{"h3_id":"882b9a2b41fffff","market_class":"true_whitespace","opportunity_score":73.5,"province":"ON","households":301},"geometry":{"type":"Point","coordinates":[-80.31270186558503,43.903215911649475]}},{"type":"Feature","properties":{"h3_id":"880e4db837fffff","market_class":"true_whitespace","opportunity_score":82.4,"province":"QC","households":332},"geometry":{"type":"Point","coordinates":[-66.42924919912176,50.27286272045307]}},{"type":"Feature","properties":{"h3_id":"8827122c99fffff","market_class":"true_whitespace","opportunity_score":81.6,"province":"SK","households":358},"geometry":{"type":"Point","coordinates":[-101.52664555364294,49.8345076108361]}},{"type":"Feature","properties":{"h3_id":"882b9b6b17fffff","market_class":"true_whitespace","opportunity_score":67.9,"province":"ON","households":362},"geometry":{"type":"Point","coordinates":[-79.95350465410951,43.07962791831455]}},{"type":"Feature","properties":{"h3_id":"882ba8826bfffff","market_class":"true_whitespace","opportunity_score":81.4,"province":"QC","households":417},"geometry":{"type":"Point","coordinates":[-70.9818882267794,45.87575785439121]}},{"type":"Feature","properties":{"h3_id":"8827b2c615fffff","market_class":"true_whitespace","opportunity_score":75.2,"province":"AB","households":314},"geometry":{"type":"Point","coordinates":[-110.91496647162292,49.87371979888967]}},{"type":"Feature","properties":{"h3_id":"88125edb57fffff","market_class":"true_whitespace","opportunity_score":80.1,"province":"AB","households":370},"geometry":{"type":"Point","coordinates":[-110.40330137758252,53.83022420199791]}},{"type":"Feature","properties":{"h3_id":"882bae709dfffff","market_class":"proven_market_no_pv","opportunity_score":62.1,"province":"QC","households":296},"geometry":{"type":"Point","coordinates":[-72.65605877182809,46.289928534069695]}},{"type":"Feature","properties":{"h3_id":"882b120053fffff","market_class":"true_whitespace","opportunity_score":81.7,"province":"QC","households":358},"geometry":{"type":"Point","coordinates":[-69.75523349002671,47.45111984355773]}},{"type":"Feature","properties":{"h3_id":"882ba0d401fffff","market_class":"true_whitespace","opportunity_score":80.0,"province":"QC","households":369},"geometry":{"type":"Point","coordinates":[-72.21870841410433,48.86164642589926]}},{"type":"Feature","properties":{"h3_id":"8828d370a7fffff","market_class":"true_whitespace","opportunity_score":78.6,"province":"BC","households":423},"geometry":{"type":"Point","coordinates":[-121.42284372381506,49.376381477539695]}},{"type":"Feature","properties":{"h3_id":"882b002905fffff","market_class":"true_whitespace","opportunity_score":69.8,"province":"NB","households":361},"geometry":{"type":"Point","coordinates":[-64.37777748493937,45.907613585659746]}},{"type":"Feature","properties":{"h3_id":"88125d0105fffff","market_class":"true_whitespace","opportunity_score":79.8,"province":"SK","households":424},"geometry":{"type":"Point","coordinates":[-106.60370285315072,53.356035634563696]}},{"type":"Feature","properties":{"h3_id":"882ab60461fffff","market_class":"true_whitespace","opportunity_score":61.7,"province":"ON","households":322},"geometry":{"type":"Point","coordinates":[-82.27284726002264,42.99551184417486]}},{"type":"Feature","properties":{"h3_id":"8812e69801fffff","market_class":"true_whitespace","opportunity_score":79.6,"province":"AB","households":340},"geometry":{"type":"Point","coordinates":[-117.8846381361251,55.17068882692363]}},{"type":"Feature","properties":{"h3_id":"8812eb28a5fffff","market_class":"true_whitespace","opportunity_score":74.7,"province":"AB","households":374},"geometry":{"type":"Point","coordinates":[-112.08469888483776,50.75439596539856]}},{"type":"Feature","properties":{"h3_id":"880ec9b6a1fffff","market_class":"true_whitespace","opportunity_score":76.2,"province":"QC","households":372},"geometry":{"type":"Point","coordinates":[-79.36298743841886,48.99713094783475]}},{"type":"Feature","properties":{"h3_id":"882baa3665fffff","market_class":"true_whitespace","opportunity_score":73.2,"province":"QC","households":422},"geometry":{"type":"Point","coordinates":[-72.7519055842383,45.19040559095176]}},{"type":"Feature","properties":{"h3_id":"8812ddb94bfffff","market_class":"true_whitespace","opportunity_score":72.4,"province":"BC","households":309},"geometry":{"type":"Point","coordinates":[-115.960396833186,49.638825961350754]}},{"type":"Feature","properties":{"h3_id":"882ba8654dfffff","market_class":"true_whitespace","opportunity_score":78.5,"province":"QC","households":305},"geometry":{"type":"Point","coordinates":[-71.93537305203611,45.184573499416835]}},{"type":"Feature","properties":{"h3_id":"882bacd4e5fffff","market_class":"true_whitespace","opportunity_score":81.4,"province":"QC","households":349},"geometry":{"type":"Point","coordinates":[-70.55232964722218,46.878950986891034]}},{"type":"Feature","properties":{"h3_id":"882baa4417fffff","market_class":"proven_market_no_pv","opportunity_score":54.6,"province":"QC","households":367},"geometry":{"type":"Point","coordinates":[-73.60039338706815,45.4982904778961]}},{"type":"Feature","properties":{"h3_id":"882baca9a3fffff","market_class":"true_whitespace","opportunity_score":80.8,"province":"QC","households":350},"geometry":{"type":"Point","coordinates":[-70.4232782979118,46.31700659820968]}},{"type":"Feature","properties":{"h3_id":"882b935349fffff","market_class":"true_whitespace","opportunity_score":70.9,"province":"ON","households":303},"geometry":{"type":"Point","coordinates":[-81.14086068284658,46.44422710442204]}},{"type":"Feature","properties":{"h3_id":"8812e4a899fffff","market_class":"true_whitespace","opportunity_score":79.5,"province":"AB","households":380},"geometry":{"type":"Point","coordinates":[-115.7844709891467,55.34631928921681]}},{"type":"Feature","properties":{"h3_id":"8812c851e9fffff","market_class":"true_whitespace","opportunity_score":81.1,"province":"AB","households":398},"geometry":{"type":"Point","coordinates":[-114.16180695871185,49.5874551862363]}},{"type":"Feature","properties":{"h3_id":"882ba09163fffff","market_class":"true_whitespace","opportunity_score":80.0,"province":"QC","households":394},"geometry":{"type":"Point","coordinates":[-71.82179580610287,48.89495534043663]}},{"type":"Feature","properties":{"h3_id":"882b908519fffff","market_class":"true_whitespace","opportunity_score":79.8,"province":"QC","households":358},"geometry":{"type":"Point","coordinates":[-79.44330380470964,47.3326502615891]}},{"type":"Feature","properties":{"h3_id":"882b9d8e6bfffff","market_class":"true_whitespace","opportunity_score":78.9,"province":"ON","households":336},"geometry":{"type":"Point","coordinates":[-76.71957093112445,44.65487377842709]}},{"type":"Feature","properties":{"h3_id":"882ba8a9edfffff","market_class":"true_whitespace","opportunity_score":79.9,"province":"QC","households":398},"geometry":{"type":"Point","coordinates":[-71.25636071069269,45.400358596084445]}},{"type":"Feature","properties":{"h3_id":"881b98ac41fffff","market_class":"true_whitespace","opportunity_score":81.4,"province":"NL","households":422},"geometry":{"type":"Point","coordinates":[-55.8183603799139,49.492253722457214]}},{"type":"Feature","properties":{"h3_id":"8812d0a64dfffff","market_class":"true_whitespace","opportunity_score":79.2,"province":"BC","households":338},"geometry":{"type":"Point","coordinates":[-119.9729613406248,50.86141799202387]}},{"type":"Feature","properties":{"h3_id":"8812ccca6dfffff","market_class":"true_whitespace","opportunity_score":76.6,"province":"AB","households":254},"geometry":{"type":"Point","coordinates":[-114.38798254222361,50.89536827665792]}},{"type":"Feature","properties":{"h3_id":"882bac4067fffff","market_class":"true_whitespace","opportunity_score":61.0,"province":"QC","households":316},"geometry":{"type":"Point","coordinates":[-71.28899968851867,46.65680124151219]}},{"type":"Feature","properties":{"h3_id":"8827a6ac39fffff","market_class":"true_whitespace","opportunity_score":80.3,"province":"SK","households":341},"geometry":{"type":"Point","coordinates":[-105.82040554246709,51.04883794350577]}},{"type":"Feature","properties":{"h3_id":"882b81a31bfffff","market_class":"proven_market_no_pv","opportunity_score":64.6,"province":"QC","households":250},"geometry":{"type":"Point","coordinates":[-74.17311966146468,45.40990527668188]}},{"type":"Feature","properties":{"h3_id":"880e6cc99dfffff","market_class":"true_whitespace","opportunity_score":82.4,"province":"NL","households":265},"geometry":{"type":"Point","coordinates":[-64.01635474323983,53.53616793382572]}},{"type":"Feature","properties":{"h3_id":"882784b69dfffff","market_class":"true_whitespace","opportunity_score":81.6,"province":"SK","households":330},"geometry":{"type":"Point","coordinates":[-105.52252056455255,49.11704050359224]}},{"type":"Feature","properties":{"h3_id":"882b9eb0d5fffff","market_class":"true_whitespace","opportunity_score":76.6,"province":"ON","households":349},"geometry":{"type":"Point","coordinates":[-78.89240487172889,45.2356950708853]}},{"type":"Feature","properties":{"h3_id":"882b168663fffff","market_class":"true_whitespace","opportunity_score":81.6,"province":"QC","households":391},"geometry":{"type":"Point","coordinates":[-68.18289927246092,48.58903131671902]}},{"type":"Feature","properties":{"h3_id":"881aa4670bfffff","market_class":"true_whitespace","opportunity_score":81.4,"province":"NL","households":396},"geometry":{"type":"Point","coordinates":[-53.0787481493323,48.51584591983717]}},{"type":"Feature","properties":{"h3_id":"882ba12085fffff","market_class":"true_whitespace","opportunity_score":66.3,"province":"QC","households":271},"geometry":{"type":"Point","coordinates":[-71.37040126123102,46.99987216241994]}},{"type":"Feature","properties":{"h3_id":"882bac1907fffff","market_class":"true_whitespace","opportunity_score":77.4,"province":"QC","households":357},"geometry":{"type":"Point","coordinates":[-70.880938464319,46.65595024732673]}},{"type":"Feature","properties":{"h3_id":"881aa078d1fffff","market_class":"true_whitespace","opportunity_score":69.5,"province":"NL","households":307},"geometry":{"type":"Point","coordinates":[-52.99973672467494,47.496227440520954]}},{"type":"Feature","properties":{"h3_id":"882702c969fffff","market_class":"true_whitespace","opportunity_score":81.4,"province":"MB","households":364},"geometry":{"type":"Point","coordinates":[-98.09596341061204,50.86114529381944]}},{"type":"Feature","properties":{"h3_id":"882ba5440bfffff","market_class":"proven_market_no_pv","opportunity_score":60.8,"province":"QC","households":319},"geometry":{"type":"Point","coordinates":[-71.08831149769404,48.44117396196639]}},{"type":"Feature","properties":{"h3_id":"8828d9873dfffff","market_class":"true_whitespace","opportunity_score":81.4,"province":"BC","households":392},"geometry":{"type":"Point","coordinates":[-126.04894925331875,49.77959462637501]}},{"type":"Feature","properties":{"h3_id":"882baa393dfffff","market_class":"true_whitespace","opportunity_score":64.6,"province":"QC","households":283},"geometry":{"type":"Point","coordinates":[-73.2388584881693,45.26611112958348]}},{"type":"Feature","properties":{"h3_id":"88271e904dfffff","market_class":"true_whitespace","opportunity_score":80.4,"province":"MB","households":349},"geometry":{"type":"Point","coordinates":[-98.88147351620778,49.60022858631134]}},{"type":"Feature","properties":{"h3_id":"8812de3953fffff","market_class":"true_whitespace","opportunity_score":77.4,"province":"BC","households":387},"geometry":{"type":"Point","coordinates":[-118.67149048710222,49.08976571579161]}},{"type":"Feature","properties":{"h3_id":"882bae195dfffff","market_class":"true_whitespace","opportunity_score":78.3,"province":"QC","households":374},"geometry":{"type":"Point","coordinates":[-72.50710730318984,46.664763216445465]}},{"type":"Feature","properties":{"h3_id":"882baa761bfffff","market_class":"true_whitespace","opportunity_score":64.4,"province":"QC","households":298},"geometry":{"type":"Point","coordinates":[-73.27444582776795,45.273809698843586]}},{"type":"Feature","properties":{"h3_id":"882b15da59fffff","market_class":"true_whitespace","opportunity_score":74.2,"province":"NB","households":342},"geometry":{"type":"Point","coordinates":[-66.46981879108547,47.965299345563515]}},{"type":"Feature","properties":{"h3_id":"882ba3b9b9fffff","market_class":"true_whitespace","opportunity_score":81.4,"province":"QC","households":328},"geometry":{"type":"Point","coordinates":[-72.77817473872277,47.40887157914788]}},{"type":"Feature","properties":{"h3_id":"8813528e8bfffff","market_class":"proven_market_no_pv","opportunity_score":72.2,"province":"NT_NU","households":252},"geometry":{"type":"Point","coordinates":[-114.40537769840003,62.45202793643383]}},{"type":"Feature","properties":{"h3_id":"882b0e45bdfffff","market_class":"true_whitespace","opportunity_score":79.0,"province":"NS","households":365},"geometry":{"type":"Point","coordinates":[-64.96651645417192,44.38080495104124]}},{"type":"Feature","properties":{"h3_id":"882bac6157fffff","market_class":"true_whitespace","opportunity_score":80.0,"province":"QC","households":379},"geometry":{"type":"Point","coordinates":[-71.2127635786246,46.24476518803945]}},{"type":"Feature","properties":{"h3_id":"882b817a25fffff","market_class":"true_whitespace","opportunity_score":73.6,"province":"ON","households":251},"geometry":{"type":"Point","coordinates":[-75.32326112460902,45.380179545306085]}},{"type":"Feature","properties":{"h3_id":"882b816655fffff","market_class":"true_whitespace","opportunity_score":74.9,"province":"ON","households":338},"geometry":{"type":"Point","coordinates":[-75.00779046246639,45.11850461045185]}},{"type":"Feature","properties":{"h3_id":"882bac2435fffff","market_class":"true_whitespace","opportunity_score":81.0,"province":"QC","households":350},"geometry":{"type":"Point","coordinates":[-70.48578532165884,45.93756673680863]}},{"type":"Feature","properties":{"h3_id":"882bac103bfffff","market_class":"true_whitespace","opportunity_score":80.3,"province":"QC","households":374},"geometry":{"type":"Point","coordinates":[-70.5545384419385,46.61774594725779]}},{"type":"Feature","properties":{"h3_id":"88271c2915fffff","market_class":"true_whitespace","opportunity_score":78.0,"province":"MB","households":323},"geometry":{"type":"Point","coordinates":[-97.5606316521974,49.007636223260526]}},{"type":"Feature","properties":{"h3_id":"88125249b5fffff","market_class":"true_whitespace","opportunity_score":78.7,"province":"AB","households":333},"geometry":{"type":"Point","coordinates":[-113.83402321702243,54.16010586366893]}},{"type":"Feature","properties":{"h3_id":"882bae1685fffff","market_class":"true_whitespace","opportunity_score":77.2,"province":"QC","households":381},"geometry":{"type":"Point","coordinates":[-72.02351901739584,46.48625304083632]}},{"type":"Feature","properties":{"h3_id":"882b16b987fffff","market_class":"true_whitespace","opportunity_score":75.7,"province":"QC","households":305},"geometry":{"type":"Point","coordinates":[-68.46360316623877,48.36045700847911]}},{"type":"Feature","properties":{"h3_id":"8812e5b021fffff","market_class":"true_whitespace","opportunity_score":80.4,"province":"AB","households":367},"geometry":{"type":"Point","coordinates":[-114.0368441269728,55.161158744643274]}},{"type":"Feature","properties":{"h3_id":"8812567547fffff","market_class":"true_whitespace","opportunity_score":81.5,"province":"AB","households":373},"geometry":{"type":"Point","coordinates":[-113.1954547976843,55.21080112107116]}},{"type":"Feature","properties":{"h3_id":"882b0e920dfffff","market_class":"true_whitespace","opportunity_score":63.6,"province":"NS","households":256},"geometry":{"type":"Point","coordinates":[-63.73373175119894,44.80685724946622]}},{"type":"Feature","properties":{"h3_id":"88121eadb7fffff","market_class":"true_whitespace","opportunity_score":77.8,"province":"BC","households":296},"geometry":{"type":"Point","coordinates":[-120.92960337829186,56.45086101869205]}},{"type":"Feature","properties":{"h3_id":"88129c3815fffff","market_class":"true_whitespace","opportunity_score":82.1,"province":"BC","households":400},"geometry":{"type":"Point","coordinates":[-128.09332607488454,52.14749948388052]}},{"type":"Feature","properties":{"h3_id":"8812c80b4bfffff","market_class":"true_whitespace","opportunity_score":79.8,"province":"AB","households":401},"geometry":{"type":"Point","coordinates":[-113.75184993758381,49.550525806773294]}},{"type":"Feature","properties":{"h3_id":"882b16144bfffff","market_class":"true_whitespace","opportunity_score":75.1,"province":"QC","households":336},"geometry":{"type":"Point","coordinates":[-68.59420504509069,48.42633410676438]}},{"type":"Feature","properties":{"h3_id":"882babd961fffff","market_class":"true_whitespace","opportunity_score":74.4,"province":"QC","households":369},"geometry":{"type":"Point","coordinates":[-72.6575009798961,45.16944724128314]}},{"type":"Feature","properties":{"h3_id":"882bacc59dfffff","market_class":"true_whitespace","opportunity_score":79.4,"province":"QC","households":370},"geometry":{"type":"Point","coordinates":[-70.71831788709609,46.72820728915787]}},{"type":"Feature","properties":{"h3_id":"882b1295e1fffff","market_class":"true_whitespace","opportunity_score":79.9,"province":"QC","households":379},"geometry":{"type":"Point","coordinates":[-69.13495391887896,47.70635354882639]}},{"type":"Feature","properties":{"h3_id":"8812ec9657fffff","market_class":"true_whitespace","opportunity_score":78.3,"province":"AB","households":342},"geometry":{"type":"Point","coordinates":[-112.33434436340622,53.881627744715665]}},{"type":"Feature","properties":{"h3_id":"882ba08753fffff","market_class":"true_whitespace","opportunity_score":65.2,"province":"QC","households":314},"geometry":{"type":"Point","coordinates":[-71.69908413048161,48.6353531319436]}},{"type":"Feature","properties":{"h3_id":"882b83b103fffff","market_class":"proven_market_no_pv","opportunity_score":55.7,"province":"QC","households":349},"geometry":{"type":"Point","coordinates":[-75.78102719584348,45.46881731748121]}},{"type":"Feature","properties":{"h3_id":"881258acedfffff","market_class":"true_whitespace","opportunity_score":78.8,"province":"SK","households":406},"geometry":{"type":"Point","coordinates":[-107.35303692513425,52.72394142474543]}},{"type":"Feature","properties":{"h3_id":"882bac5013fffff","market_class":"proven_market_no_pv","opportunity_score":63.5,"province":"QC","households":315},"geometry":{"type":"Point","coordinates":[-71.12157150610611,46.75212271401376]}},{"type":"Feature","properties":{"h3_id":"882baa0f47fffff","market_class":"proven_market_no_pv","opportunity_score":57.5,"province":"QC","households":350},"geometry":{"type":"Point","coordinates":[-73.2674528017718,45.46570973029967]}},{"type":"Feature","properties":{"h3_id":"88271e829dfffff","market_class":"true_whitespace","opportunity_score":80.3,"province":"MB","households":350},"geometry":{"type":"Point","coordinates":[-98.79296963710722,49.40958110177021]}},{"type":"Feature","properties":{"h3_id":"880e9a006bfffff","market_class":"true_whitespace","opportunity_score":82.0,"province":"MB","households":271},"geometry":{"type":"Point","coordinates":[-97.87982732172986,55.753590644702555]}},{"type":"Feature","properties":{"h3_id":"882baed5a9fffff","market_class":"true_whitespace","opportunity_score":79.2,"province":"QC","households":407},"geometry":{"type":"Point","coordinates":[-72.30839301632388,46.8803904767866]}},{"type":"Feature","properties":{"h3_id":"8812d0aed9fffff","market_class":"true_whitespace","opportunity_score":77.5,"province":"BC","households":353},"geometry":{"type":"Point","coordinates":[-120.02658490540995,50.72966393670769]}},{"type":"Feature","properties":{"h3_id":"8812d6ae8dfffff","market_class":"true_whitespace","opportunity_score":79.2,"province":"BC","households":392},"geometry":{"type":"Point","coordinates":[-121.58662913708183,51.09469008170445]}},{"type":"Feature","properties":{"h3_id":"882baaadb1fffff","market_class":"true_whitespace","opportunity_score":73.6,"province":"QC","households":379},"geometry":{"type":"Point","coordinates":[-72.75683999238446,45.20698155182587]}},{"type":"Feature","properties":{"h3_id":"8812d3b587fffff","market_class":"true_whitespace","opportunity_score":64.4,"province":"BC","households":282},"geometry":{"type":"Point","coordinates":[-119.67000034035216,49.848742059303]}},{"type":"Feature","properties":{"h3_id":"882b814f03fffff","market_class":"proven_market_no_pv","opportunity_score":65.3,"province":"QC","households":338},"geometry":{"type":"Point","coordinates":[-75.48539973433472,45.51919934566797]}},{"type":"Feature","properties":{"h3_id":"882b14c943fffff","market_class":"true_whitespace","opportunity_score":81.4,"province":"QC","households":345},"geometry":{"type":"Point","coordinates":[-67.53668772929434,48.8282009048751]}},{"type":"Feature","properties":{"h3_id":"8812d10007fffff","market_class":"proven_market_no_pv","opportunity_score":62.2,"province":"BC","households":260},"geometry":{"type":"Point","coordinates":[-119.21650690026136,50.31096158227652]}},{"type":"Feature","properties":{"h3_id":"882b129a03fffff","market_class":"true_whitespace","opportunity_score":81.2,"province":"QC","households":391},"geometry":{"type":"Point","coordinates":[-69.32847218785305,47.899736092797035]}},{"type":"Feature","properties":{"h3_id":"881218c8e1fffff","market_class":"true_whitespace","opportunity_score":78.3,"province":"BC","households":297},"geometry":{"type":"Point","coordinates":[-120.56501592249056,56.305960117156204]}},{"type":"Feature","properties":{"h3_id":"882b9822c3fffff","market_class":"true_whitespace","opportunity_score":63.5,"province":"ON","households":290},"geometry":{"type":"Point","coordinates":[-78.41493268928114,43.954711809524426]}},{"type":"Feature","properties":{"h3_id":"882bac6a67fffff","market_class":"true_whitespace","opportunity_score":78.5,"province":"QC","households":353},"geometry":{"type":"Point","coordinates":[-71.34683986875372,46.28395827988]}},{"type":"Feature","properties":{"h3_id":"882b018de5fffff","market_class":"true_whitespace","opportunity_score":60.7,"province":"NS","households":290},"geometry":{"type":"Point","coordinates":[-63.208045772679824,45.38396466396892]}},{"type":"Feature","properties":{"h3_id":"882b14a6edfffff","market_class":"true_whitespace","opportunity_score":73.0,"province":"NB","households":392},"geometry":{"type":"Point","coordinates":[-66.38190055451872,48.06351887326805]}},{"type":"Feature","properties":{"h3_id":"882b9d80c5fffff","market_class":"true_whitespace","opportunity_score":80.1,"province":"ON","households":343},"geometry":{"type":"Point","coordinates":[-76.64959091158835,44.70256327811337]}},{"type":"Feature","properties":{"h3_id":"882b00c023fffff","market_class":"true_whitespace","opportunity_score":78.9,"province":"PE","households":352},"geometry":{"type":"Point","coordinates":[-64.17391276671434,46.68542745976645]}},{"type":"Feature","properties":{"h3_id":"88125b2529fffff","market_class":"true_whitespace","opportunity_score":81.1,"province":"SK","households":329},"geometry":{"type":"Point","coordinates":[-107.44662006060835,51.3285504003978]}},{"type":"Feature","properties":{"h3_id":"882b9e30e9fffff","market_class":"true_whitespace","opportunity_score":69.8,"province":"ON","households":304},"geometry":{"type":"Point","coordinates":[-79.34022541153848,44.95360649632717]}},{"type":"Feature","properties":{"h3_id":"882b9b6865fffff","market_class":"true_whitespace","opportunity_score":74.5,"province":"ON","households":271},"geometry":{"type":"Point","coordinates":[-79.96952604136293,43.067436318035796]}},{"type":"Feature","properties":{"h3_id":"882712b203fffff","market_class":"true_whitespace","opportunity_score":80.9,"province":"MB","households":355},"geometry":{"type":"Point","coordinates":[-101.27594407087693,50.62547105067161]}},{"type":"Feature","properties":{"h3_id":"882baa4ee3fffff","market_class":"proven_market_no_pv","opportunity_score":54.1,"province":"QC","households":329},"geometry":{"type":"Point","coordinates":[-73.77172042782014,45.51133791835315]}},{"type":"Feature","properties":{"h3_id":"8828d30499fffff","market_class":"true_whitespace","opportunity_score":65.5,"province":"BC","households":283},"geometry":{"type":"Point","coordinates":[-121.86673845086072,49.18829833257405]}},{"type":"Feature","properties":{"h3_id":"8812eec405fffff","market_class":"true_whitespace","opportunity_score":78.8,"province":"AB","households":368},"geometry":{"type":"Point","coordinates":[-114.42303537191168,52.968451796831815]}},{"type":"Feature","properties":{"h3_id":"88125e1759fffff","market_class":"true_whitespace","opportunity_score":79.7,"province":"SK","households":372},"geometry":{"type":"Point","coordinates":[-109.46395521797449,53.53857190530292]}},{"type":"Feature","properties":{"h3_id":"8813a60c4dfffff","market_class":"true_whitespace","opportunity_score":82.1,"province":"YT","households":347},"geometry":{"type":"Point","coordinates":[-135.89085687124992,63.59315530411852]}},{"type":"Feature","properties":{"h3_id":"8812ecc819fffff","market_class":"proven_market_no_pv","opportunity_score":53.6,"province":"AB","households":287},"geometry":{"type":"Point","coordinates":[-113.40604221242512,53.55083523166716]}},{"type":"Feature","properties":{"h3_id":"882b81a041fffff","market_class":"proven_market_no_pv","opportunity_score":64.4,"province":"QC","households":244},"geometry":{"type":"Point","coordinates":[-74.16763071730038,45.39335180443802]}},{"type":"Feature","properties":{"h3_id":"88129bbae5fffff","market_class":"true_whitespace","opportunity_score":81.6,"province":"BC","households":382},"geometry":{"type":"Point","coordinates":[-127.01247298679267,50.629726051065816]}},{"type":"Feature","properties":{"h3_id":"88122e95b1fffff","market_class":"true_whitespace","opportunity_score":81.9,"province":"NT_NU","households":292},"geometry":{"type":"Point","coordinates":[-115.77813100052774,60.815613155530016]}},{"type":"Feature","properties":{"h3_id":"882b2e963bfffff","market_class":"true_whitespace","opportunity_score":68.2,"province":"NS","households":361},"geometry":{"type":"Point","coordinates":[-60.07779088895606,46.24160176111778]}},{"type":"Feature","properties":{"h3_id":"8812dcb9b3fffff","market_class":"true_whitespace","opportunity_score":81.0,"province":"BC","households":393},"geometry":{"type":"Point","coordinates":[-117.37238516743223,49.99263929852546]}},{"type":"Feature","properties":{"h3_id":"881b9d4589fffff","market_class":"true_whitespace","opportunity_score":81.6,"province":"NL","households":369},"geometry":{"type":"Point","coordinates":[-55.59995742675,49.95579721662051]}},{"type":"Feature","properties":{"h3_id":"882b93d021fffff","market_class":"true_whitespace","opportunity_score":74.3,"province":"ON","households":255},"geometry":{"type":"Point","coordinates":[-80.75048616999493,46.66993854793769]}},{"type":"Feature","properties":{"h3_id":"882b81b599fffff","market_class":"proven_market_no_pv","opportunity_score":58.0,"province":"QC","households":257},"geometry":{"type":"Point","coordinates":[-73.98956775851063,45.32547188108717]}},{"type":"Feature","properties":{"h3_id":"8828d3a4c9fffff","market_class":"proven_market_no_pv","opportunity_score":62.1,"province":"BC","households":239},"geometry":{"type":"Point","coordinates":[-122.41421233179084,49.04237291844748]}},{"type":"Feature","properties":{"h3_id":"882b144917fffff","market_class":"true_whitespace","opportunity_score":81.3,"province":"QC","households":379},"geometry":{"type":"Point","coordinates":[-68.07720659795592,48.52903249173578]}},{"type":"Feature","properties":{"h3_id":"882b168605fffff","market_class":"true_whitespace","opportunity_score":81.3,"province":"QC","households":350},"geometry":{"type":"Point","coordinates":[-68.18116746772293,48.58043816012315]}},{"type":"Feature","properties":{"h3_id":"8812aa2ebbfffff","market_class":"true_whitespace","opportunity_score":81.0,"province":"BC","households":334},"geometry":{"type":"Point","coordinates":[-124.5512505471642,54.062056997494345]}},{"type":"Feature","properties":{"h3_id":"8812c85b23fffff","market_class":"true_whitespace","opportunity_score":81.0,"province":"AB","households":392},"geometry":{"type":"Point","coordinates":[-114.37867356952484,49.5666344356223]}},{"type":"Feature","properties":{"h3_id":"882b066983fffff","market_class":"true_whitespace","opportunity_score":63.4,"province":"NB","households":326},"geometry":{"type":"Point","coordinates":[-65.57970055564311,47.000793647195245]}},{"type":"Feature","properties":{"h3_id":"882b8180e9fffff","market_class":"true_whitespace","opportunity_score":68.3,"province":"QC","households":338},"geometry":{"type":"Point","coordinates":[-74.30787921563828,45.74641293426502]}},{"type":"Feature","properties":{"h3_id":"88125d6353fffff","market_class":"true_whitespace","opportunity_score":79.9,"province":"SK","households":406},"geometry":{"type":"Point","coordinates":[-106.73645994350575,53.02609088232723]}},{"type":"Feature","properties":{"h3_id":"88125daa29fffff","market_class":"true_whitespace","opportunity_score":79.2,"province":"SK","households":339},"geometry":{"type":"Point","coordinates":[-106.03364387276523,53.40894273969959]}},{"type":"Feature","properties":{"h3_id":"8812ec29ddfffff","market_class":"true_whitespace","opportunity_score":75.4,"province":"AB","households":319},"geometry":{"type":"Point","coordinates":[-112.45996763511563,52.92316193872676]}},{"type":"Feature","properties":{"h3_id":"8812e87061fffff","market_class":"true_whitespace","opportunity_score":75.1,"province":"AB","households":338},"geometry":{"type":"Point","coordinates":[-112.75875469731348,52.0352435580575]}},{"type":"Feature","properties":{"h3_id":"8812cad1adfffff","market_class":"true_whitespace","opportunity_score":75.7,"province":"BC","households":336},"geometry":{"type":"Point","coordinates":[-115.30352598822932,49.37338496744391]}},{"type":"Feature","properties":{"h3_id":"882b2e2c47fffff","market_class":"true_whitespace","opportunity_score":77.1,"province":"NS","households":359},"geometry":{"type":"Point","coordinates":[-61.01743392136979,45.509583753575086]}},{"type":"Feature","properties":{"h3_id":"8827a188c7fffff","market_class":"true_whitespace","opportunity_score":80.0,"province":"SK","households":312},"geometry":{"type":"Point","coordinates":[-103.44833381629317,50.21716005744487]}},{"type":"Feature","properties":{"h3_id":"88122159e1fffff","market_class":"true_whitespace","opportunity_score":81.9,"province":"NT_NU","households":332},"geometry":{"type":"Point","coordinates":[-117.65040449070176,61.3550834381841]}},{"type":"Feature","properties":{"h3_id":"882ab0983dfffff","market_class":"true_whitespace","opportunity_score":65.4,"province":"ON","households":292},"geometry":{"type":"Point","coordinates":[-81.21131618639079,42.66305333152476]}},{"type":"Feature","properties":{"h3_id":"8828d9533dfffff","market_class":"true_whitespace","opportunity_score":69.9,"province":"BC","households":365},"geometry":{"type":"Point","coordinates":[-125.20738067003437,50.101396792956464]}},{"type":"Feature","properties":{"h3_id":"8827088907fffff","market_class":"true_whitespace","opportunity_score":81.5,"province":"ON","households":305},"geometry":{"type":"Point","coordinates":[-93.37386830407009,48.61789198219608]}},{"type":"Feature","properties":{"h3_id":"8827a59487fffff","market_class":"true_whitespace","opportunity_score":76.1,"province":"SK","households":380},"geometry":{"type":"Point","coordinates":[-102.92785940788184,51.42554801997797]}},{"type":"Feature","properties":{"h3_id":"882b16064dfffff","market_class":"true_whitespace","opportunity_score":81.4,"province":"QC","households":339},"geometry":{"type":"Point","coordinates":[-68.6693951850989,48.34000650710025]}},{"type":"Feature","properties":{"h3_id":"882b9a70b5fffff","market_class":"true_whitespace","opportunity_score":76.3,"province":"ON","households":305},"geometry":{"type":"Point","coordinates":[-80.5683719147594,44.00113575257919]}},{"type":"Feature","properties":{"h3_id":"8812cc91d9fffff","market_class":"true_whitespace","opportunity_score":76.0,"province":"AB","households":247},"geometry":{"type":"Point","coordinates":[-113.60124069626316,51.119859050278734]}},{"type":"Feature","properties":{"h3_id":"882b03d851fffff","market_class":"true_whitespace","opportunity_score":74.9,"province":"NB","households":332},"geometry":{"type":"Point","coordinates":[-65.1753402360637,45.93081615857202]}},{"type":"Feature","properties":{"h3_id":"880e490dadfffff","market_class":"true_whitespace","opportunity_score":81.6,"province":"QC","households":301},"geometry":{"type":"Point","coordinates":[-68.16591216111682,49.2051268346653]}},{"type":"Feature","properties":{"h3_id":"882b9a3405fffff","market_class":"true_whitespace","opportunity_score":65.8,"province":"ON","households":244},"geometry":{"type":"Point","coordinates":[-79.86576387382743,43.863852066280224]}},{"type":"Feature","properties":{"h3_id":"882b0e9209fffff","market_class":"true_whitespace","opportunity_score":65.0,"province":"NS","households":265},"geometry":{"type":"Point","coordinates":[-63.7228412630761,44.803389752705]}},{"type":"Feature","properties":{"h3_id":"882b1cd547fffff","market_class":"proven_market_no_pv","opportunity_score":60.2,"province":"NB","households":302},"geometry":{"type":"Point","coordinates":[-66.56932941387265,45.89377936056007]}},{"type":"Feature","properties":{"h3_id":"881b995555fffff","market_class":"true_whitespace","opportunity_score":75.7,"province":"NL","households":382},"geometry":{"type":"Point","coordinates":[-55.27807325599505,49.08708040091036]}},{"type":"Feature","properties":{"h3_id":"882baad0d1fffff","market_class":"proven_market_no_pv","opportunity_score":61.4,"province":"QC","households":329},"geometry":{"type":"Point","coordinates":[-73.1039605309749,46.02064490158161]}},{"type":"Feature","properties":{"h3_id":"8812ccd023fffff","market_class":"proven_market_no_pv","opportunity_score":54.1,"province":"AB","households":248},"geometry":{"type":"Point","coordinates":[-114.22683146854827,51.041090659292614]}},{"type":"Feature","properties":{"h3_id":"8812d168c3fffff","market_class":"proven_market_no_pv","opportunity_score":63.2,"province":"BC","households":261},"geometry":{"type":"Point","coordinates":[-119.3768648797081,49.831249459349785]}},{"type":"Feature","properties":{"h3_id":"882baad095fffff","market_class":"proven_market_no_pv","opportunity_score":63.4,"province":"QC","households":320},"geometry":{"type":"Point","coordinates":[-73.13237119306379,46.00341581450064]}},{"type":"Feature","properties":{"h3_id":"882bac2123fffff","market_class":"true_whitespace","opportunity_score":73.1,"province":"QC","households":318},"geometry":{"type":"Point","coordinates":[-70.68331948820534,46.10342234446207]}},{"type":"Feature","properties":{"h3_id":"88126b090dfffff","market_class":"true_whitespace","opportunity_score":81.5,"province":"MB","households":301},"geometry":{"type":"Point","coordinates":[-101.85003092497348,54.78485612594866]}},{"type":"Feature","properties":{"h3_id":"882baa0895fffff","market_class":"proven_market_no_pv","opportunity_score":55.7,"province":"QC","households":259},"geometry":{"type":"Point","coordinates":[-73.3524391737506,45.453045516315484]}},{"type":"Feature","properties":{"h3_id":"88129b0a43fffff","market_class":"true_whitespace","opportunity_score":81.5,"province":"BC","households":355},"geometry":{"type":"Point","coordinates":[-127.45369324515292,50.38731443460759]}},{"type":"Feature","properties":{"h3_id":"882ba0ca63fffff","market_class":"true_whitespace","opportunity_score":80.1,"province":"QC","households":359},"geometry":{"type":"Point","coordinates":[-72.66476223435137,48.9094109187004]}},{"type":"Feature","properties":{"h3_id":"882baa51a5fffff","market_class":"proven_market_no_pv","opportunity_score":57.8,"province":"QC","households":271},"geometry":{"type":"Point","coordinates":[-73.72822767941273,45.75757464978297]}},{"type":"Feature","properties":{"h3_id":"882baa4dc9fffff","market_class":"proven_market_no_pv","opportunity_score":54.2,"province":"QC","households":234},"geometry":{"type":"Point","coordinates":[-73.8806113909631,45.50331292753387]}},{"type":"Feature","properties":{"h3_id":"88124671b9fffff","market_class":"true_whitespace","opportunity_score":81.4,"province":"SK","households":375},"geometry":{"type":"Point","coordinates":[-108.48829699233049,55.86417897914302]}},{"type":"Feature","properties":{"h3_id":"882b0e05ddfffff","market_class":"true_whitespace","opportunity_score":75.9,"province":"NS","households":378},"geometry":{"type":"Point","coordinates":[-64.3831304892382,44.23260862248166]}},{"type":"Feature","properties":{"h3_id":"882b0e94b9fffff","market_class":"true_whitespace","opportunity_score":65.4,"province":"NS","households":264},"geometry":{"type":"Point","coordinates":[-63.72149663397781,44.55312320606409]}},{"type":"Feature","properties":{"h3_id":"882b81184bfffff","market_class":"true_whitespace","opportunity_score":76.3,"province":"QC","households":361},"geometry":{"type":"Point","coordinates":[-74.8676445526732,45.6436105971506]}},{"type":"Feature","properties":{"h3_id":"8812e5da6dfffff","market_class":"true_whitespace","opportunity_score":77.2,"province":"AB","households":329},"geometry":{"type":"Point","coordinates":[-115.4338126302862,55.33170184415877]}},{"type":"Feature","properties":{"h3_id":"882ba00615fffff","market_class":"true_whitespace","opportunity_score":74.8,"province":"QC","households":370},"geometry":{"type":"Point","coordinates":[-72.1419906820022,48.325703773373206]}},{"type":"Feature","properties":{"h3_id":"882ab0982bfffff","market_class":"true_whitespace","opportunity_score":64.1,"province":"ON","households":305},"geometry":{"type":"Point","coordinates":[-81.21511140597553,42.6708990015216]}},{"type":"Feature","properties":{"h3_id":"882b83859bfffff","market_class":"proven_market_no_pv","opportunity_score":62.1,"province":"QC","households":237},"geometry":{"type":"Point","coordinates":[-75.85978729314787,45.52982354905152]}},{"type":"Feature","properties":{"h3_id":"8812e1b123fffff","market_class":"true_whitespace","opportunity_score":78.1,"province":"AB","households":300},"geometry":{"type":"Point","coordinates":[-113.88421859721905,54.05278640370454]}},{"type":"Feature","properties":{"h3_id":"882b83b325fffff","market_class":"proven_market_no_pv","opportunity_score":56.8,"province":"QC","households":244},"geometry":{"type":"Point","coordinates":[-75.76614069369802,45.519610952730616]}},{"type":"Feature","properties":{"h3_id":"882ab09823fffff","market_class":"true_whitespace","opportunity_score":66.3,"province":"ON","households":295},"geometry":{"type":"Point","coordinates":[-81.22287736477764,42.66474865831916]}},{"type":"Feature","properties":{"h3_id":"882ba0806bfffff","market_class":"true_whitespace","opportunity_score":76.2,"province":"QC","households":344},"geometry":{"type":"Point","coordinates":[-71.84849096030428,48.74057353451142]}},{"type":"Feature","properties":{"h3_id":"88271c0491fffff","market_class":"true_whitespace","opportunity_score":77.9,"province":"MB","households":318},"geometry":{"type":"Point","coordinates":[-97.33848737936266,49.26894577625073]}},{"type":"Feature","properties":{"h3_id":"882ba08a29fffff","market_class":"true_whitespace","opportunity_score":78.3,"province":"QC","households":336},"geometry":{"type":"Point","coordinates":[-72.04745037573959,48.76831329309145]}},{"type":"Feature","properties":{"h3_id":"882bac7359fffff","market_class":"true_whitespace","opportunity_score":64.7,"province":"QC","households":290},"geometry":{"type":"Point","coordinates":[-71.00336161541865,46.431991587968106]}},{"type":"Feature","properties":{"h3_id":"8827a64f19fffff","market_class":"true_whitespace","opportunity_score":81.0,"province":"SK","households":319},"geometry":{"type":"Point","coordinates":[-107.1311471474725,50.98778900505889]}},{"type":"Feature","properties":{"h3_id":"882b126533fffff","market_class":"true_whitespace","opportunity_score":80.8,"province":"QC","households":374},"geometry":{"type":"Point","coordinates":[-70.27451315380368,47.04270339224953]}},{"type":"Feature","properties":{"h3_id":"882b98b9ebfffff","market_class":"proven_market_no_pv","opportunity_score":60.4,"province":"ON","households":286},"geometry":{"type":"Point","coordinates":[-78.29854048276425,44.3541440012165]}},{"type":"Feature","properties":{"h3_id":"88126aa0c1fffff","market_class":"true_whitespace","opportunity_score":81.5,"province":"SK","households":394},"geometry":{"type":"Point","coordinates":[-102.31583602677621,55.52274397572922]}},{"type":"Feature","properties":{"h3_id":"882b81b4a3fffff","market_class":"proven_market_no_pv","opportunity_score":59.2,"province":"QC","households":315},"geometry":{"type":"Point","coordinates":[-73.9630188236073,45.31221037143291]}},{"type":"Feature","properties":{"h3_id":"882b9d5543fffff","market_class":"true_whitespace","opportunity_score":76.8,"province":"ON","households":348},"geometry":{"type":"Point","coordinates":[-77.52254105741504,44.588202519120124]}},{"type":"Feature","properties":{"h3_id":"881aa468ddfffff","market_class":"true_whitespace","opportunity_score":80.2,"province":"NL","households":358},"geometry":{"type":"Point","coordinates":[-53.330418030926324,48.39366006403419]}},{"type":"Feature","properties":{"h3_id":"8812ab36d1fffff","market_class":"true_whitespace","opportunity_score":63.6,"province":"BC","households":265},"geometry":{"type":"Point","coordinates":[-122.80039395507276,54.00892870856977]}},{"type":"Feature","properties":{"h3_id":"882b0390d1fffff","market_class":"true_whitespace","opportunity_score":76.5,"province":"NS","households":364},"geometry":{"type":"Point","coordinates":[-64.38736633853361,45.69135598654293]}},{"type":"Feature","properties":{"h3_id":"88271c894bfffff","market_class":"true_whitespace","opportunity_score":75.2,"province":"MB","households":321},"geometry":{"type":"Point","coordinates":[-97.62018687098089,49.77095222929782]}},{"type":"Feature","properties":{"h3_id":"8812d168c1fffff","market_class":"proven_market_no_pv","opportunity_score":60.3,"province":"BC","households":261},"geometry":{"type":"Point","coordinates":[-119.38652132321855,49.836558412692405]}},{"type":"Feature","properties":{"h3_id":"882b94c651fffff","market_class":"true_whitespace","opportunity_score":75.5,"province":"QC","households":335},"geometry":{"type":"Point","coordinates":[-79.22561913925692,48.50293067330742]}},{"type":"Feature","properties":{"h3_id":"882ba86a05fffff","market_class":"true_whitespace","opportunity_score":69.6,"province":"QC","households":267},"geometry":{"type":"Point","coordinates":[-72.15885769725456,45.31331865536064]}},{"type":"Feature","properties":{"h3_id":"8827b542cbfffff","market_class":"true_whitespace","opportunity_score":78.8,"province":"SK","households":336},"geometry":{"type":"Point","coordinates":[-108.46124952447833,50.619828581995876]}},{"type":"Feature","properties":{"h3_id":"882b818ee5fffff","market_class":"true_whitespace","opportunity_score":62.9,"province":"QC","households":366},"geometry":{"type":"Point","coordinates":[-74.37438327463376,45.64416745580899]}},{"type":"Feature","properties":{"h3_id":"88271c786bfffff","market_class":"true_whitespace","opportunity_score":69.5,"province":"MB","households":354},"geometry":{"type":"Point","coordinates":[-98.10956885124473,49.18547418177077]}},{"type":"Feature","properties":{"h3_id":"8828d9c819fffff","market_class":"true_whitespace","opportunity_score":62.7,"province":"BC","households":270},"geometry":{"type":"Point","coordinates":[-125.23978291587777,49.97951807420862]}},{"type":"Feature","properties":{"h3_id":"882b9ecc37fffff","market_class":"true_whitespace","opportunity_score":77.7,"province":"ON","households":321},"geometry":{"type":"Point","coordinates":[-79.9267539019436,45.46649093765574]}},{"type":"Feature","properties":{"h3_id":"882b330f37fffff","market_class":"true_whitespace","opportunity_score":80.9,"province":"QC","households":352},"geometry":{"type":"Point","coordinates":[-65.61858433009353,48.19196623767317]}},{"type":"Feature","properties":{"h3_id":"882b1cc207fffff","market_class":"proven_market_no_pv","opportunity_score":61.8,"province":"NB","households":251},"geometry":{"type":"Point","coordinates":[-66.6685809416715,45.897819923011866]}},{"type":"Feature","properties":{"h3_id":"882b0e0621fffff","market_class":"true_whitespace","opportunity_score":74.0,"province":"NS","households":340},"geometry":{"type":"Point","coordinates":[-64.3059064423955,44.29643238104765]}},{"type":"Feature","properties":{"h3_id":"882b00410bfffff","market_class":"true_whitespace","opportunity_score":74.3,"province":"NB","households":348},"geometry":{"type":"Point","coordinates":[-64.72446949500022,46.469406455069716]}},{"type":"Feature","properties":{"h3_id":"8828d891e5fffff","market_class":"true_whitespace","opportunity_score":69.2,"province":"BC","households":295},"geometry":{"type":"Point","coordinates":[-124.45123219032608,49.349468506066664]}},{"type":"Feature","properties":{"h3_id":"8827a3109dfffff","market_class":"true_whitespace","opportunity_score":79.7,"province":"SK","households":311},"geometry":{"type":"Point","coordinates":[-104.92408355773898,49.575037894523085]}},{"type":"Feature","properties":{"h3_id":"8812ea6c63fffff","market_class":"proven_market_no_pv","opportunity_score":55.7,"province":"AB","households":282},"geometry":{"type":"Point","coordinates":[-114.04320167887815,51.14566084595603]}},{"type":"Feature","properties":{"h3_id":"8827a5718bfffff","market_class":"true_whitespace","opportunity_score":78.6,"province":"SK","households":341},"geometry":{"type":"Point","coordinates":[-103.70296135170564,50.75708086338081]}},{"type":"Feature","properties":{"h3_id":"882b0e8657fffff","market_class":"true_whitespace","opportunity_score":72.4,"province":"NS","households":264},"geometry":{"type":"Point","coordinates":[-63.76107951435491,44.525510870910686]}},{"type":"Feature","properties":{"h3_id":"88126b0901fffff","market_class":"true_whitespace","opportunity_score":81.4,"province":"MB","households":307},"geometry":{"type":"Point","coordinates":[-101.84099940033542,54.77772112521009]}},{"type":"Feature","properties":{"h3_id":"882bae0c11fffff","market_class":"proven_market_no_pv","opportunity_score":61.8,"province":"QC","households":296},"geometry":{"type":"Point","coordinates":[-72.43443395307273,46.3427681279181]}},{"type":"Feature","properties":{"h3_id":"881aa05a99fffff","market_class":"true_whitespace","opportunity_score":78.0,"province":"NL","households":328},"geometry":{"type":"Point","coordinates":[-53.480066877828904,47.76311629591315]}},{"type":"Feature","properties":{"h3_id":"882b935347fffff","market_class":"true_whitespace","opportunity_score":72.9,"province":"ON","households":259},"geometry":{"type":"Point","coordinates":[-81.15776859658328,46.43143720772792]}},{"type":"Feature","properties":{"h3_id":"882ba86851fffff","market_class":"true_whitespace","opportunity_score":70.2,"province":"QC","households":319},"geometry":{"type":"Point","coordinates":[-72.18006005268751,45.27151985600436]}},{"type":"Feature","properties":{"h3_id":"882b81d027fffff","market_class":"true_whitespace","opportunity_score":76.4,"province":"QC","households":350},"geometry":{"type":"Point","coordinates":[-74.84594501938192,46.03285085274199]}},{"type":"Feature","properties":{"h3_id":"882b81a75bfffff","market_class":"proven_market_no_pv","opportunity_score":59.6,"province":"QC","households":301},"geometry":{"type":"Point","coordinates":[-74.03563642036744,45.296555715382155]}},{"type":"Feature","properties":{"h3_id":"882b1cc741fffff","market_class":"true_whitespace","opportunity_score":67.0,"province":"NB","households":279},"geometry":{"type":"Point","coordinates":[-66.62090960889581,45.8040824549616]}},{"type":"Feature","properties":{"h3_id":"881253c265fffff","market_class":"true_whitespace","opportunity_score":80.5,"province":"AB","households":342},"geometry":{"type":"Point","coordinates":[-111.79969713811903,54.29423137281369]}},{"type":"Feature","properties":{"h3_id":"882ba0c049fffff","market_class":"true_whitespace","opportunity_score":79.4,"province":"QC","households":314},"geometry":{"type":"Point","coordinates":[-72.44158576285378,48.885739105661635]}},{"type":"Feature","properties":{"h3_id":"8828d8901bfffff","market_class":"true_whitespace","opportunity_score":77.2,"province":"BC","households":283},"geometry":{"type":"Point","coordinates":[-124.55339164839903,49.30633452083937]}},{"type":"Feature","properties":{"h3_id":"882ba86687fffff","market_class":"true_whitespace","opportunity_score":78.5,"province":"QC","households":308},"geometry":{"type":"Point","coordinates":[-71.79483603481843,45.11333919965731]}},{"type":"Feature","properties":{"h3_id":"882b00d8d3fffff","market_class":"true_whitespace","opportunity_score":79.1,"province":"PE","households":314},"geometry":{"type":"Point","coordinates":[-64.19317296624641,46.765142028190475]}},{"type":"Feature","properties":{"h3_id":"882b9dc5e1fffff","market_class":"true_whitespace","opportunity_score":79.4,"province":"ON","households":312},"geometry":{"type":"Point","coordinates":[-77.20966176670309,44.691046485974496]}},{"type":"Feature","properties":{"h3_id":"88126a39b9fffff","market_class":"true_whitespace","opportunity_score":81.3,"province":"SK","households":386},"geometry":{"type":"Point","coordinates":[-102.93680096808023,55.177877242271755]}},{"type":"Feature","properties":{"h3_id":"882b004891fffff","market_class":"true_whitespace","opportunity_score":78.4,"province":"NB","households":346},"geometry":{"type":"Point","coordinates":[-64.86856277298904,46.38256439613266]}},{"type":"Feature","properties":{"h3_id":"882b01d0e3fffff","market_class":"true_whitespace","opportunity_score":80.2,"province":"NS","households":339},"geometry":{"type":"Point","coordinates":[-63.37922930861012,45.77323143437893]}},{"type":"Feature","properties":{"h3_id":"882ba3bb19fffff","market_class":"true_whitespace","opportunity_score":80.8,"province":"QC","households":307},"geometry":{"type":"Point","coordinates":[-72.69278257940084,47.50890926064117]}},{"type":"Feature","properties":{"h3_id":"882b004e2dfffff","market_class":"true_whitespace","opportunity_score":74.9,"province":"NB","households":307},"geometry":{"type":"Point","coordinates":[-64.75648073647618,46.36500233458213]}},{"type":"Feature","properties":{"h3_id":"88125484d9fffff","market_class":"true_whitespace","opportunity_score":77.3,"province":"AB","households":273},"geometry":{"type":"Point","coordinates":[-111.06489372436124,56.43659775138705]}},{"type":"Feature","properties":{"h3_id":"882b83cc4dfffff","market_class":"true_whitespace","opportunity_score":78.7,"province":"QC","households":351},"geometry":{"type":"Point","coordinates":[-76.64346220131283,45.7219002253833]}},{"type":"Feature","properties":{"h3_id":"8812c9c6bdfffff","market_class":"true_whitespace","opportunity_score":77.6,"province":"AB","households":349},"geometry":{"type":"Point","coordinates":[-112.20197578155278,49.28603391191298]}},{"type":"Feature","properties":{"h3_id":"882b14c945fffff","market_class":"true_whitespace","opportunity_score":80.9,"province":"QC","households":347},"geometry":{"type":"Point","coordinates":[-67.55067095250746,48.8400892303784]}},{"type":"Feature","properties":{"h3_id":"8827a0330bfffff","market_class":"proven_market_no_pv","opportunity_score":57.0,"province":"SK","households":401},"geometry":{"type":"Point","coordinates":[-104.60487587060723,50.43351466751541]}},{"type":"Feature","properties":{"h3_id":"8812d168cbfffff","market_class":"proven_market_no_pv","opportunity_score":62.6,"province":"BC","households":257},"geometry":{"type":"Point","coordinates":[-119.37551145658246,49.83894284261191]}},{"type":"Feature","properties":{"h3_id":"8813867261fffff","market_class":"true_whitespace","opportunity_score":81.6,"province":"YT","households":263},"geometry":{"type":"Point","coordinates":[-135.1339249433694,60.78011007634492]}},{"type":"Feature","properties":{"h3_id":"882b9cb419fffff","market_class":"true_whitespace","opportunity_score":78.6,"province":"ON","households":331},"geometry":{"type":"Point","coordinates":[-77.16357830540169,45.243806863916824]}},{"type":"Feature","properties":{"h3_id":"882b81d1a9fffff","market_class":"true_whitespace","opportunity_score":76.4,"province":"QC","households":385},"geometry":{"type":"Point","coordinates":[-74.89220940114336,46.00340176173322]}},{"type":"Feature","properties":{"h3_id":"882b935967fffff","market_class":"true_whitespace","opportunity_score":77.7,"province":"ON","households":261},"geometry":{"type":"Point","coordinates":[-81.48505951891755,46.363011057018]}},{"type":"Feature","properties":{"h3_id":"8827141529fffff","market_class":"true_whitespace","opportunity_score":80.2,"province":"MB","households":382},"geometry":{"type":"Point","coordinates":[-100.14197427303611,51.99043747501292]}},{"type":"Feature","properties":{"h3_id":"882702a285fffff","market_class":"true_whitespace","opportunity_score":78.3,"province":"MB","households":318},"geometry":{"type":"Point","coordinates":[-96.6239459029936,50.541203573685124]}},{"type":"Feature","properties":{"h3_id":"8828dc5a69fffff","market_class":"true_whitespace","opportunity_score":78.7,"province":"BC","households":325},"geometry":{"type":"Point","coordinates":[-123.50843754989509,48.860462108929845]}},{"type":"Feature","properties":{"h3_id":"8827709945fffff","market_class":"true_whitespace","opportunity_score":75.1,"province":"ON","households":252},"geometry":{"type":"Point","coordinates":[-88.76862136925763,48.59088349100487]}},{"type":"Feature","properties":{"h3_id":"880e490de5fffff","market_class":"true_whitespace","opportunity_score":81.2,"province":"QC","households":309},"geometry":{"type":"Point","coordinates":[-68.15687194893239,49.219171062139026]}},{"type":"Feature","properties":{"h3_id":"882bb372cbfffff","market_class":"true_whitespace","opportunity_score":62.3,"province":"QC","households":276},"geometry":{"type":"Point","coordinates":[-77.78606788194232,48.12720405415121]}},{"type":"Feature","properties":{"h3_id":"882ba871b1fffff","market_class":"true_whitespace","opportunity_score":63.9,"province":"QC","households":258},"geometry":{"type":"Point","coordinates":[-71.94874638525555,45.35091857130528]}},{"type":"Feature","properties":{"h3_id":"882b14c941fffff","market_class":"true_whitespace","opportunity_score":80.9,"province":"QC","households":350},"geometry":{"type":"Point","coordinates":[-67.53829639923302,48.83681440604679]}},{"type":"Feature","properties":{"h3_id":"882703103dfffff","market_class":"true_whitespace","opportunity_score":79.8,"province":"MB","households":315},"geometry":{"type":"Point","coordinates":[-95.97220872909803,49.95125270059757]}},{"type":"Feature","properties":{"h3_id":"882b9095d3fffff","market_class":"true_whitespace","opportunity_score":78.8,"province":"QC","households":329},"geometry":{"type":"Point","coordinates":[-79.3096741447048,47.42741530789736]}},{"type":"Feature","properties":{"h3_id":"882bac4269fffff","market_class":"proven_market_no_pv","opportunity_score":60.3,"province":"QC","households":242},"geometry":{"type":"Point","coordinates":[-71.20044757161685,46.70728875496221]}},{"type":"Feature","properties":{"h3_id":"882ba3a851fffff","market_class":"true_whitespace","opportunity_score":80.6,"province":"QC","households":350},"geometry":{"type":"Point","coordinates":[-72.78682540854993,47.3239415514365]}},{"type":"Feature","properties":{"h3_id":"882b81a74dfffff","market_class":"proven_market_no_pv","opportunity_score":57.8,"province":"QC","households":243},"geometry":{"type":"Point","coordinates":[-74.06763819606378,45.32634334825558]}},{"type":"Feature","properties":{"h3_id":"882b2ad645fffff","market_class":"true_whitespace","opportunity_score":73.8,"province":"NS","households":304},"geometry":{"type":"Point","coordinates":[-61.618082192334946,45.60947293286725]}},{"type":"Feature","properties":{"h3_id":"880e5b298dfffff","market_class":"true_whitespace","opportunity_score":81.1,"province":"QC","households":301},"geometry":{"type":"Point","coordinates":[-74.35700313611443,49.923100189901355]}},{"type":"Feature","properties":{"h3_id":"882b124c15fffff","market_class":"true_whitespace","opportunity_score":76.4,"province":"QC","households":314},"geometry":{"type":"Point","coordinates":[-70.51392838067197,47.45086958203409]}},{"type":"Feature","properties":{"h3_id":"880e5b2987fffff","market_class":"true_whitespace","opportunity_score":81.1,"province":"QC","households":337},"geometry":{"type":"Point","coordinates":[-74.36411826140024,49.90850616659877]}},{"type":"Feature","properties":{"h3_id":"882b9d0205fffff","market_class":"true_whitespace","opportunity_score":74.4,"province":"ON","households":290},"geometry":{"type":"Point","coordinates":[-77.05191999378896,44.48880868653678]}},{"type":"Feature","properties":{"h3_id":"882b80ba67fffff","market_class":"true_whitespace","opportunity_score":75.2,"province":"QC","households":339},"geometry":{"type":"Point","coordinates":[-75.14655431300298,46.49463542826916]}},{"type":"Feature","properties":{"h3_id":"882b9dade7fffff","market_class":"true_whitespace","opportunity_score":71.3,"province":"ON","households":259},"geometry":{"type":"Point","coordinates":[-76.70759416614494,44.169185690607286]}},{"type":"Feature","properties":{"h3_id":"882baa5549fffff","market_class":"proven_market_no_pv","opportunity_score":54.8,"province":"QC","households":238},"geometry":{"type":"Point","coordinates":[-73.55473197476385,45.70539095782038]}},{"type":"Feature","properties":{"h3_id":"8828d89addfffff","market_class":"true_whitespace","opportunity_score":67.8,"province":"BC","households":270},"geometry":{"type":"Point","coordinates":[-124.42806985484285,49.354753173778455]}},{"type":"Feature","properties":{"h3_id":"881aa072b3fffff","market_class":"proven_market_no_pv","opportunity_score":62.6,"province":"NL","households":230},"geometry":{"type":"Point","coordinates":[-52.827615870720734,47.62406656152784]}},{"type":"Feature","properties":{"h3_id":"882b8194e5fffff","market_class":"proven_market_no_pv","opportunity_score":59.5,"province":"QC","households":240},"geometry":{"type":"Point","coordinates":[-74.09550875734787,45.749074545795885]}},{"type":"Feature","properties":{"h3_id":"8812595367fffff","market_class":"true_whitespace","opportunity_score":76.4,"province":"SK","households":308},"geometry":{"type":"Point","coordinates":[-107.24326014564511,52.40410329469686]}},{"type":"Feature","properties":{"h3_id":"882ba8c0adfffff","market_class":"true_whitespace","opportunity_score":76.3,"province":"QC","households":359},"geometry":{"type":"Point","coordinates":[-71.64751462386256,45.90616802319805]}},{"type":"Feature","properties":{"h3_id":"8828dc5329fffff","market_class":"true_whitespace","opportunity_score":63.9,"province":"BC","households":260},"geometry":{"type":"Point","coordinates":[-123.6143704314998,48.81050601216011]}},{"type":"Feature","properties":{"h3_id":"882703426dfffff","market_class":"true_whitespace","opportunity_score":75.0,"province":"MB","households":299},"geometry":{"type":"Point","coordinates":[-96.64928531454744,49.88320404429952]}},{"type":"Feature","properties":{"h3_id":"881285a757fffff","market_class":"true_whitespace","opportunity_score":80.7,"province":"BC","households":322},"geometry":{"type":"Point","coordinates":[-126.21017478677604,54.88563228260455]}},{"type":"Feature","properties":{"h3_id":"88125e2409fffff","market_class":"true_whitespace","opportunity_score":77.4,"province":"SK","households":346},"geometry":{"type":"Point","coordinates":[-108.94131549644464,53.010931591679025]}},{"type":"Feature","properties":{"h3_id":"882b949b1dfffff","market_class":"true_whitespace","opportunity_score":73.9,"province":"QC","households":316},"geometry":{"type":"Point","coordinates":[-78.98633814951984,48.668239259770694]}},{"type":"Feature","properties":{"h3_id":"882b9eccc9fffff","market_class":"true_whitespace","opportunity_score":76.3,"province":"ON","households":298},"geometry":{"type":"Point","coordinates":[-79.85701865644015,45.463375091082774]}},{"type":"Feature","properties":{"h3_id":"88271076d9fffff","market_class":"true_whitespace","opportunity_score":80.3,"province":"MB","households":343},"geometry":{"type":"Point","coordinates":[-100.32772917787352,50.53048195333792]}},{"type":"Feature","properties":{"h3_id":"88128d0cc5fffff","market_class":"true_whitespace","opportunity_score":79.3,"province":"BC","households":304},"geometry":{"type":"Point","coordinates":[-123.01588190030792,52.939926148042005]}},{"type":"Feature","properties":{"h3_id":"8827b5b155fffff","market_class":"true_whitespace","opportunity_score":80.6,"province":"SK","households":316},"geometry":{"type":"Point","coordinates":[-107.38733451132704,50.87328795741123]}},{"type":"Feature","properties":{"h3_id":"882baa4917fffff","market_class":"proven_market_no_pv","opportunity_score":60.0,"province":"QC","households":291},"geometry":{"type":"Point","coordinates":[-74.03852950129125,45.644462022280614]}},{"type":"Feature","properties":{"h3_id":"8827166e95fffff","market_class":"true_whitespace","opportunity_score":75.4,"province":"SK","households":323},"geometry":{"type":"Point","coordinates":[-102.04114926380565,50.94569334689255]}},{"type":"Feature","properties":{"h3_id":"882ba871e3fffff","market_class":"proven_market_no_pv","opportunity_score":63.7,"province":"QC","households":305},"geometry":{"type":"Point","coordinates":[-71.94624814774652,45.38147489258693]}},{"type":"Feature","properties":{"h3_id":"8827104447fffff","market_class":"true_whitespace","opportunity_score":80.6,"province":"MB","households":361},"geometry":{"type":"Point","coordinates":[-100.87257886424715,50.717624130916874]}},{"type":"Feature","properties":{"h3_id":"88126b3903fffff","market_class":"true_whitespace","opportunity_score":81.1,"province":"MB","households":354},"geometry":{"type":"Point","coordinates":[-101.37287414043313,54.58131733502021]}},{"type":"Feature","properties":{"h3_id":"8812ab7283fffff","market_class":"true_whitespace","opportunity_score":80.1,"province":"BC","households":308},"geometry":{"type":"Point","coordinates":[-123.61965119597404,53.89052246915269]}},{"type":"Feature","properties":{"h3_id":"882b1ca139fffff","market_class":"true_whitespace","opportunity_score":61.2,"province":"NB","households":265},"geometry":{"type":"Point","coordinates":[-66.19745227668643,45.30622104071046]}},{"type":"Feature","properties":{"h3_id":"882bac6dabfffff","market_class":"true_whitespace","opportunity_score":76.0,"province":"QC","households":329},"geometry":{"type":"Point","coordinates":[-71.36301918276756,46.05189142259696]}},{"type":"Feature","properties":{"h3_id":"8812de741bfffff","market_class":"true_whitespace","opportunity_score":78.4,"province":"BC","households":352},"geometry":{"type":"Point","coordinates":[-118.77474119379139,49.01109386852985]}},{"type":"Feature","properties":{"h3_id":"882baa9441fffff","market_class":"true_whitespace","opportunity_score":63.2,"province":"QC","households":280},"geometry":{"type":"Point","coordinates":[-72.43114738601841,45.83393924945715]}},{"type":"Feature","properties":{"h3_id":"881b99b4b9fffff","market_class":"true_whitespace","opportunity_score":80.6,"province":"NL","households":363},"geometry":{"type":"Point","coordinates":[-53.96151716469662,49.44798880946462]}},{"type":"Feature","properties":{"h3_id":"8828d33215fffff","market_class":"true_whitespace","opportunity_score":63.1,"province":"BC","households":248},"geometry":{"type":"Point","coordinates":[-122.01679784059249,49.16428438867662]}},{"type":"Feature","properties":{"h3_id":"88126b4edbfffff","market_class":"true_whitespace","opportunity_score":81.1,"province":"SK","households":371},"geometry":{"type":"Point","coordinates":[-102.07980997216163,54.66505449279418]}},{"type":"Feature","properties":{"h3_id":"882baa9469fffff","market_class":"true_whitespace","opportunity_score":64.1,"province":"QC","households":294},"geometry":{"type":"Point","coordinates":[-72.45506137236261,45.8392727223471]}},{"type":"Feature","properties":{"h3_id":"882bac6c65fffff","market_class":"true_whitespace","opportunity_score":78.3,"province":"QC","households":310},"geometry":{"type":"Point","coordinates":[-71.30187663053908,46.116173681770654]}},{"type":"Feature","properties":{"h3_id":"882b9a808bfffff","market_class":"true_whitespace","opportunity_score":62.2,"province":"ON","households":222},"geometry":{"type":"Point","coordinates":[-79.8180318989412,44.48178314662238]}},{"type":"Feature","properties":{"h3_id":"8828dc6e45fffff","market_class":"true_whitespace","opportunity_score":67.0,"province":"BC","households":254},"geometry":{"type":"Point","coordinates":[-124.13957632199357,49.2752577711874]}},{"type":"Feature","properties":{"h3_id":"882ba120a9fffff","market_class":"true_whitespace","opportunity_score":67.5,"province":"QC","households":237},"geometry":{"type":"Point","coordinates":[-71.38259696712518,47.00268546645795]}},{"type":"Feature","properties":{"h3_id":"882708892bfffff","market_class":"true_whitespace","opportunity_score":80.9,"province":"ON","households":272},"geometry":{"type":"Point","coordinates":[-93.3870592933098,48.6182416935434]}},{"type":"Feature","properties":{"h3_id":"88125c2285fffff","market_class":"true_whitespace","opportunity_score":80.5,"province":"SK","households":371},"geometry":{"type":"Point","coordinates":[-107.55186673122903,53.63241022761206]}},{"type":"Feature","properties":{"h3_id":"8812d17891fffff","market_class":"true_whitespace","opportunity_score":61.8,"province":"BC","households":389},"geometry":{"type":"Point","coordinates":[-119.39796098075406,49.95256404845005]}},{"type":"Feature","properties":{"h3_id":"882b856c9bfffff","market_class":"true_whitespace","opportunity_score":77.7,"province":"QC","households":336},"geometry":{"type":"Point","coordinates":[-74.5178525866905,45.96702122742816]}},{"type":"Feature","properties":{"h3_id":"882b9084ddfffff","market_class":"true_whitespace","opportunity_score":79.7,"province":"QC","households":357},"geometry":{"type":"Point","coordinates":[-79.32574861888757,47.28395812188013]}},{"type":"Feature","properties":{"h3_id":"882b90bac9fffff","market_class":"true_whitespace","opportunity_score":79.8,"province":"QC","households":329},"geometry":{"type":"Point","coordinates":[-79.36866700583278,47.198481128079514]}},{"type":"Feature","properties":{"h3_id":"882b145b3dfffff","market_class":"true_whitespace","opportunity_score":80.7,"province":"QC","households":342},"geometry":{"type":"Point","coordinates":[-67.89153472224066,48.7171407455548]}},{"type":"Feature","properties":{"h3_id":"880ee80967fffff","market_class":"true_whitespace","opportunity_score":81.3,"province":"QC","households":284},"geometry":{"type":"Point","coordinates":[-78.4997512072377,52.24494624603651]}},{"type":"Feature","properties":{"h3_id":"8827a1c351fffff","market_class":"true_whitespace","opportunity_score":76.2,"province":"SK","households":282},"geometry":{"type":"Point","coordinates":[-103.95401815000426,50.331837525792466]}},{"type":"Feature","properties":{"h3_id":"882baa971dfffff","market_class":"true_whitespace","opportunity_score":62.8,"province":"QC","households":319},"geometry":{"type":"Point","coordinates":[-72.4504382270344,45.86164048735505]}},{"type":"Feature","properties":{"h3_id":"882ab6b811fffff","market_class":"true_whitespace","opportunity_score":74.4,"province":"ON","households":303},"geometry":{"type":"Point","coordinates":[-81.93603998044534,43.12424099551169]}},{"type":"Feature","properties":{"h3_id":"881258d989fffff","market_class":"true_whitespace","opportunity_score":78.7,"province":"SK","households":336},"geometry":{"type":"Point","coordinates":[-108.76377842775717,53.189934315014575]}},{"type":"Feature","properties":{"h3_id":"882ba54555fffff","market_class":"true_whitespace","opportunity_score":62.6,"province":"QC","households":280},"geometry":{"type":"Point","coordinates":[-71.16619614124542,48.46702846707894]}},{"type":"Feature","properties":{"h3_id":"882baab517fffff","market_class":"true_whitespace","opportunity_score":74.5,"province":"QC","households":307},"geometry":{"type":"Point","coordinates":[-72.40474664749911,45.399919578800436]}},{"type":"Feature","properties":{"h3_id":"882b1cda9bfffff","market_class":"proven_market_no_pv","opportunity_score":58.8,"province":"NB","households":283},"geometry":{"type":"Point","coordinates":[-66.72257244414457,45.96123410013851]}},{"type":"Feature","properties":{"h3_id":"882715169bfffff","market_class":"true_whitespace","opportunity_score":80.6,"province":"MB","households":324},"geometry":{"type":"Point","coordinates":[-98.41717071627585,51.28978241554807]}},{"type":"Feature","properties":{"h3_id":"8812d56d69fffff","market_class":"true_whitespace","opportunity_score":77.3,"province":"BC","households":333},"geometry":{"type":"Point","coordinates":[-119.68903751756926,50.812188198190334]}},{"type":"Feature","properties":{"h3_id":"881aa04823fffff","market_class":"true_whitespace","opportunity_score":76.0,"province":"NL","households":349},"geometry":{"type":"Point","coordinates":[-53.552774120337034,47.56407198963497]}},{"type":"Feature","properties":{"h3_id":"882ab4c64bfffff","market_class":"true_whitespace","opportunity_score":73.7,"province":"ON","households":259},"geometry":{"type":"Point","coordinates":[-80.83391081707015,43.56764452227434]}},{"type":"Feature","properties":{"h3_id":"8812dd78b1fffff","market_class":"true_whitespace","opportunity_score":80.1,"province":"BC","households":310},"geometry":{"type":"Point","coordinates":[-116.47026353033773,49.09066912330624]}},{"type":"Feature","properties":{"h3_id":"882bac1255fffff","market_class":"true_whitespace","opportunity_score":79.8,"province":"QC","households":364},"geometry":{"type":"Point","coordinates":[-70.45748970646481,46.68160045165483]}},{"type":"Feature","properties":{"h3_id":"8813867029fffff","market_class":"true_whitespace","opportunity_score":81.3,"province":"YT","households":263},"geometry":{"type":"Point","coordinates":[-135.09998720332908,60.71341662418747]}},{"type":"Feature","properties":{"h3_id":"882ba86a13fffff","market_class":"proven_market_no_pv","opportunity_score":63.6,"province":"QC","households":294},"geometry":{"type":"Point","coordinates":[-72.12820158764939,45.28303909786586]}},{"type":"Feature","properties":{"h3_id":"8827acc007fffff","market_class":"true_whitespace","opportunity_score":79.9,"province":"SK","households":279},"geometry":{"type":"Point","coordinates":[-102.4947953555099,49.63048839469737]}},{"type":"Feature","properties":{"h3_id":"881b998f47fffff","market_class":"true_whitespace","opportunity_score":80.4,"province":"NL","households":352},"geometry":{"type":"Point","coordinates":[-54.77648168243325,49.49481408737772]}},{"type":"Feature","properties":{"h3_id":"88125c6d13fffff","market_class":"true_whitespace","opportunity_score":78.8,"province":"SK","households":342},"geometry":{"type":"Point","coordinates":[-108.354813823139,53.36452324043136]}},{"type":"Feature","properties":{"h3_id":"882b10868bfffff","market_class":"true_whitespace","opportunity_score":79.6,"province":"NB","households":316},"geometry":{"type":"Point","coordinates":[-67.38936568649383,47.51745119758585]}},{"type":"Feature","properties":{"h3_id":"8812e12737fffff","market_class":"proven_market_no_pv","opportunity_score":55.5,"province":"AB","households":301},"geometry":{"type":"Point","coordinates":[-113.71478790360857,53.478906270155676]}},{"type":"Feature","properties":{"h3_id":"8812ddca33fffff","market_class":"true_whitespace","opportunity_score":80.0,"province":"BC","households":322},"geometry":{"type":"Point","coordinates":[-116.83971929859993,49.68203627007409]}},{"type":"Feature","properties":{"h3_id":"882b06d8a5fffff","market_class":"true_whitespace","opportunity_score":74.5,"province":"NB","households":340},"geometry":{"type":"Point","coordinates":[-64.9365876144555,47.78700492726962]}},{"type":"Feature","properties":{"h3_id":"88122e95bdfffff","market_class":"true_whitespace","opportunity_score":81.2,"province":"NT_NU","households":239},"geometry":{"type":"Point","coordinates":[-115.79105045274552,60.8213222131905]}},{"type":"Feature","properties":{"h3_id":"88276c0e49fffff","market_class":"true_whitespace","opportunity_score":80.1,"province":"ON","households":341},"geometry":{"type":"Point","coordinates":[-82.24829438689157,45.90740881818861]}},{"type":"Feature","properties":{"h3_id":"882ba0c5b7fffff","market_class":"true_whitespace","opportunity_score":71.8,"province":"QC","households":325},"geometry":{"type":"Point","coordinates":[-72.44253369991495,48.65427278400623]}},{"type":"Feature","properties":{"h3_id":"882baa4ed5fffff","market_class":"proven_market_no_pv","opportunity_score":55.3,"province":"QC","households":231},"geometry":{"type":"Point","coordinates":[-73.73584355493746,45.50377230470406]}},{"type":"Feature","properties":{"h3_id":"882b16164bfffff","market_class":"proven_market_no_pv","opportunity_score":70.2,"province":"QC","households":375},"geometry":{"type":"Point","coordinates":[-68.52030600674338,48.46431329738132]}},{"type":"Feature","properties":{"h3_id":"8812593513fffff","market_class":"true_whitespace","opportunity_score":77.4,"province":"SK","households":290},"geometry":{"type":"Point","coordinates":[-105.87308092485937,51.9776506364544]}},{"type":"Feature","properties":{"h3_id":"882bac4245fffff","market_class":"proven_market_no_pv","opportunity_score":62.0,"province":"QC","households":228},"geometry":{"type":"Point","coordinates":[-71.18834847491004,46.70446584590541]}},{"type":"Feature","properties":{"h3_id":"882b006e19fffff","market_class":"true_whitespace","opportunity_score":74.9,"province":"NB","households":290},"geometry":{"type":"Point","coordinates":[-64.6518044683932,45.92665473990762]}},{"type":"Feature","properties":{"h3_id":"882ba57331fffff","market_class":"true_whitespace","opportunity_score":60.7,"province":"QC","households":289},"geometry":{"type":"Point","coordinates":[-71.0149456966601,48.34412151254519]}},{"type":"Feature","properties":{"h3_id":"882b1270c1fffff","market_class":"true_whitespace","opportunity_score":80.4,"province":"QC","households":349},"geometry":{"type":"Point","coordinates":[-70.12858385669757,47.28641660284783]}},{"type":"Feature","properties":{"h3_id":"8812ea69b5fffff","market_class":"proven_market_no_pv","opportunity_score":55.6,"province":"AB","households":216},"geometry":{"type":"Point","coordinates":[-114.26668763905664,51.1313616109296]}},{"type":"Feature","properties":{"h3_id":"882b002907fffff","market_class":"true_whitespace","opportunity_score":69.7,"province":"NB","households":318},"geometry":{"type":"Point","coordinates":[-64.37688592821024,45.89921148395141]}},{"type":"Feature","properties":{"h3_id":"882ba54401fffff","market_class":"proven_market_no_pv","opportunity_score":62.0,"province":"QC","households":263},"geometry":{"type":"Point","coordinates":[-71.10089817307987,48.44406084961098]}},{"type":"Feature","properties":{"h3_id":"882b10869dfffff","market_class":"true_whitespace","opportunity_score":79.6,"province":"NB","households":323},"geometry":{"type":"Point","coordinates":[-67.38783581449808,47.508927339808814]}},{"type":"Feature","properties":{"h3_id":"882b801a45fffff","market_class":"true_whitespace","opportunity_score":73.6,"province":"QC","households":327},"geometry":{"type":"Point","coordinates":[-75.72084364009822,46.62040138815579]}},{"type":"Feature","properties":{"h3_id":"881aa04a15fffff","market_class":"true_whitespace","opportunity_score":75.7,"province":"NL","households":329},"geometry":{"type":"Point","coordinates":[-53.50996276442207,47.63402504919728]}},{"type":"Feature","properties":{"h3_id":"882baad2bdfffff","market_class":"proven_market_no_pv","opportunity_score":64.5,"province":"QC","households":326},"geometry":{"type":"Point","coordinates":[-73.09016419341756,46.04882405640987]}},{"type":"Feature","properties":{"h3_id":"882b01a06dfffff","market_class":"true_whitespace","opportunity_score":78.7,"province":"NS","households":320},"geometry":{"type":"Point","coordinates":[-62.95495157913244,45.13904096560196]}},{"type":"Feature","properties":{"h3_id":"882b1cc03bfffff","market_class":"true_whitespace","opportunity_score":70.9,"province":"NB","households":232},"geometry":{"type":"Point","coordinates":[-66.73681600780006,45.84489337018807]}},{"type":"Feature","properties":{"h3_id":"882b81a369fffff","market_class":"true_whitespace","opportunity_score":65.3,"province":"QC","households":261},"geometry":{"type":"Point","coordinates":[-74.21080635617407,45.456247948883714]}},{"type":"Feature","properties":{"h3_id":"8812ccb2b9fffff","market_class":"true_whitespace","opportunity_score":73.9,"province":"AB","households":330},"geometry":{"type":"Point","coordinates":[-113.05427736922401,50.862934937980356]}},{"type":"Feature","properties":{"h3_id":"8828dad6e1fffff","market_class":"true_whitespace","opportunity_score":68.6,"province":"BC","households":284},"geometry":{"type":"Point","coordinates":[-123.03957080347008,50.079591496720624]}},{"type":"Feature","properties":{"h3_id":"881aa46739fffff","market_class":"true_whitespace","opportunity_score":80.2,"province":"NL","households":336},"geometry":{"type":"Point","coordinates":[-53.08141817884722,48.499055886268145]}},{"type":"Feature","properties":{"h3_id":"8812cca313fffff","market_class":"true_whitespace","opportunity_score":77.6,"province":"AB","households":305},"geometry":{"type":"Point","coordinates":[-113.14466817015784,50.73769400824752]}},{"type":"Feature","properties":{"h3_id":"882b8098a3fffff","market_class":"true_whitespace","opportunity_score":75.1,"province":"QC","households":318},"geometry":{"type":"Point","coordinates":[-75.3423623338239,46.780838045177326]}},{"type":"Feature","properties":{"h3_id":"882bac6c3dfffff","market_class":"true_whitespace","opportunity_score":77.8,"province":"QC","households":336},"geometry":{"type":"Point","coordinates":[-71.29292522491704,46.082646059207065]}},{"type":"Feature","properties":{"h3_id":"881aa2b34bfffff","market_class":"true_whitespace","opportunity_score":75.7,"province":"NL","households":288},"geometry":{"type":"Point","coordinates":[-53.55229101757809,47.49287496910321]}},{"type":"Feature","properties":{"h3_id":"8812418237fffff","market_class":"true_whitespace","opportunity_score":80.9,"province":"SK","households":363},"geometry":{"type":"Point","coordinates":[-104.5593989001818,55.42072714293833]}},{"type":"Feature","properties":{"h3_id":"881285296dfffff","market_class":"true_whitespace","opportunity_score":78.5,"province":"BC","households":248},"geometry":{"type":"Point","coordinates":[-126.66646432500019,54.38620572875158]}},{"type":"Feature","properties":{"h3_id":"881b9950dbfffff","market_class":"true_whitespace","opportunity_score":76.1,"province":"NL","households":341},"geometry":{"type":"Point","coordinates":[-55.33057157604629,49.126313469149835]}},{"type":"Feature","properties":{"h3_id":"882b2a858bfffff","market_class":"true_whitespace","opportunity_score":80.1,"province":"NS","households":351},"geometry":{"type":"Point","coordinates":[-61.379068986758114,45.21490942894422]}},{"type":"Feature","properties":{"h3_id":"882bac6da3fffff","market_class":"true_whitespace","opportunity_score":75.6,"province":"QC","households":311},"geometry":{"type":"Point","coordinates":[-71.3727037615404,46.04629819896393]}},{"type":"Feature","properties":{"h3_id":"882b1ca105fffff","market_class":"true_whitespace","opportunity_score":62.4,"province":"NB","households":258},"geometry":{"type":"Point","coordinates":[-66.1999077206193,45.32293490542286]}},{"type":"Feature","properties":{"h3_id":"882baa9621fffff","market_class":"true_whitespace","opportunity_score":65.6,"province":"QC","households":265},"geometry":{"type":"Point","coordinates":[-72.41455254142295,45.853635074031594]}},{"type":"Feature","properties":{"h3_id":"881aa2b6abfffff","market_class":"true_whitespace","opportunity_score":75.7,"province":"NL","households":305},"geometry":{"type":"Point","coordinates":[-53.19614261792528,47.41496188835495]}},{"type":"Feature","properties":{"h3_id":"882b9c1901fffff","market_class":"true_whitespace","opportunity_score":78.7,"province":"ON","households":292},"geometry":{"type":"Point","coordinates":[-78.2348530382559,45.49031019737611]}},{"type":"Feature","properties":{"h3_id":"88272bcb51fffff","market_class":"true_whitespace","opportunity_score":80.7,"province":"ON","households":272},"geometry":{"type":"Point","coordinates":[-91.91836867964693,50.10783290767158]}},{"type":"Feature","properties":{"h3_id":"88270c98b5fffff","market_class":"true_whitespace","opportunity_score":80.3,"province":"ON","households":266},"geometry":{"type":"Point","coordinates":[-92.84665599102173,49.791631398946464]}},{"type":"Feature","properties":{"h3_id":"882ba8711dfffff","market_class":"proven_market_no_pv","opportunity_score":63.0,"province":"QC","households":279},"geometry":{"type":"Point","coordinates":[-71.93426429447854,45.41765364415954]}},{"type":"Feature","properties":{"h3_id":"8827a481c3fffff","market_class":"true_whitespace","opportunity_score":77.4,"province":"SK","households":308},"geometry":{"type":"Point","coordinates":[-104.73971972967742,52.00381527502899]}},{"type":"Feature","properties":{"h3_id":"88124846b9fffff","market_class":"true_whitespace","opportunity_score":77.3,"province":"SK","households":327},"geometry":{"type":"Point","coordinates":[-103.66302398706284,53.10673191598594]}},{"type":"Feature","properties":{"h3_id":"882bac5017fffff","market_class":"proven_market_no_pv","opportunity_score":61.9,"province":"QC","households":291},"geometry":{"type":"Point","coordinates":[-71.13367842987795,46.75495407030633]}},{"type":"Feature","properties":{"h3_id":"882bb0964dfffff","market_class":"true_whitespace","opportunity_score":80.7,"province":"QC","households":339},"geometry":{"type":"Point","coordinates":[-75.97593166405944,49.6908347768042]}},{"type":"Feature","properties":{"h3_id":"88270c98b3fffff","market_class":"true_whitespace","opportunity_score":80.3,"province":"ON","households":259},"geometry":{"type":"Point","coordinates":[-92.82648946890451,49.78354003256887]}},{"type":"Feature","properties":{"h3_id":"882baa0a9bfffff","market_class":"proven_market_no_pv","opportunity_score":57.6,"province":"QC","households":260},"geometry":{"type":"Point","coordinates":[-73.2632716571631,45.488040832863334]}},{"type":"Feature","properties":{"h3_id":"881b9cc745fffff","market_class":"true_whitespace","opportunity_score":80.8,"province":"NL","households":338},"geometry":{"type":"Point","coordinates":[-57.37015015811227,50.70471918409524]}},{"type":"Feature","properties":{"h3_id":"880e4d3a8dfffff","market_class":"true_whitespace","opportunity_score":81.0,"province":"QC","households":248},"geometry":{"type":"Point","coordinates":[-66.85881699740942,50.02332280060761]}},{"type":"Feature","properties":{"h3_id":"88270e3587fffff","market_class":"true_whitespace","opportunity_score":80.6,"province":"ON","households":272},"geometry":{"type":"Point","coordinates":[-94.15827435653792,48.68803918685573]}},{"type":"Feature","properties":{"h3_id":"882bac2167fffff","market_class":"true_whitespace","opportunity_score":70.8,"province":"QC","households":344},"geometry":{"type":"Point","coordinates":[-70.67778211535473,46.12574023151821]}},{"type":"Feature","properties":{"h3_id":"882ba8685dfffff","market_class":"true_whitespace","opportunity_score":68.8,"province":"QC","households":290},"geometry":{"type":"Point","coordinates":[-72.18242363166877,45.27982363170721]}},{"type":"Feature","properties":{"h3_id":"8827028529fffff","market_class":"true_whitespace","opportunity_score":79.2,"province":"MB","households":323},"geometry":{"type":"Point","coordinates":[-96.99169190410478,50.80109069254935]}},{"type":"Feature","properties":{"h3_id":"881253c5c9fffff","market_class":"true_whitespace","opportunity_score":74.8,"province":"AB","households":303},"geometry":{"type":"Point","coordinates":[-111.56210683371184,54.12980453671742]}},{"type":"Feature","properties":{"h3_id":"882ba1245bfffff","market_class":"proven_market_no_pv","opportunity_score":61.4,"province":"QC","households":260},"geometry":{"type":"Point","coordinates":[-71.21059743030598,46.915343804078134]}},{"type":"Feature","properties":{"h3_id":"88122e8743fffff","market_class":"true_whitespace","opportunity_score":81.0,"province":"NT_NU","households":219},"geometry":{"type":"Point","coordinates":[-115.79977501947799,60.79603853470207]}},{"type":"Feature","properties":{"h3_id":"882bad49cbfffff","market_class":"true_whitespace","opportunity_score":80.2,"province":"QC","households":316},"geometry":{"type":"Point","coordinates":[-70.73823311095137,45.6604737633461]}},{"type":"Feature","properties":{"h3_id":"882ba86893fffff","market_class":"true_whitespace","opportunity_score":73.0,"province":"QC","households":220},"geometry":{"type":"Point","coordinates":[-72.17764459595996,45.18556900308514]}},{"type":"Feature","properties":{"h3_id":"882baa291dfffff","market_class":"true_whitespace","opportunity_score":76.7,"province":"QC","households":274},"geometry":{"type":"Point","coordinates":[-73.31784310215751,45.12872390529267]}},{"type":"Feature","properties":{"h3_id":"882b0125c5fffff","market_class":"true_whitespace","opportunity_score":61.4,"province":"NS","households":278},"geometry":{"type":"Point","coordinates":[-63.42011551107445,44.722572881225794]}},{"type":"Feature","properties":{"h3_id":"882b120f13fffff","market_class":"true_whitespace","opportunity_score":80.4,"province":"QC","households":318},"geometry":{"type":"Point","coordinates":[-69.91585321774174,47.35445936279243]}},{"type":"Feature","properties":{"h3_id":"8812d43ab5fffff","market_class":"true_whitespace","opportunity_score":78.7,"province":"BC","households":342},"geometry":{"type":"Point","coordinates":[-120.76303057293929,51.5235795464139]}},{"type":"Feature","properties":{"h3_id":"8828d8c0bbfffff","market_class":"true_whitespace","opportunity_score":75.5,"province":"BC","households":306},"geometry":{"type":"Point","coordinates":[-124.03013256267367,49.6153370769099]}},{"type":"Feature","properties":{"h3_id":"8827022ce7fffff","market_class":"proven_market_no_pv","opportunity_score":59.6,"province":"MB","households":214},"geometry":{"type":"Point","coordinates":[-97.0322954264209,49.9704527231412]}},{"type":"Feature","properties":{"h3_id":"882ab6b939fffff","market_class":"true_whitespace","opportunity_score":74.3,"province":"ON","households":275},"geometry":{"type":"Point","coordinates":[-82.041324154554,43.13884274204125]}},{"type":"Feature","properties":{"h3_id":"8828dac889fffff","market_class":"true_whitespace","opportunity_score":76.1,"province":"BC","households":244},"geometry":{"type":"Point","coordinates":[-122.76219049899288,50.3151440842394]}},{"type":"Feature","properties":{"h3_id":"882bab9921fffff","market_class":"true_whitespace","opportunity_score":78.0,"province":"QC","households":328},"geometry":{"type":"Point","coordinates":[-72.09784581515403,45.02002505149256]}},{"type":"Feature","properties":{"h3_id":"8812ea1a11fffff","market_class":"true_whitespace","opportunity_score":64.1,"province":"AB","households":310},"geometry":{"type":"Point","coordinates":[-114.09680962344618,51.79459859987588]}},{"type":"Feature","properties":{"h3_id":"8812c13699fffff","market_class":"true_whitespace","opportunity_score":73.7,"province":"AB","households":214},"geometry":{"type":"Point","coordinates":[-114.46490775488716,50.904872325000916]}},{"type":"Feature","properties":{"h3_id":"881b9aa661fffff","market_class":"true_whitespace","opportunity_score":80.1,"province":"NL","households":341},"geometry":{"type":"Point","coordinates":[-56.85289399868924,48.826523469538344]}},{"type":"Feature","properties":{"h3_id":"88270ea253fffff","market_class":"true_whitespace","opportunity_score":80.2,"province":"ON","households":302},"geometry":{"type":"Point","coordinates":[-93.92679967566545,49.10749064275951]}},{"type":"Feature","properties":{"h3_id":"8812e4da33fffff","market_class":"true_whitespace","opportunity_score":78.2,"province":"AB","households":322},"geometry":{"type":"Point","coordinates":[-117.10722239702554,55.726651121921044]}},{"type":"Feature","properties":{"h3_id":"882baa0a29fffff","market_class":"proven_market_no_pv","opportunity_score":55.3,"province":"QC","households":346},"geometry":{"type":"Point","coordinates":[-73.33430642023788,45.57305849881318]}},{"type":"Feature","properties":{"h3_id":"881aa22329fffff","market_class":"true_whitespace","opportunity_score":80.1,"province":"NL","households":317},"geometry":{"type":"Point","coordinates":[-53.58339805514268,46.90519522609626]}},{"type":"Feature","properties":{"h3_id":"88271ec10bfffff","market_class":"true_whitespace","opportunity_score":79.1,"province":"MB","households":294},"geometry":{"type":"Point","coordinates":[-99.62865150964979,49.3957362106361]}},{"type":"Feature","properties":{"h3_id":"881aa07939fffff","market_class":"true_whitespace","opportunity_score":77.4,"province":"NL","households":284},"geometry":{"type":"Point","coordinates":[-53.16566026769421,47.472506775542996]}},{"type":"Feature","properties":{"h3_id":"8812ea1a3dfffff","market_class":"proven_market_no_pv","opportunity_score":64.2,"province":"AB","households":259},"geometry":{"type":"Point","coordinates":[-114.13395869287322,51.78850501169729]}},{"type":"Feature","properties":{"h3_id":"88125b8457fffff","market_class":"true_whitespace","opportunity_score":77.2,"province":"SK","households":306},"geometry":{"type":"Point","coordinates":[-107.54403096714726,52.05096560362316]}},{"type":"Feature","properties":{"h3_id":"881aa06363fffff","market_class":"true_whitespace","opportunity_score":64.3,"province":"NL","households":232},"geometry":{"type":"Point","coordinates":[-52.96548616675857,47.50759571144763]}},{"type":"Feature","properties":{"h3_id":"882bac84a3fffff","market_class":"true_whitespace","opportunity_score":80.1,"province":"QC","households":361},"geometry":{"type":"Point","coordinates":[-70.09125239762835,46.568844728161196]}},{"type":"Feature","properties":{"h3_id":"88271191b5fffff","market_class":"true_whitespace","opportunity_score":79.1,"province":"MB","households":293},"geometry":{"type":"Point","coordinates":[-98.73627917539373,50.59344293876741]}},{"type":"Feature","properties":{"h3_id":"8827a4908dfffff","market_class":"true_whitespace","opportunity_score":73.9,"province":"SK","households":271},"geometry":{"type":"Point","coordinates":[-104.65737195603147,52.1602279092558]}},{"type":"Feature","properties":{"h3_id":"882ba57441fffff","market_class":"true_whitespace","opportunity_score":76.7,"province":"QC","households":287},"geometry":{"type":"Point","coordinates":[-70.84305976878757,48.184092015536386]}},{"type":"Feature","properties":{"h3_id":"882b2e2119fffff","market_class":"true_whitespace","opportunity_score":74.4,"province":"NS","households":335},"geometry":{"type":"Point","coordinates":[-60.93558939669498,45.6298005457615]}},{"type":"Feature","properties":{"h3_id":"882bae0117fffff","market_class":"true_whitespace","opportunity_score":73.2,"province":"QC","households":291},"geometry":{"type":"Point","coordinates":[-72.4111891226369,46.49441820845622]}},{"type":"Feature","properties":{"h3_id":"8812ccdb4bfffff","market_class":"true_whitespace","opportunity_score":72.7,"province":"AB","households":209},"geometry":{"type":"Point","coordinates":[-114.45646902047912,51.04025448283987]}},{"type":"Feature","properties":{"h3_id":"882b161631fffff","market_class":"true_whitespace","opportunity_score":73.3,"province":"QC","households":304},"geometry":{"type":"Point","coordinates":[-68.57129800031579,48.42860942197535]}},{"type":"Feature","properties":{"h3_id":"882b168601fffff","market_class":"true_whitespace","opportunity_score":80.3,"province":"QC","households":296},"geometry":{"type":"Point","coordinates":[-68.16880575227995,48.57723818953232]}},{"type":"Feature","properties":{"h3_id":"8827b19021fffff","market_class":"true_whitespace","opportunity_score":73.4,"province":"SK","households":299},"geometry":{"type":"Point","coordinates":[-107.73378869403103,50.09808978101824]}},{"type":"Feature","properties":{"h3_id":"882b0a4749fffff","market_class":"true_whitespace","opportunity_score":74.5,"province":"NS","households":277},"geometry":{"type":"Point","coordinates":[-65.76937999606807,43.61590691795248]}},{"type":"Feature","properties":{"h3_id":"882b808129fffff","market_class":"true_whitespace","opportunity_score":75.6,"province":"QC","households":312},"geometry":{"type":"Point","coordinates":[-75.31469640711043,46.73669038542619]}},{"type":"Feature","properties":{"h3_id":"88124a2f5bfffff","market_class":"true_whitespace","opportunity_score":77.0,"province":"SK","households":300},"geometry":{"type":"Point","coordinates":[-104.5009518467186,52.32992043200343]}},{"type":"Feature","properties":{"h3_id":"882b12d6d5fffff","market_class":"true_whitespace","opportunity_score":73.3,"province":"QC","households":294},"geometry":{"type":"Point","coordinates":[-69.53828444347502,47.85516915077079]}},{"type":"Feature","properties":{"h3_id":"88272a35a3fffff","market_class":"true_whitespace","opportunity_score":80.6,"province":"ON","households":304},"geometry":{"type":"Point","coordinates":[-92.17312816080637,50.09411133966698]}},{"type":"Feature","properties":{"h3_id":"882712c093fffff","market_class":"true_whitespace","opportunity_score":78.0,"province":"SK","households":308},"geometry":{"type":"Point","coordinates":[-102.29529695503167,50.66392835380214]}},{"type":"Feature","properties":{"h3_id":"88125ea603fffff","market_class":"true_whitespace","opportunity_score":79.8,"province":"SK","households":326},"geometry":{"type":"Point","coordinates":[-108.71343518131444,53.44518019286706]}},{"type":"Feature","properties":{"h3_id":"882b80543dfffff","market_class":"true_whitespace","opportunity_score":74.3,"province":"QC","households":333},"geometry":{"type":"Point","coordinates":[-76.04494439156623,46.53426952722679]}},{"type":"Feature","properties":{"h3_id":"8827a53887fffff","market_class":"true_whitespace","opportunity_score":76.7,"province":"SK","households":314},"geometry":{"type":"Point","coordinates":[-103.19871947087378,50.73019213332206]}},{"type":"Feature","properties":{"h3_id":"882703658bfffff","market_class":"true_whitespace","opportunity_score":78.5,"province":"MB","households":275},"geometry":{"type":"Point","coordinates":[-96.14673951101791,49.28833279638778]}},{"type":"Feature","properties":{"h3_id":"882baacab3fffff","market_class":"proven_market_no_pv","opportunity_score":64.2,"province":"QC","households":252},"geometry":{"type":"Point","coordinates":[-73.43372340348606,45.88915794201668]}},{"type":"Feature","properties":{"h3_id":"882b1d15c1fffff","market_class":"true_whitespace","opportunity_score":74.9,"province":"NS","households":327},"geometry":{"type":"Point","coordinates":[-65.82013967077718,44.45413194702979]}},{"type":"Feature","properties":{"h3_id":"8827ac0a31fffff","market_class":"true_whitespace","opportunity_score":77.9,"province":"SK","households":266},"geometry":{"type":"Point","coordinates":[-102.2835151974027,49.265960768745295]}},{"type":"Feature","properties":{"h3_id":"8813a34d89fffff","market_class":"true_whitespace","opportunity_score":81.0,"province":"YT","households":293},"geometry":{"type":"Point","coordinates":[-133.35324940856924,62.22973641775155]}},{"type":"Feature","properties":{"h3_id":"8812ce4997fffff","market_class":"true_whitespace","opportunity_score":74.9,"province":"BC","households":275},"geometry":{"type":"Point","coordinates":[-115.73345853151166,49.79000867273495]}},{"type":"Feature","properties":{"h3_id":"882baa56e5fffff","market_class":"proven_market_no_pv","opportunity_score":56.3,"province":"QC","households":219},"geometry":{"type":"Point","coordinates":[-73.44155274447613,45.66578547917487]}},{"type":"Feature","properties":{"h3_id":"880e981a87fffff","market_class":"true_whitespace","opportunity_score":80.9,"province":"MB","households":354},"geometry":{"type":"Point","coordinates":[-96.09158131212935,56.24569864464153]}},{"type":"Feature","properties":{"h3_id":"882ba0d463fffff","market_class":"true_whitespace","opportunity_score":78.2,"province":"QC","households":317},"geometry":{"type":"Point","coordinates":[-72.23408931373338,48.87298328200413]}},{"type":"Feature","properties":{"h3_id":"881aa06367fffff","market_class":"true_whitespace","opportunity_score":64.3,"province":"NL","households":257},"geometry":{"type":"Point","coordinates":[-52.97690441779541,47.503807503877894]}},{"type":"Feature","properties":{"h3_id":"8827022e11fffff","market_class":"true_whitespace","opportunity_score":69.8,"province":"MB","households":243},"geometry":{"type":"Point","coordinates":[-96.97766530805272,50.05292145120692]}},{"type":"Feature","properties":{"h3_id":"882b1696cbfffff","market_class":"true_whitespace","opportunity_score":80.4,"province":"QC","households":330},"geometry":{"type":"Point","coordinates":[-67.98770392254559,48.66877991462159]}},{"type":"Feature","properties":{"h3_id":"8827a185e9fffff","market_class":"true_whitespace","opportunity_score":79.6,"province":"SK","households":312},"geometry":{"type":"Point","coordinates":[-103.13719465097981,50.192162738830476]}},{"type":"Feature","properties":{"h3_id":"882baab457fffff","market_class":"true_whitespace","opportunity_score":75.8,"province":"QC","households":291},"geometry":{"type":"Point","coordinates":[-72.30544983711812,45.400892191873]}},{"type":"Feature","properties":{"h3_id":"88124bc1ebfffff","market_class":"true_whitespace","opportunity_score":79.3,"province":"SK","households":326},"geometry":{"type":"Point","coordinates":[-103.85604040980564,52.437213951804274]}},{"type":"Feature","properties":{"h3_id":"8812edac03fffff","market_class":"true_whitespace","opportunity_score":74.7,"province":"AB","households":285},"geometry":{"type":"Point","coordinates":[-110.45500050135837,52.757072165829264]}},{"type":"Feature","properties":{"h3_id":"8812507b0dfffff","market_class":"true_whitespace","opportunity_score":80.0,"province":"AB","households":246},"geometry":{"type":"Point","coordinates":[-111.93239964802517,54.74854329183274]}},{"type":"Feature","properties":{"h3_id":"8812d0ade9fffff","market_class":"true_whitespace","opportunity_score":64.2,"province":"BC","households":222},"geometry":{"type":"Point","coordinates":[-120.1677221666759,50.65306171338947]}},{"type":"Feature","properties":{"h3_id":"8828d9ca63fffff","market_class":"true_whitespace","opportunity_score":67.4,"province":"BC","households":252},"geometry":{"type":"Point","coordinates":[-125.19056788278954,49.92589152322467]}},{"type":"Feature","properties":{"h3_id":"882b302a5bfffff","market_class":"true_whitespace","opportunity_score":80.7,"province":"QC","households":299},"geometry":{"type":"Point","coordinates":[-64.48425696616684,48.828709808156866]}},{"type":"Feature","properties":{"h3_id":"882b2a8a5bfffff","market_class":"true_whitespace","opportunity_score":77.5,"province":"NS","households":318},"geometry":{"type":"Point","coordinates":[-61.50440588751903,45.438890526593106]}},{"type":"Feature","properties":{"h3_id":"882b9aa4b1fffff","market_class":"proven_market_no_pv","opportunity_score":55.1,"province":"ON","households":221},"geometry":{"type":"Point","coordinates":[-79.52894843871236,43.94434568266029]}},{"type":"Feature","properties":{"h3_id":"882b2a7093fffff","market_class":"true_whitespace","opportunity_score":80.1,"province":"NS","households":344},"geometry":{"type":"Point","coordinates":[-62.255645631058776,44.972841927804986]}},{"type":"Feature","properties":{"h3_id":"88124210a5fffff","market_class":"true_whitespace","opportunity_score":80.3,"province":"SK","households":350},"geometry":{"type":"Point","coordinates":[-108.15639488145692,55.15821788559948]}},{"type":"Feature","properties":{"h3_id":"88135285e7fffff","market_class":"true_whitespace","opportunity_score":74.7,"province":"NT_NU","households":214},"geometry":{"type":"Point","coordinates":[-114.35090521275349,62.46843498150553]}},{"type":"Feature","properties":{"h3_id":"882b8525d9fffff","market_class":"true_whitespace","opportunity_score":70.2,"province":"QC","households":268},"geometry":{"type":"Point","coordinates":[-73.76191905572026,45.896460270816135]}},{"type":"Feature","properties":{"h3_id":"8827a1cf63fffff","market_class":"true_whitespace","opportunity_score":75.7,"province":"SK","households":240},"geometry":{"type":"Point","coordinates":[-104.01431179221333,50.17220156950715]}},{"type":"Feature","properties":{"h3_id":"882b14cb27fffff","market_class":"true_whitespace","opportunity_score":80.3,"province":"QC","households":332},"geometry":{"type":"Point","coordinates":[-67.52913801387217,48.85076678505627]}},{"type":"Feature","properties":{"h3_id":"8827b3b509fffff","market_class":"true_whitespace","opportunity_score":80.2,"province":"SK","households":300},"geometry":{"type":"Point","coordinates":[-108.55849010058364,49.20301383075407]}},{"type":"Feature","properties":{"h3_id":"882b3272b7fffff","market_class":"true_whitespace","opportunity_score":80.5,"province":"QC","households":337},"geometry":{"type":"Point","coordinates":[-66.49399932077652,49.13048025130541]}},{"type":"Feature","properties":{"h3_id":"8827a596c9fffff","market_class":"true_whitespace","opportunity_score":78.3,"province":"SK","households":341},"geometry":{"type":"Point","coordinates":[-102.87991366474907,51.51822480251438]}},{"type":"Feature","properties":{"h3_id":"8812d528a5fffff","market_class":"true_whitespace","opportunity_score":78.1,"province":"BC","households":286},"geometry":{"type":"Point","coordinates":[-119.21013100089137,50.93903541432334]}},{"type":"Feature","properties":{"h3_id":"8812d43b37fffff","market_class":"true_whitespace","opportunity_score":76.1,"province":"BC","households":317},"geometry":{"type":"Point","coordinates":[-120.90311961974426,51.53624120328298]}},{"type":"Feature","properties":{"h3_id":"881aa2b6d7fffff","market_class":"true_whitespace","opportunity_score":75.9,"province":"NL","households":279},"geometry":{"type":"Point","coordinates":[-53.16069187805947,47.43471146416568]}},{"type":"Feature","properties":{"h3_id":"882b140b6dfffff","market_class":"true_whitespace","opportunity_score":79.7,"province":"QC","households":304},"geometry":{"type":"Point","coordinates":[-67.42226697398792,48.46244211142767]}},{"type":"Feature","properties":{"h3_id":"8827a30ab9fffff","market_class":"true_whitespace","opportunity_score":79.7,"province":"SK","households":258},"geometry":{"type":"Point","coordinates":[-105.12303912077448,49.39803319269241]}},{"type":"Feature","properties":{"h3_id":"882bae11e3fffff","market_class":"true_whitespace","opportunity_score":75.8,"province":"QC","households":338},"geometry":{"type":"Point","coordinates":[-72.29768460872332,46.610543097770794]}},{"type":"Feature","properties":{"h3_id":"882baa5893fffff","market_class":"proven_market_no_pv","opportunity_score":53.8,"province":"QC","households":264},"geometry":{"type":"Point","coordinates":[-73.81220705110945,45.705515202539516]}},{"type":"Feature","properties":{"h3_id":"882ab2aae7fffff","market_class":"true_whitespace","opportunity_score":69.3,"province":"ON","households":242},"geometry":{"type":"Point","coordinates":[-82.53185731351743,42.00937093599273]}},{"type":"Feature","properties":{"h3_id":"88125b5a07fffff","market_class":"true_whitespace","opportunity_score":77.1,"province":"SK","households":260},"geometry":{"type":"Point","coordinates":[-108.8293160971959,51.7993744549417]}},{"type":"Feature","properties":{"h3_id":"88121c4885fffff","market_class":"true_whitespace","opportunity_score":79.9,"province":"BC","households":243},"geometry":{"type":"Point","coordinates":[-121.05601348326535,56.950623816703924]}},{"type":"Feature","properties":{"h3_id":"882ba8b15dfffff","market_class":"true_whitespace","opportunity_score":79.8,"province":"QC","households":313},"geometry":{"type":"Point","coordinates":[-70.87126744881209,45.57478139156004]}},{"type":"Feature","properties":{"h3_id":"88125e65b7fffff","market_class":"true_whitespace","opportunity_score":78.8,"province":"SK","households":319},"geometry":{"type":"Point","coordinates":[-109.63042751052024,52.83835070047416]}},{"type":"Feature","properties":{"h3_id":"882ba0c5bdfffff","market_class":"true_whitespace","opportunity_score":74.1,"province":"QC","households":279},"geometry":{"type":"Point","coordinates":[-72.43498754929679,48.668612699507186]}},{"type":"Feature","properties":{"h3_id":"8827034ee1fffff","market_class":"true_whitespace","opportunity_score":69.1,"province":"MB","households":303},"geometry":{"type":"Point","coordinates":[-96.62871466441845,49.66717282938027]}},{"type":"Feature","properties":{"h3_id":"882b1122a3fffff","market_class":"true_whitespace","opportunity_score":76.5,"province":"NB","households":257},"geometry":{"type":"Point","coordinates":[-67.24477781459828,45.99477112477453]}},{"type":"Feature","properties":{"h3_id":"882b2e84d9fffff","market_class":"true_whitespace","opportunity_score":68.5,"province":"NS","households":227},"geometry":{"type":"Point","coordinates":[-60.248136805835095,46.05182005149192]}},{"type":"Feature","properties":{"h3_id":"882b064a3bfffff","market_class":"true_whitespace","opportunity_score":72.9,"province":"NB","households":284},"geometry":{"type":"Point","coordinates":[-65.4976338307272,47.47538693033495]}},{"type":"Feature","properties":{"h3_id":"8812d0a841fffff","market_class":"true_whitespace","opportunity_score":60.4,"province":"BC","households":233},"geometry":{"type":"Point","coordinates":[-120.35407557085331,50.76793385348799]}},{"type":"Feature","properties":{"h3_id":"8812d10989fffff","market_class":"true_whitespace","opportunity_score":64.5,"province":"BC","households":241},"geometry":{"type":"Point","coordinates":[-119.3890864245995,50.18448622135608]}},{"type":"Feature","properties":{"h3_id":"88124e46cdfffff","market_class":"true_whitespace","opportunity_score":79.4,"province":"SK","households":333},"geometry":{"type":"Point","coordinates":[-105.25755685074117,53.771860093816066]}},{"type":"Feature","properties":{"h3_id":"881b9e0429fffff","market_class":"true_whitespace","opportunity_score":79.9,"province":"NL","households":322},"geometry":{"type":"Point","coordinates":[-57.919893415595276,49.59183011788272]}},{"type":"Feature","properties":{"h3_id":"882784d841fffff","market_class":"true_whitespace","opportunity_score":80.0,"province":"SK","households":302},"geometry":{"type":"Point","coordinates":[-107.06448069729304,49.42118391396459]}},{"type":"Feature","properties":{"h3_id":"882baacf39fffff","market_class":"proven_market_no_pv","opportunity_score":55.1,"province":"QC","households":262},"geometry":{"type":"Point","coordinates":[-73.40853306485103,45.84495041638158]}},{"type":"Feature","properties":{"h3_id":"88121b85e3fffff","market_class":"true_whitespace","opportunity_score":76.8,"province":"AB","households":257},"geometry":{"type":"Point","coordinates":[-119.15400191079304,55.404444730027265]}},{"type":"Feature","properties":{"h3_id":"882b9a1813fffff","market_class":"true_whitespace","opportunity_score":74.0,"province":"ON","households":255},"geometry":{"type":"Point","coordinates":[-80.37260647244983,44.335647622419195]}},{"type":"Feature","properties":{"h3_id":"8827103889fffff","market_class":"true_whitespace","opportunity_score":79.6,"province":"MB","households":314},"geometry":{"type":"Point","coordinates":[-100.17199617672007,50.52869114658505]}},{"type":"Feature","properties":{"h3_id":"881aa3c049fffff","market_class":"true_whitespace","opportunity_score":79.1,"province":"NL","households":275},"geometry":{"type":"Point","coordinates":[-52.94458279586758,47.097838153702114]}},{"type":"Feature","properties":{"h3_id":"882ba12ecbfffff","market_class":"proven_market_no_pv","opportunity_score":59.9,"province":"QC","households":251},"geometry":{"type":"Point","coordinates":[-71.38167961364074,46.91541333491493]}},{"type":"Feature","properties":{"h3_id":"882baa51e5fffff","market_class":"proven_market_no_pv","opportunity_score":57.7,"province":"QC","households":232},"geometry":{"type":"Point","coordinates":[-73.71222021474061,45.777453206370545]}},{"type":"Feature","properties":{"h3_id":"882b0348cdfffff","market_class":"true_whitespace","opportunity_score":70.4,"province":"NB","households":247},"geometry":{"type":"Point","coordinates":[-65.81759275321673,45.524289655256865]}},{"type":"Feature","properties":{"h3_id":"881253762bfffff","market_class":"true_whitespace","opportunity_score":73.6,"province":"AB","households":293},"geometry":{"type":"Point","coordinates":[-111.22844445006528,53.659363359899146]}},{"type":"Feature","properties":{"h3_id":"882b985ae5fffff","market_class":"proven_market_no_pv","opportunity_score":62.5,"province":"ON","households":240},"geometry":{"type":"Point","coordinates":[-79.35072830997055,44.580109324188676]}},{"type":"Feature","properties":{"h3_id":"8812eb4043fffff","market_class":"true_whitespace","opportunity_score":73.5,"province":"AB","households":303},"geometry":{"type":"Point","coordinates":[-112.9768061803799,51.112748579640666]}},{"type":"Feature","properties":{"h3_id":"880e6adb27fffff","market_class":"proven_market_no_pv","opportunity_score":70.8,"province":"NL","households":236},"geometry":{"type":"Point","coordinates":[-66.90526305091514,52.935982134674845]}},{"type":"Feature","properties":{"h3_id":"882ba86369fffff","market_class":"true_whitespace","opportunity_score":65.6,"province":"QC","households":256},"geometry":{"type":"Point","coordinates":[-72.0053869434003,45.35610110711363]}},{"type":"Feature","properties":{"h3_id":"88276ca955fffff","market_class":"true_whitespace","opportunity_score":77.8,"province":"ON","households":287},"geometry":{"type":"Point","coordinates":[-81.929299908556,45.89542089795471]}},{"type":"Feature","properties":{"h3_id":"882b1cc339fffff","market_class":"proven_market_no_pv","opportunity_score":63.3,"province":"NB","households":223},"geometry":{"type":"Point","coordinates":[-66.74760504372603,45.91210955590394]}},{"type":"Feature","properties":{"h3_id":"881aa051a1fffff","market_class":"true_whitespace","opportunity_score":76.7,"province":"NL","households":313},"geometry":{"type":"Point","coordinates":[-53.45712162313147,47.770804811476246]}},{"type":"Feature","properties":{"h3_id":"882b3270d5fffff","market_class":"true_whitespace","opportunity_score":80.3,"province":"QC","households":312},"geometry":{"type":"Point","coordinates":[-66.5158901906743,49.1199926885878]}},{"type":"Feature","properties":{"h3_id":"882b9a3401fffff","market_class":"true_whitespace","opportunity_score":63.2,"province":"ON","households":223},"geometry":{"type":"Point","coordinates":[-79.85393698133402,43.86199995445786]}}]}